row_id,product_id,category_id,factor_a_ratio,factor_b_ratio,factor_c_ratio,hydration_ratio,stickiness_score_0_10,oiliness_score_0_10,consistency_index,data_origin,is_empirical_ground_truth
wardah-lightening-day-cream-000,wardah-lightening-day-cream,moisturizing_cream,0.4,0.5333333333333333,0.44000000000000006,1.2087600000000003,3.3484,3.0816666666666666,19220.266666666666,SYNTHETIC_PROTOTYPE_DATA,False
wardah-lightening-day-cream-001,wardah-lightening-day-cream,moisturizing_cream,0.8964866084680073,0.9361648416154447,0.942099754556192,1.6512921804266039,5.36048663514529,4.997192942155772,35048.88772517106,SYNTHETIC_PROTOTYPE_DATA,False
wardah-lightening-day-cream-002,wardah-lightening-day-cream,moisturizing_cream,0.9243523977071534,0.2901963098113479,0.931639974160175,1.25202968574164,3.7216211121727625,3.051438950363612,33385.68756079749,SYNTHETIC_PROTOTYPE_DATA,False
wardah-lightening-day-cream-003,wardah-lightening-day-cream,moisturizing_cream,0.1657147761429199,0.16027657677127108,0.8924977181564508,1.0544806625010072,2.893539870090388,2.3483876605786818,26420.94671326261,SYNTHETIC_PROTOTYPE_DATA,False
wardah-lightening-day-cream-004,wardah-lightening-day-cream,moisturizing_cream,0.5319351029707728,0.17066502469718853,0.7579258602693391,1.0951193173101819,3.007355531191473,2.480286350551798,26341.750141608467,SYNTHETIC_PROTOTYPE_DATA,False
wardah-lightening-day-cream-005,wardah-lightening-day-cream,moisturizing_cream,0.332352058572492,0.07875605110459236,0.25868821868245995,0.8999986866469353,2.1040393436665363,1.710087228708671,13803.117103256473,SYNTHETIC_PROTOTYPE_DATA,False
wardah-lightening-day-cream-006,wardah-lightening-day-cream,moisturizing_cream,0.9241001067375404,0.1059909588555199,0.8816907678393581,1.1268147954086498,3.1829761776339134,2.5251506306537594,31770.24711253389,SYNTHETIC_PROTOTYPE_DATA,False
wardah-lightening-day-cream-007,wardah-lightening-day-cream,moisturizing_cream,0.5566021621796499,0.5180672609189886,0.07944752396681477,1.1439922604362252,2.8545356216779862,2.8332121382125037,11819.511697246251,SYNTHETIC_PROTOTYPE_DATA,False
wardah-lightening-day-cream-008,wardah-lightening-day-cream,moisturizing_cream,0.9589798632971172,0.3326837174961342,0.7781024475493977,1.2563537754086374,3.7102355756139582,3.115040625336024,29989.57626556351,SYNTHETIC_PROTOTYPE_DATA,False
wardah-lightening-day-cream-009,wardah-lightening-day-cream,moisturizing_cream,0.24753506195941397,0.2194850985800363,0.08670203665589321,0.9383442211478487,2.1092802145187317,1.906867501006608,9965.802067785182,SYNTHETIC_PROTOTYPE_DATA,False
wardah-lightening-day-cream-010,wardah-lightening-day-cream,moisturizing_cream,0.36421092514760983,0.8207405830352584,0.514425023753993,1.3833986208990845,4.130464094441346,3.8927508557938193,21459.62711385195,SYNTHETIC_PROTOTYPE_DATA,False
wardah-lightening-day-cream-011,wardah-lightening-day-cream,moisturizing_cream,0.4156462739114202,0.4557558892974266,0.3662408765856461,1.1428950775512245,3.046299814195453,2.8090920296269815,17485.31945564763,SYNTHETIC_PROTOTYPE_DATA,False
wardah-lightening-day-cream-012,wardah-lightening-day-cream,moisturizing_cream,0.37390439521065016,0.4083910094779142,0.10844718283694388,1.0618560648422637,2.591660442505148,2.477929910644548,11466.945604365057,SYNTHETIC_PROTOTYPE_DATA,False
wardah-lightening-day-cream-013,wardah-lightening-day-cream,moisturizing_cream,0.5660292435659842,0.10533610729491336,0.777875906596119,1.0523830329046917,2.872832017457288,2.340646593236145,26643.88460295948,SYNTHETIC_PROTOTYPE_DATA,False
wardah-lightening-day-cream-014,wardah-lightening-day-cream,moisturizing_cream,0.9072578213158421,0.47057638588695566,0.30477520534218566,1.2293671973173232,3.3415907477963107,3.1235402622299215,18788.842929124086,SYNTHETIC_PROTOTYPE_DATA,False
wardah-lightening-day-cream-015,wardah-lightening-day-cream,moisturizing_cream,0.485617534635109,0.3995627642534407,0.15606645381520184,1.0805574240496834,2.7471854770684994,2.5721803986497367,13052.606922178918,SYNTHETIC_PROTOTYPE_DATA,False
wardah-lightening-day-cream-016,wardah-lightening-day-cream,moisturizing_cream,0.7939105641259794,0.4221589632837102,0.9119910747864977,1.3090998204748798,3.9572296033329395,3.4124432421711277,32331.328802441778,SYNTHETIC_PROTOTYPE_DATA,False
wardah-lightening-day-cream-017,wardah-lightening-day-cream,moisturizing_cream,0.254534042633657,0.2964970889516958,0.4599539381418154,1.0539412756066728,2.75056992772755,2.385924703124282,18278.10080678585,SYNTHETIC_PROTOTYPE_DATA,False
wardah-lightening-day-cream-018,wardah-lightening-day-cream,moisturizing_cream,0.861733145064215,0.07849344374040859,0.7000479388028003,1.0824858922145155,2.878726600969092,2.328308149372717,26886.12629524562,SYNTHETIC_PROTOTYPE_DATA,False
wardah-lightening-day-cream-019,wardah-lightening-day-cream,moisturizing_cream,0.5633489424648278,0.2084430945985949,0.5395126634021209,1.0725323508590945,2.7863467197503713,2.414539971026504,21506.481439435716,SYNTHETIC_PROTOTYPE_DATA,False
wardah-lightening-day-cream-020,wardah-lightening-day-cream,moisturizing_cream,0.19653731101599298,0.3966208175543988,0.6219745568445658,1.1394857169186356,3.1474902626930796,2.7935943280069107,21517.188747326298,SYNTHETIC_PROTOTYPE_DATA,False
wardah-lightening-day-cream-021,wardah-lightening-day-cream,moisturizing_cream,0.4251758306409147,0.7758763473176996,0.40995606021825653,1.3408216500617427,3.9146831272484848,3.7231792266516734,19314.158211041988,SYNTHETIC_PROTOTYPE_DATA,False
wardah-lightening-day-cream-022,wardah-lightening-day-cream,moisturizing_cream,0.2298268165312926,0.4216728218986081,0.8236301054557658,1.2046990550053647,3.5075056025171567,2.9837395800840767,26015.723366277656,SYNTHETIC_PROTOTYPE_DATA,False
wardah-lightening-day-cream-023,wardah-lightening-day-cream,moisturizing_cream,0.60730431129203,0.3037128120052801,0.6891509425491161,1.1767486646840342,3.246205017894221,2.780542593021244,25528.249100089593,SYNTHETIC_PROTOTYPE_DATA,False
wardah-lightening-day-cream-024,wardah-lightening-day-cream,moisturizing_cream,0.8067571361781389,0.5370397678402591,0.47292489571145646,1.28145878861849,3.634792680367932,3.3710644909505776,22367.963130564924,SYNTHETIC_PROTOTYPE_DATA,False
wardah-lightening-day-cream-025,wardah-lightening-day-cream,moisturizing_cream,0.5873829664307114,0.522695904429906,0.8031340658131804,1.310731723948315,3.9746842273298166,3.4204637691018203,28512.36414351833,SYNTHETIC_PROTOTYPE_DATA,False
wardah-lightening-day-cream-026,wardah-lightening-day-cream,moisturizing_cream,0.20355804459251506,0.8947316553275751,0.4457367884126481,1.3835779573112457,4.111884030938542,3.9029774965882345,19243.760487911342,SYNTHETIC_PROTOTYPE_DATA,False
wardah-lightening-day-cream-027,wardah-lightening-day-cream,moisturizing_cream,0.42944174199913415,0.38310804145351207,0.15478587493883603,1.0760842088124565,2.6116790354700092,2.4605295366004927,12814.71100058756,SYNTHETIC_PROTOTYPE_DATA,False
wardah-lightening-day-cream-028,wardah-lightening-day-cream,moisturizing_cream,0.4082136157685187,0.9190654597420189,0.2655137911060627,1.383870196694906,4.01134881295083,3.9337948275498498,16383.99471155418,SYNTHETIC_PROTOTYPE_DATA,False
wardah-lightening-day-cream-029,wardah-lightening-day-cream,moisturizing_cream,0.4013794867013292,0.49324142487947825,0.5189548213923065,1.2097899898514672,3.3611539580024057,3.0552834334840444,20872.1657706106,SYNTHETIC_PROTOTYPE_DATA,False
wardah-lightening-day-cream-030,wardah-lightening-day-cream,moisturizing_cream,0.18744774210738616,0.8975236522187053,0.5066096213689588,1.3974002000096641,4.1862277963665,3.937083325924264,20370.79466820805,SYNTHETIC_PROTOTYPE_DATA,False
wardah-lightening-day-cream-031,wardah-lightening-day-cream,moisturizing_cream,0.1630352644871989,0.5643148076486202,0.24304556537641486,1.13321346369014,3.0024739551283504,2.8558159437386905,13813.375312121205,SYNTHETIC_PROTOTYPE_DATA,False
wardah-lightening-day-cream-032,wardah-lightening-day-cream,moisturizing_cream,0.7231766698653598,0.24060853541579355,0.6034711644784361,1.1303995231270876,3.053254418316606,2.5681827615169652,23930.210974000598,SYNTHETIC_PROTOTYPE_DATA,False
wardah-lightening-day-cream-033,wardah-lightening-day-cream,moisturizing_cream,0.24030853261496207,0.5841074058639255,0.9552351611584634,1.3338769629593639,4.122622523547003,3.4743014027285852,29349.565200529232,SYNTHETIC_PROTOTYPE_DATA,False
wardah-lightening-day-cream-034,wardah-lightening-day-cream,moisturizing_cream,0.4400404765858616,0.34601938891696205,0.8999744744144863,1.2133836168083427,3.577737821952395,2.9975915425392343,29172.77291306009,SYNTHETIC_PROTOTYPE_DATA,False
wardah-lightening-day-cream-035,wardah-lightening-day-cream,moisturizing_cream,0.4182145504508336,0.27041940557202915,0.684478967169601,1.1128254834177842,3.0791745317443797,2.5613980148552624,24087.903520566244,SYNTHETIC_PROTOTYPE_DATA,False
wardah-lightening-day-cream-036,wardah-lightening-day-cream,moisturizing_cream,0.2866908419884993,0.8348247669837401,0.7805520875692562,1.4417256875755873,4.551233087649298,4.0526382891443475,26692.563495540802,SYNTHETIC_PROTOTYPE_DATA,False
wardah-lightening-day-cream-037,wardah-lightening-day-cream,moisturizing_cream,0.7316877019666714,0.24504366971758737,0.1576891498438117,1.0426135661028004,2.520556667289321,2.238375362251399,13932.83988285879,SYNTHETIC_PROTOTYPE_DATA,False
wardah-lightening-day-cream-038,wardah-lightening-day-cream,moisturizing_cream,0.5103291408567359,0.13162965895087755,0.6788440092224738,1.051005932352058,2.7822193679129064,2.2237614106382,24230.259798821207,SYNTHETIC_PROTOTYPE_DATA,False
wardah-lightening-day-cream-039,wardah-lightening-day-cream,moisturizing_cream,0.3070392421811555,0.881629142140577,0.9587474890354475,1.5333792411323115,4.901236641650344,4.38255021316141,30835.69814736488,SYNTHETIC_PROTOTYPE_DATA,False
wardah-lightening-day-cream-040,wardah-lightening-day-cream,moisturizing_cream,0.6964371323056929,0.41907309419409605,0.6400741069581111,1.2315250365686052,3.497611613378987,3.1077271322341766,25278.719941608524,SYNTHETIC_PROTOTYPE_DATA,False
wardah-lightening-day-cream-041,wardah-lightening-day-cream,moisturizing_cream,0.7421455292069097,0.40974556836463144,0.7769697604013945,1.2661731627356125,3.713320201997212,3.2478763734753944,28785.852860930085,SYNTHETIC_PROTOTYPE_DATA,False
wardah-lightening-day-cream-042,wardah-lightening-day-cream,moisturizing_cream,0.06836472028920791,0.6548582313067819,0.0667475951924545,1.126899153017583,2.8796483865811084,2.843242872389016,9915.244759490111,SYNTHETIC_PROTOTYPE_DATA,False
wardah-lightening-day-cream-043,wardah-lightening-day-cream,moisturizing_cream,0.6501981343183123,0.288196926359449,0.8057746964174067,1.185562076982935,3.4247667373451867,2.857302445256653,28316.786647301753,SYNTHETIC_PROTOTYPE_DATA,False
wardah-lightening-day-cream-044,wardah-lightening-day-cream,moisturizing_cream,0.045031621810060554,0.5134257016419572,0.6100107047750648,1.1934466723650383,3.364235347078533,2.9368538106848407,20720.637933172056,SYNTHETIC_PROTOTYPE_DATA,False
wardah-lightening-day-cream-045,wardah-lightening-day-cream,moisturizing_cream,0.36427975565450366,0.8478399485304163,0.907763715666524,1.5025936072031265,4.794167859225157,4.232195791316274,29987.777560550294,SYNTHETIC_PROTOTYPE_DATA,False
wardah-lightening-day-cream-046,wardah-lightening-day-cream,moisturizing_cream,0.4394842464803706,0.8569233435141164,0.09971591464754319,1.307059712671413,3.5482822598218537,3.696532528056676,12831.545579210411,SYNTHETIC_PROTOTYPE_DATA,False
wardah-lightening-day-cream-047,wardah-lightening-day-cream,moisturizing_cream,0.7813789246670202,0.15113881751039163,0.6623589032193021,1.1094890301372722,2.9823775035415645,2.4428266731991637,25719.37223101886,SYNTHETIC_PROTOTYPE_DATA,False
wardah-lightening-day-cream-048,wardah-lightening-day-cream,moisturizing_cream,0.35243064234200805,0.42557725059735,0.9284877660993458,1.258578582963473,3.7266753610271386,3.1509654181355846,29313.63288054815,SYNTHETIC_PROTOTYPE_DATA,False
wardah-lightening-day-cream-049,wardah-lightening-day-cream,moisturizing_cream,0.47615882495082135,0.6159268456666616,0.7728395012837347,1.3478201971362065,4.135440271072634,3.637000228109899,27175.20975997898,SYNTHETIC_PROTOTYPE_DATA,False
wardah-lightening-day-cream-050,wardah-lightening-day-cream,moisturizing_cream,0.6817961707286975,0.40931155041536493,0.25276525832977376,1.1355632899165673,2.9804617553493182,2.754418734099154,16281.146794679562,SYNTHETIC_PROTOTYPE_DATA,False
wardah-lightening-day-cream-051,wardah-lightening-day-cream,moisturizing_cream,0.8826697953418841,0.6701227573149343,0.7378127666077768,1.4211155447631734,4.379375327361667,4.003598377525262,29388.99096409043,SYNTHETIC_PROTOTYPE_DATA,False
wardah-lightening-day-cream-052,wardah-lightening-day-cream,moisturizing_cream,0.36912547844615584,0.29233553311534727,0.5277640849211928,1.083957189744298,2.8715101712069138,2.5096162840738603,20341.291301079513,SYNTHETIC_PROTOTYPE_DATA,False
wardah-lightening-day-cream-053,wardah-lightening-day-cream,moisturizing_cream,0.9414372293501363,0.1907486867079392,0.4750428466701068,1.1134225416084969,2.907016718305212,2.468376523794988,22394.20113893754,SYNTHETIC_PROTOTYPE_DATA,False
wardah-lightening-day-cream-054,wardah-lightening-day-cream,moisturizing_cream,0.6092210511981953,0.8740097083054333,0.4922053998208156,1.4525294412802194,4.318233632247591,4.193455091013612,22521.73927535873,SYNTHETIC_PROTOTYPE_DATA,False
wardah-lightening-day-cream-055,wardah-lightening-day-cream,moisturizing_cream,0.6203623990202313,0.16329918422881823,0.7616294620767093,1.093754009688989,2.9824372666347525,2.480843470578867,26776.280664833877,SYNTHETIC_PROTOTYPE_DATA,False
wardah-lightening-day-cream-056,wardah-lightening-day-cream,moisturizing_cream,0.8079347058858054,0.3089179779227034,0.8290741996600247,1.2185605826299548,3.5871039869191987,3.0400564045507,30149.682098723926,SYNTHETIC_PROTOTYPE_DATA,False
wardah-lightening-day-cream-057,wardah-lightening-day-cream,moisturizing_cream,0.7502971704571445,0.7335182793475243,0.8351654847554488,1.4756860466060604,4.656081357997069,4.132409314988324,30814.776356279574,SYNTHETIC_PROTOTYPE_DATA,False
wardah-lightening-day-cream-058,wardah-lightening-day-cream,moisturizing_cream,0.7265578398797767,0.8137832909029367,0.5759458057418078,1.4482466122146205,4.37336618406246,4.183981041803795,24910.28970026515,SYNTHETIC_PROTOTYPE_DATA,False
wardah-lightening-day-cream-059,wardah-lightening-day-cream,moisturizing_cream,0.41391576492486387,0.4478715263620174,0.42849887746666576,1.1599591880275326,3.0997782680640227,2.835999364841381,18788.570431587337,SYNTHETIC_PROTOTYPE_DATA,False
wardah-lightening-day-cream-060,wardah-lightening-day-cream,moisturizing_cream,0.7428008385869881,0.7569703737592317,0.47692187127560887,1.4013383698256046,4.096125715674828,3.966094907165179,22690.79533701704,SYNTHETIC_PROTOTYPE_DATA,False
wardah-lightening-day-cream-061,wardah-lightening-day-cream,moisturizing_cream,0.07389544495056823,0.8704337776576433,0.4627769018496093,1.357079150603563,3.9781164312284822,3.754564212412072,18690.538061887404,SYNTHETIC_PROTOTYPE_DATA,False
wardah-lightening-day-cream-062,wardah-lightening-day-cream,moisturizing_cream,0.902448556189003,0.4984955440408522,0.3265077417966864,1.2376462250649016,3.368413969474251,3.235584886352099,19333.666222081258,SYNTHETIC_PROTOTYPE_DATA,False
wardah-lightening-day-cream-063,wardah-lightening-day-cream,moisturizing_cream,0.3311126661066402,0.3535281203189684,0.5985601851924114,1.1360287001241072,3.086804395933056,2.7307977923789886,21879.76742496998,SYNTHETIC_PROTOTYPE_DATA,False
wardah-lightening-day-cream-064,wardah-lightening-day-cream,moisturizing_cream,0.18313049723710872,0.47517692414864243,0.3899062305950377,1.1357234420755662,3.0433738356603186,2.7043503261035253,16933.857259583096,SYNTHETIC_PROTOTYPE_DATA,False
wardah-lightening-day-cream-065,wardah-lightening-day-cream,moisturizing_cream,0.8601638188254636,0.9018990386648997,0.7250258295512432,1.5596805948309982,4.913696873959288,4.668593711089433,29488.049581531846,SYNTHETIC_PROTOTYPE_DATA,False
wardah-lightening-day-cream-066,wardah-lightening-day-cream,moisturizing_cream,0.27855030768602845,0.1458658876171151,0.148818070572683,0.9173593003421615,2.041951638497118,1.7668364482146424,11294.778897535421,SYNTHETIC_PROTOTYPE_DATA,False
wardah-lightening-day-cream-067,wardah-lightening-day-cream,moisturizing_cream,0.7251221821292981,0.8135669701937117,0.09537666393256139,1.341701364945332,3.632785244616722,3.782680567163916,13829.553293717789,SYNTHETIC_PROTOTYPE_DATA,False
wardah-lightening-day-cream-068,wardah-lightening-day-cream,moisturizing_cream,0.896874508711678,0.26584864512162776,0.06161412476433316,1.0716265968113916,2.546860998906135,2.337091079004231,12422.019625970137,SYNTHETIC_PROTOTYPE_DATA,False
wardah-lightening-day-cream-069,wardah-lightening-day-cream,moisturizing_cream,0.11847044003246707,0.3663187941623982,0.21441146924265841,1.017460139553895,2.487092394194699,2.3009543087547364,12373.724376846942,SYNTHETIC_PROTOTYPE_DATA,False
wardah-lightening-day-cream-070,wardah-lightening-day-cream,moisturizing_cream,0.3543542287531691,0.6982197090108606,0.9227352391774948,1.4168849392071483,4.4507895378605875,3.861537965915833,29883.42136888082,SYNTHETIC_PROTOTYPE_DATA,False
wardah-lightening-day-cream-071,wardah-lightening-day-cream,moisturizing_cream,0.5806577254442816,0.7707525932145299,0.7876590558217157,1.4633448773636093,4.536489981171049,4.164228171744277,28711.340574383947,SYNTHETIC_PROTOTYPE_DATA,False
wardah-lightening-day-cream-072,wardah-lightening-day-cream,moisturizing_cream,0.3467247041533373,0.506886122430164,0.8347397719029744,1.2902767618928463,3.813649366227613,3.273802285316279,27354.267292740948,SYNTHETIC_PROTOTYPE_DATA,False
wardah-lightening-day-cream-073,wardah-lightening-day-cream,moisturizing_cream,0.7700524415250376,0.4892339827522459,0.25066591107680913,1.1982761715060286,3.2055802741687947,3.069990221505106,16825.95288113524,SYNTHETIC_PROTOTYPE_DATA,False
wardah-lightening-day-cream-074,wardah-lightening-day-cream,moisturizing_cream,0.4709141976779906,0.7620079453837703,0.6754583644653572,1.411668241868837,4.247068966562629,3.917047442394933,25388.045716421107,SYNTHETIC_PROTOTYPE_DATA,False
wardah-lightening-day-cream-075,wardah-lightening-day-cream,moisturizing_cream,0.7603426959590014,0.23117285316688008,0.3770247337033349,1.092556345930806,2.7852530821135026,2.411915487219916,18973.908376282525,SYNTHETIC_PROTOTYPE_DATA,False
wardah-lightening-day-cream-076,wardah-lightening-day-cream,moisturizing_cream,0.6464728656360914,0.742325934865496,0.18199430746177256,1.3111279112451306,3.570367324548695,3.5719305621736597,15268.872019507759,SYNTHETIC_PROTOTYPE_DATA,False
wardah-lightening-day-cream-077,wardah-lightening-day-cream,moisturizing_cream,0.9538169729062669,0.2513894191075806,0.6376854437445106,1.1684657058023609,3.223629357715315,2.7723014787440636,26403.316836121136,SYNTHETIC_PROTOTYPE_DATA,False
wardah-lightening-day-cream-078,wardah-lightening-day-cream,moisturizing_cream,0.16891869969781595,0.560760195037307,0.7594816392973046,1.2684468598619338,3.7544459785041524,3.32124579945431,24776.32789290714,SYNTHETIC_PROTOTYPE_DATA,False
wardah-lightening-day-cream-079,wardah-lightening-day-cream,moisturizing_cream,0.07915427326654079,0.34970178935751467,0.5865228277368013,1.1015225330446081,2.930469005276572,2.5233193849035755,20005.54230057312,SYNTHETIC_PROTOTYPE_DATA,False
wardah-lightening-day-cream-080,wardah-lightening-day-cream,moisturizing_cream,0.5582242113828865,0.6369635407087845,0.6871076548867048,1.3447364036700575,4.050900030989769,3.6338364510568564,25935.04779771797,SYNTHETIC_PROTOTYPE_DATA,False
wardah-lightening-day-cream-081,wardah-lightening-day-cream,moisturizing_cream,0.867917684022768,0.5798636302533534,0.5290129690769295,1.3308397380012067,3.8368795059732483,3.548078320106323,24133.481178742175,SYNTHETIC_PROTOTYPE_DATA,False
wardah-lightening-day-cream-082,wardah-lightening-day-cream,moisturizing_cream,0.8357189122467013,0.5720645913978925,0.09204295080900778,1.2305190671463637,3.1747944653429507,3.199048564791636,13584.140669858314,SYNTHETIC_PROTOTYPE_DATA,False
wardah-lightening-day-cream-083,wardah-lightening-day-cream,moisturizing_cream,0.39988331944510497,0.5544197011814844,0.3693048820669139,1.208513073739956,3.266045920981184,3.0599328129811942,17746.264583045595,SYNTHETIC_PROTOTYPE_DATA,False
wardah-lightening-day-cream-084,wardah-lightening-day-cream,moisturizing_cream,0.4653475848935833,0.8896530786130462,0.28431415099449003,1.3801898645463542,3.9002697183792727,3.965750321428389,17117.879105636028,SYNTHETIC_PROTOTYPE_DATA,False
wardah-lightening-day-cream-085,wardah-lightening-day-cream,moisturizing_cream,0.49403425769741427,0.8760603403671567,0.12020637621943772,1.3247520145594418,3.640503345143265,3.8202485466790637,13623.586590448254,SYNTHETIC_PROTOTYPE_DATA,False
wardah-lightening-day-cream-086,wardah-lightening-day-cream,moisturizing_cream,0.7960097019702873,0.30729147576692856,0.15107811441148072,1.0907599532332153,2.635245527008508,2.4184216499425193,14128.996808725466,SYNTHETIC_PROTOTYPE_DATA,False
wardah-lightening-day-cream-087,wardah-lightening-day-cream,moisturizing_cream,0.19614359913073656,0.5568763973136129,0.5292584470409343,1.2105038783714568,3.439245463175182,3.1132679406196164,19979.159310610085,SYNTHETIC_PROTOTYPE_DATA,False
wardah-lightening-day-cream-088,wardah-lightening-day-cream,moisturizing_cream,0.25124839904736435,0.42415181858574974,0.0424262358151254,1.0356909861756813,2.438864148547203,2.3553400487152985,9637.475128478845,SYNTHETIC_PROTOTYPE_DATA,False
wardah-lightening-day-cream-089,wardah-lightening-day-cream,moisturizing_cream,0.6913867632149109,0.41904199387171515,0.4092627903554196,1.1830048421449089,3.2477559749944795,2.970288156166139,19864.204318274176,SYNTHETIC_PROTOTYPE_DATA,False
wardah-lightening-day-cream-090,wardah-lightening-day-cream,moisturizing_cream,0.4999101743680216,0.9106034861605783,0.7317347735590808,1.5233639170998479,4.770177973075389,4.335747647052208,27222.40957456157,SYNTHETIC_PROTOTYPE_DATA,False
wardah-lightening-day-cream-091,wardah-lightening-day-cream,moisturizing_cream,0.6164378188347841,0.21591618561492104,0.8146246338456097,1.1472270426312543,3.2321153152349926,2.6820995238914804,28119.99571170144,SYNTHETIC_PROTOTYPE_DATA,False
wardah-lightening-day-cream-092,wardah-lightening-day-cream,moisturizing_cream,0.8561627865946894,0.5594659345182074,0.5225345813366743,1.3112808707063497,3.730060246653886,3.4906897467593914,23806.001399360233,SYNTHETIC_PROTOTYPE_DATA,False
wardah-lightening-day-cream-093,wardah-lightening-day-cream,moisturizing_cream,0.05623970726969002,0.14866350667806144,0.1296694241145714,0.8777593418860463,1.893290912195158,1.672865323207681,9891.092332931437,SYNTHETIC_PROTOTYPE_DATA,False
wardah-lightening-day-cream-094,wardah-lightening-day-cream,moisturizing_cream,0.33604742266714704,0.4729711394617861,0.46273875472300824,1.1600511500876,3.202903547454383,2.912276631339629,19162.439817559705,SYNTHETIC_PROTOTYPE_DATA,False
wardah-lightening-day-cream-095,wardah-lightening-day-cream,moisturizing_cream,0.2478708378253011,0.20116552190988957,0.6154167294350552,1.039060320883206,2.6698326040623903,2.300018427205707,21208.42719905437,SYNTHETIC_PROTOTYPE_DATA,False
emina-bright-stuff-moisturizing-cream-000,emina-bright-stuff-moisturizing-cream,moisturizing_cream,0.352,0.4693333333333333,0.3872,1.2025741439999997,3.20096256,2.792729066666667,17681.926506666667,SYNTHETIC_PROTOTYPE_DATA,False
emina-bright-stuff-moisturizing-cream-001,emina-bright-stuff-moisturizing-cream,moisturizing_cream,0.15625213963582268,0.16835006558984086,0.46690305155246203,1.021551250807649,2.5585750821835633,1.9936991609625172,17483.7680815362,SYNTHETIC_PROTOTYPE_DATA,False
emina-bright-stuff-moisturizing-cream-002,emina-bright-stuff-moisturizing-cream,moisturizing_cream,0.23769626379739411,0.3266885414673233,0.45388241560821774,1.1190491808477583,2.9490643455445085,2.3744885544548757,18205.248730701853,SYNTHETIC_PROTOTYPE_DATA,False
emina-bright-stuff-moisturizing-cream-003,emina-bright-stuff-moisturizing-cream,moisturizing_cream,0.31375857056042733,0.6436027543148058,0.20919402281671567,1.2467090663665754,3.253708553087957,3.120479315598975,14038.335743035923,SYNTHETIC_PROTOTYPE_DATA,False
emina-bright-stuff-moisturizing-cream-004,emina-bright-stuff-moisturizing-cream,moisturizing_cream,0.43322522544830017,0.4936936925452958,0.6115348970210379,1.2873746649029278,3.6151934222847943,3.1062769968710247,23047.65572762074,SYNTHETIC_PROTOTYPE_DATA,False
emina-bright-stuff-moisturizing-cream-005,emina-bright-stuff-moisturizing-cream,moisturizing_cream,0.8926209969877335,0.9359433389059992,0.0510489516203685,1.4619385393598663,3.980285508191408,4.185518502459337,13985.745008230906,SYNTHETIC_PROTOTYPE_DATA,False
emina-bright-stuff-moisturizing-cream-006,emina-bright-stuff-moisturizing-cream,moisturizing_cream,0.739956428920614,0.6237801680233619,0.3151775577975473,1.3364594387492124,3.6369709499437386,3.3696429879857543,18497.50034222628,SYNTHETIC_PROTOTYPE_DATA,False
emina-bright-stuff-moisturizing-cream-007,emina-bright-stuff-moisturizing-cream,moisturizing_cream,0.6281108306121864,0.6550056817323725,0.83336959438923,1.443850766491004,4.448050970567289,3.889811563752741,29772.267258357533,SYNTHETIC_PROTOTYPE_DATA,False
emina-bright-stuff-moisturizing-cream-008,emina-bright-stuff-moisturizing-cream,moisturizing_cream,0.7904226340160583,0.044013367315939904,0.503823477582566,1.062114991596262,2.649740182515503,1.9529719870825613,21855.81819836976,SYNTHETIC_PROTOTYPE_DATA,False
emina-bright-stuff-moisturizing-cream-009,emina-bright-stuff-moisturizing-cream,moisturizing_cream,0.08421027024425042,0.8802081011323619,0.9194877983064992,1.5416103741797902,4.806536198223295,4.089724950448683,28283.122034959168,SYNTHETIC_PROTOTYPE_DATA,False
emina-bright-stuff-moisturizing-cream-010,emina-bright-stuff-moisturizing-cream,moisturizing_cream,0.37017746946010865,0.8239751628873229,0.17443539251278128,1.3485867257928208,3.6849784539064547,3.585848921400308,14086.43945757121,SYNTHETIC_PROTOTYPE_DATA,False
emina-bright-stuff-moisturizing-cream-011,emina-bright-stuff-moisturizing-cream,moisturizing_cream,0.24204177611333158,0.13741197839580238,0.18214472559244915,0.9480964935759795,2.1669995342580988,1.6889588200068113,11910.556855481484,SYNTHETIC_PROTOTYPE_DATA,False
emina-bright-stuff-moisturizing-cream-012,emina-bright-stuff-moisturizing-cream,moisturizing_cream,0.12398209817267791,0.1562825186913999,0.6149000738624489,1.0325516301419815,2.6571407158177265,2.065981116401373,20414.776113222746,SYNTHETIC_PROTOTYPE_DATA,False
emina-bright-stuff-moisturizing-cream-013,emina-bright-stuff-moisturizing-cream,moisturizing_cream,0.8372478643007122,0.04935244668143869,0.6856517262414453,1.087256245937699,2.8304029915096276,2.1139104761756493,26358.392238385317,SYNTHETIC_PROTOTYPE_DATA,False
emina-bright-stuff-moisturizing-cream-014,emina-bright-stuff-moisturizing-cream,moisturizing_cream,0.6940415741882456,0.9510844602490565,0.08588726108671445,1.4510329806661346,4.000205566796216,4.086056128763178,13948.519133190144,SYNTHETIC_PROTOTYPE_DATA,False
emina-bright-stuff-moisturizing-cream-015,emina-bright-stuff-moisturizing-cream,moisturizing_cream,0.09533476531187009,0.6621206902762589,0.26682793948805533,1.243530509001808,3.3126061609434165,3.021207980960579,14097.048810993556,SYNTHETIC_PROTOTYPE_DATA,False
emina-bright-stuff-moisturizing-cream-016,emina-bright-stuff-moisturizing-cream,moisturizing_cream,0.5043389214974282,0.5140173876314434,0.9058173980003635,1.3705863789670667,4.124639072748717,3.410238686733323,30141.246354899842,SYNTHETIC_PROTOTYPE_DATA,False
emina-bright-stuff-moisturizing-cream-017,emina-bright-stuff-moisturizing-cream,moisturizing_cream,0.3877245054491432,0.6122824803960756,0.19766979549117855,1.2345103989636528,3.2767607701590364,2.981924797631739,14111.374160301753,SYNTHETIC_PROTOTYPE_DATA,False
emina-bright-stuff-moisturizing-cream-018,emina-bright-stuff-moisturizing-cream,moisturizing_cream,0.3979651597374152,0.04441866653175696,0.45334885823200766,0.9845824876388286,2.3422377648196533,1.7142021271682804,18255.937805586123,SYNTHETIC_PROTOTYPE_DATA,False
emina-bright-stuff-moisturizing-cream-019,emina-bright-stuff-moisturizing-cream,moisturizing_cream,0.16271516870594738,0.534921925229283,0.3852762873085124,1.200704913825158,3.227913946334382,2.831887714718795,16712.56985560487,SYNTHETIC_PROTOTYPE_DATA,False
emina-bright-stuff-moisturizing-cream-020,emina-bright-stuff-moisturizing-cream,moisturizing_cream,0.07352761134944891,0.35946025561773315,0.9287679274142239,1.2284644081193712,3.5318757039560107,2.739432608099288,27062.860850433644,SYNTHETIC_PROTOTYPE_DATA,False
emina-bright-stuff-moisturizing-cream-021,emina-bright-stuff-moisturizing-cream,moisturizing_cream,0.7738225396100202,0.06661383555121658,0.10442310040457398,0.9986631888055285,2.2130953840641503,1.7131369225620379,12461.486870044393,SYNTHETIC_PROTOTYPE_DATA,False
emina-bright-stuff-moisturizing-cream-022,emina-bright-stuff-moisturizing-cream,moisturizing_cream,0.31446486293462395,0.06459149079165329,0.5541295292498548,1.00852364033918,2.4983674683996613,1.8213581879476284,19893.02264670209,SYNTHETIC_PROTOTYPE_DATA,False
emina-bright-stuff-moisturizing-cream-023,emina-bright-stuff-moisturizing-cream,moisturizing_cream,0.7483842345807623,0.8021674651646135,0.8475581946288202,1.5677904479355902,4.882841152577265,4.353118617397195,31485.033845408245,SYNTHETIC_PROTOTYPE_DATA,False
emina-bright-stuff-moisturizing-cream-024,emina-bright-stuff-moisturizing-cream,moisturizing_cream,0.8215992006072135,0.6098596651084468,0.8460684257712777,1.477103761196156,4.469398414580912,3.821366906443379,31535.26306719763,SYNTHETIC_PROTOTYPE_DATA,False
emina-bright-stuff-moisturizing-cream-025,emina-bright-stuff-moisturizing-cream,moisturizing_cream,0.5886815545642513,0.6711510193712564,0.8583173665694673,1.4741248895092307,4.487458828520278,3.862982053616981,30176.08232739046,SYNTHETIC_PROTOTYPE_DATA,False
emina-bright-stuff-moisturizing-cream-026,emina-bright-stuff-moisturizing-cream,moisturizing_cream,0.8470412377739818,0.129686155284225,0.35542997062080683,1.0884420254884366,2.6621447692581737,2.039255989544551,18648.5275357137,SYNTHETIC_PROTOTYPE_DATA,False
emina-bright-stuff-moisturizing-cream-027,emina-bright-stuff-moisturizing-cream,moisturizing_cream,0.38925543277863395,0.807181578591714,0.40979489762445104,1.4040510371501453,4.000199179969624,3.7413540771651994,19172.447347013735,SYNTHETIC_PROTOTYPE_DATA,False
emina-bright-stuff-moisturizing-cream-028,emina-bright-stuff-moisturizing-cream,moisturizing_cream,0.5269138211640656,0.448893307586176,0.36106918225813744,1.2201265597988937,3.236111089365232,2.845845946120559,17968.602023730407,SYNTHETIC_PROTOTYPE_DATA,False
emina-bright-stuff-moisturizing-cream-029,emina-bright-stuff-moisturizing-cream,moisturizing_cream,0.054434850336136806,0.3824130793903036,0.8154892453580561,1.2046197655217323,3.4553174452909072,2.762573298110548,24714.4926333868,SYNTHETIC_PROTOTYPE_DATA,False
emina-bright-stuff-moisturizing-cream-030,emina-bright-stuff-moisturizing-cream,moisturizing_cream,0.6279173594715527,0.890859907909687,0.1594139809005294,1.4230160103229255,3.9096178842511873,3.92158806502815,15130.33229764159,SYNTHETIC_PROTOTYPE_DATA,False
emina-bright-stuff-moisturizing-cream-031,emina-bright-stuff-moisturizing-cream,moisturizing_cream,0.8016762947808884,0.059229420097443204,0.5364935264129954,1.0780202394020093,2.725474620600182,2.021064356641006,22705.712031316536,SYNTHETIC_PROTOTYPE_DATA,False
emina-bright-stuff-moisturizing-cream-032,emina-bright-stuff-moisturizing-cream,moisturizing_cream,0.14093148358648805,0.9187380950959332,0.7906314921518705,1.5427374713220052,4.763159181367577,4.133580379760009,26195.90640233422,SYNTHETIC_PROTOTYPE_DATA,False
emina-bright-stuff-moisturizing-cream-033,emina-bright-stuff-moisturizing-cream,moisturizing_cream,0.32657136767899864,0.6983531658951837,0.5186121086101138,1.3622870979894182,3.889590008648364,3.4947497761215747,20977.74625261127,SYNTHETIC_PROTOTYPE_DATA,False
emina-bright-stuff-moisturizing-cream-034,emina-bright-stuff-moisturizing-cream,moisturizing_cream,0.167909310974949,0.25447768595865666,0.8946863287325437,1.1595191496211772,3.2768991457074383,2.5405377323616287,26811.814692511532,SYNTHETIC_PROTOTYPE_DATA,False
emina-bright-stuff-moisturizing-cream-035,emina-bright-stuff-moisturizing-cream,moisturizing_cream,0.1200095213487494,0.8925378839970409,0.08641059175992968,1.3070077157669633,3.5569573839047552,3.5012257292713076,11254.493129462302,SYNTHETIC_PROTOTYPE_DATA,False
emina-bright-stuff-moisturizing-cream-036,emina-bright-stuff-moisturizing-cream,moisturizing_cream,0.28405948978398815,0.2937836843489956,0.236951376638041,1.0610438426437698,2.5659667995088973,2.2138616325588862,13564.237522564681,SYNTHETIC_PROTOTYPE_DATA,False
emina-bright-stuff-moisturizing-cream-037,emina-bright-stuff-moisturizing-cream,moisturizing_cream,0.895713882658753,0.9087577211326944,0.26864527448315173,1.5248338466980191,4.3284543355638885,4.2733910496189065,19131.00500434939,SYNTHETIC_PROTOTYPE_DATA,False
emina-bright-stuff-moisturizing-cream-038,emina-bright-stuff-moisturizing-cream,moisturizing_cream,0.5865821012819495,0.2764107177361515,0.5011628027984784,1.1486534981755423,3.0267266106139252,2.5343200889348267,21046.066667543495,SYNTHETIC_PROTOTYPE_DATA,False
emina-bright-stuff-moisturizing-cream-039,emina-bright-stuff-moisturizing-cream,moisturizing_cream,0.3277257856079787,0.6936962407329847,0.7085070087367896,1.4037919635120264,4.193729121397416,3.6066463744497175,25142.49315979837,SYNTHETIC_PROTOTYPE_DATA,False
emina-bright-stuff-moisturizing-cream-040,emina-bright-stuff-moisturizing-cream,moisturizing_cream,0.06919165917720277,0.23993577190642287,0.4880511067039483,1.0424436420957643,2.6809117420194326,2.1033037172206295,17640.506049620562,SYNTHETIC_PROTOTYPE_DATA,False
emina-bright-stuff-moisturizing-cream-041,emina-bright-stuff-moisturizing-cream,moisturizing_cream,0.09712018934115435,0.8883807518307849,0.4326033497853303,1.408204041820367,4.076452352143149,3.7421902498305752,18345.30825589688,SYNTHETIC_PROTOTYPE_DATA,False
emina-bright-stuff-moisturizing-cream-042,emina-bright-stuff-moisturizing-cream,moisturizing_cream,0.30426604093973014,0.876683787105986,0.19458632212216945,1.3634337270031185,3.7797611605640555,3.650626608965363,14247.425627748811,SYNTHETIC_PROTOTYPE_DATA,False
emina-bright-stuff-moisturizing-cream-043,emina-bright-stuff-moisturizing-cream,moisturizing_cream,0.7441044735428467,0.5907413157476288,0.282160729685335,1.3044943355601295,3.554806005763248,3.2670260759522276,17701.343391143484,SYNTHETIC_PROTOTYPE_DATA,False
emina-bright-stuff-moisturizing-cream-044,emina-bright-stuff-moisturizing-cream,moisturizing_cream,0.5645659220106676,0.6177606554204753,0.5861695602201865,1.3629673430360845,3.946466366278355,3.5202746292938527,23844.449582647943,SYNTHETIC_PROTOTYPE_DATA,False
emina-bright-stuff-moisturizing-cream-045,emina-bright-stuff-moisturizing-cream,moisturizing_cream,0.5965437665815775,0.19124545057720096,0.8809122230135527,1.1843716889786604,3.293199568484855,2.5619127744430275,29486.231418255713,SYNTHETIC_PROTOTYPE_DATA,False
emina-bright-stuff-moisturizing-cream-046,emina-bright-stuff-moisturizing-cream,moisturizing_cream,0.5574708403611349,0.09112766354556066,0.7787232726827694,1.0972577692044239,2.9556033978701217,2.2580673793160737,26730.594702812054,SYNTHETIC_PROTOTYPE_DATA,False
emina-bright-stuff-moisturizing-cream-047,emina-bright-stuff-moisturizing-cream,moisturizing_cream,0.7411093669763198,0.2717313779688089,0.9035894964752739,1.2550322554466793,3.6762711689859633,2.8528127236070673,31281.47938087201,SYNTHETIC_PROTOTYPE_DATA,False
emina-bright-stuff-moisturizing-cream-048,emina-bright-stuff-moisturizing-cream,moisturizing_cream,0.8636108497743097,0.5100809050612375,0.6981011005099497,1.3784977430156449,4.005272854126921,3.4305752375801983,28110.686738679382,SYNTHETIC_PROTOTYPE_DATA,False
emina-bright-stuff-moisturizing-cream-049,emina-bright-stuff-moisturizing-cream,moisturizing_cream,0.6911489648068292,0.16440048939183774,0.13472359456373284,1.0467509731456963,2.375992160483756,1.9140811828855786,12935.60664656565,SYNTHETIC_PROTOTYPE_DATA,False
emina-bright-stuff-moisturizing-cream-050,emina-bright-stuff-moisturizing-cream,moisturizing_cream,0.05560398809601509,0.16447303227892524,0.07254399233412775,0.9155838783613223,1.9774648950725677,1.5851443427449983,8675.627990259436,SYNTHETIC_PROTOTYPE_DATA,False
emina-bright-stuff-moisturizing-cream-051,emina-bright-stuff-moisturizing-cream,moisturizing_cream,0.27734794136178575,0.3633492820660003,0.6018820071920977,1.1806066629748395,3.185813278209029,2.678939068094694,21643.358250127858,SYNTHETIC_PROTOTYPE_DATA,False
emina-bright-stuff-moisturizing-cream-052,emina-bright-stuff-moisturizing-cream,moisturizing_cream,0.18456444339195155,0.40309522170107287,0.22069165473548083,1.1024979259427192,2.721210739793222,2.3593560839038497,13099.023533775753,SYNTHETIC_PROTOTYPE_DATA,False
emina-bright-stuff-moisturizing-cream-053,emina-bright-stuff-moisturizing-cream,moisturizing_cream,0.6759188491036722,0.38149468490740057,0.4749320202738525,1.2224316486232856,3.2904889581163714,2.811747268127475,21269.217698184588,SYNTHETIC_PROTOTYPE_DATA,False
emina-bright-stuff-moisturizing-cream-054,emina-bright-stuff-moisturizing-cream,moisturizing_cream,0.4842637949839049,0.04478022727415468,0.5415453919144081,1.0126091846654754,2.4883106898674496,1.870139568784866,20678.4473417369,SYNTHETIC_PROTOTYPE_DATA,False
emina-bright-stuff-moisturizing-cream-055,emina-bright-stuff-moisturizing-cream,moisturizing_cream,0.2724593846385164,0.23859132214267323,0.17995345704694093,1.0205527162116674,2.3489982302099754,2.003320314540502,12129.020176487831,SYNTHETIC_PROTOTYPE_DATA,False
emina-bright-stuff-moisturizing-cream-056,emina-bright-stuff-moisturizing-cream,moisturizing_cream,0.4999589023158669,0.7259862625891688,0.43535876949668745,1.3703125832747836,3.9207196085229272,3.5949737920411367,20227.69956712176,SYNTHETIC_PROTOTYPE_DATA,False
emina-bright-stuff-moisturizing-cream-057,emina-bright-stuff-moisturizing-cream,moisturizing_cream,0.5303409925456289,0.4130541814918949,0.09654707369510676,1.1358128132255965,2.7891025965067437,2.5190277040550577,11969.937616515808,SYNTHETIC_PROTOTYPE_DATA,False
emina-bright-stuff-moisturizing-cream-058,emina-bright-stuff-moisturizing-cream,moisturizing_cream,0.7639140603520277,0.7782859019141446,0.5423728723317768,1.4749947739972324,4.367349354526369,4.048728877945205,24504.659378520297,SYNTHETIC_PROTOTYPE_DATA,False
emina-bright-stuff-moisturizing-cream-059,emina-bright-stuff-moisturizing-cream,moisturizing_cream,0.34971676102984717,0.3757983482476785,0.2947562288218222,1.1303053655671211,2.898361032259035,2.4638592735357014,15456.12429373674,SYNTHETIC_PROTOTYPE_DATA,False
emina-bright-stuff-moisturizing-cream-060,emina-bright-stuff-moisturizing-cream,moisturizing_cream,0.5411043120981575,0.37221904630594055,0.44705717822077057,1.1960253828313618,3.157032481637672,2.7106359912237328,19904.668722179442,SYNTHETIC_PROTOTYPE_DATA,False
emina-bright-stuff-moisturizing-cream-061,emina-bright-stuff-moisturizing-cream,moisturizing_cream,0.22163894269497436,0.37218747121782586,0.6190398863427083,1.1830320833553418,3.2266357937965036,2.639449227840619,21519.14131126096,SYNTHETIC_PROTOTYPE_DATA,False
emina-bright-stuff-moisturizing-cream-062,emina-bright-stuff-moisturizing-cream,moisturizing_cream,0.7440052147568232,0.5345172785631551,0.817186676201926,1.382640615646992,4.239770512513538,3.498622504424477,30006.419215166177,SYNTHETIC_PROTOTYPE_DATA,False
emina-bright-stuff-moisturizing-cream-063,emina-bright-stuff-moisturizing-cream,moisturizing_cream,0.35454933384171966,0.21850506326080657,0.3416879147047078,1.0489431907020683,2.582043306809991,2.1659778347572733,16034.270519024969,SYNTHETIC_PROTOTYPE_DATA,False
emina-bright-stuff-moisturizing-cream-064,emina-bright-stuff-moisturizing-cream,moisturizing_cream,0.6840269426451477,0.8818350822858937,0.6018536950165533,1.5386465757043695,4.683088944086189,4.272725607371812,25614.20601324016,SYNTHETIC_PROTOTYPE_DATA,False
emina-bright-stuff-moisturizing-cream-065,emina-bright-stuff-moisturizing-cream,moisturizing_cream,0.545605150755019,0.08849135216415509,0.40340393977140715,1.0231827969463292,2.5233424602960572,1.8859228899662266,18168.418791924498,SYNTHETIC_PROTOTYPE_DATA,False
emina-bright-stuff-moisturizing-cream-066,emina-bright-stuff-moisturizing-cream,moisturizing_cream,0.8185672320588806,0.42208783817157736,0.05198495600142683,1.1935416486175041,2.912745476012438,2.612180738903755,12322.568750937164,SYNTHETIC_PROTOTYPE_DATA,False
emina-bright-stuff-moisturizing-cream-067,emina-bright-stuff-moisturizing-cream,moisturizing_cream,0.6242604138538824,0.9155420544678744,0.11305941578620626,1.4245691552172324,3.8904609579497844,3.975691024521966,14165.591116110092,SYNTHETIC_PROTOTYPE_DATA,False
emina-bright-stuff-moisturizing-cream-068,emina-bright-stuff-moisturizing-cream,moisturizing_cream,0.2369373548427974,0.6393759607887868,0.8454263549743006,1.3916930501387572,4.244150175829756,3.554249479107166,27303.327461256875,SYNTHETIC_PROTOTYPE_DATA,False
emina-bright-stuff-moisturizing-cream-069,emina-bright-stuff-moisturizing-cream,moisturizing_cream,0.8880949477764651,0.6860283959655334,0.6342360013973284,1.4609146685537666,4.334253355866723,3.9138819586721247,27120.10732632065,SYNTHETIC_PROTOTYPE_DATA,False
emina-bright-stuff-moisturizing-cream-070,emina-bright-stuff-moisturizing-cream,moisturizing_cream,0.9084034321437946,0.5629653778093305,0.44056318922998944,1.365550577627218,3.7977235924139494,3.460664929258067,22233.512760593698,SYNTHETIC_PROTOTYPE_DATA,False
emina-bright-stuff-moisturizing-cream-071,emina-bright-stuff-moisturizing-cream,moisturizing_cream,0.8256736476701402,0.9166512426306996,0.5975599868444973,1.583697939041412,4.867682399938271,4.498022864280109,26346.8710347547,SYNTHETIC_PROTOTYPE_DATA,False
emina-bright-stuff-moisturizing-cream-072,emina-bright-stuff-moisturizing-cream,moisturizing_cream,0.7375953729751815,0.33232006899960614,0.32104783623739314,1.1726259370573227,2.983653070972106,2.592569141052293,17969.645988240838,SYNTHETIC_PROTOTYPE_DATA,False
emina-bright-stuff-moisturizing-cream-073,emina-bright-stuff-moisturizing-cream,moisturizing_cream,0.2969707072647066,0.6651601735415752,0.5744520228906044,1.342817850672311,3.877532055033613,3.4474809380021556,21890.001784552933,SYNTHETIC_PROTOTYPE_DATA,False
emina-bright-stuff-moisturizing-cream-074,emina-bright-stuff-moisturizing-cream,moisturizing_cream,0.2539932511847384,0.07956690100624363,0.3197007430393581,0.9402313263994153,2.164256437191086,1.6551777490816622,14786.709237484652,SYNTHETIC_PROTOTYPE_DATA,False
emina-bright-stuff-moisturizing-cream-075,emina-bright-stuff-moisturizing-cream,moisturizing_cream,0.9288978857932289,0.4400478767254028,0.6600312085151342,1.3414002098285225,3.8722228345059944,3.236118824776056,27134.81531202089,SYNTHETIC_PROTOTYPE_DATA,False
emina-bright-stuff-moisturizing-cream-076,emina-bright-stuff-moisturizing-cream,moisturizing_cream,0.8702924751775081,0.9028462012111426,0.4908925075806334,1.5477956349509074,4.641293890822512,4.435768420969329,24263.583226535877,SYNTHETIC_PROTOTYPE_DATA,False
emina-bright-stuff-moisturizing-cream-077,emina-bright-stuff-moisturizing-cream,moisturizing_cream,0.15259510145340435,0.9093596349634018,0.8144353788648143,1.5271248488684444,4.786962904216867,4.090985920534788,26600.092786487596,SYNTHETIC_PROTOTYPE_DATA,False
emina-bright-stuff-moisturizing-cream-078,emina-bright-stuff-moisturizing-cream,moisturizing_cream,0.24784030380342084,0.7639520486978111,0.8929470470635336,1.476178713606303,4.574772215910223,3.8569555605705066,28684.94979874966,SYNTHETIC_PROTOTYPE_DATA,False
emina-bright-stuff-moisturizing-cream-079,emina-bright-stuff-moisturizing-cream,moisturizing_cream,0.9541855716450444,0.7134926719935172,0.5751259449057876,1.485671336846277,4.366084631517901,4.043253793263812,26266.937763965194,SYNTHETIC_PROTOTYPE_DATA,False
emina-bright-stuff-moisturizing-cream-080,emina-bright-stuff-moisturizing-cream,moisturizing_cream,0.26010579166937187,0.7986502025516166,0.20274745334976943,1.3231590227345218,3.615562494667358,3.373816155231273,13996.595799596198,SYNTHETIC_PROTOTYPE_DATA,False
emina-bright-stuff-moisturizing-cream-081,emina-bright-stuff-moisturizing-cream,moisturizing_cream,0.0706702298260514,0.27711157358032557,0.7616311150718371,1.1320278019565126,3.0766995790536984,2.438510288720355,23423.748301717824,SYNTHETIC_PROTOTYPE_DATA,False
emina-bright-stuff-moisturizing-cream-082,emina-bright-stuff-moisturizing-cream,moisturizing_cream,0.296333610758659,0.8878400136165876,0.3503113732430944,1.4136247717688433,4.057208332504945,3.826459255840137,17676.683962433322,SYNTHETIC_PROTOTYPE_DATA,False
emina-bright-stuff-moisturizing-cream-083,emina-bright-stuff-moisturizing-cream,moisturizing_cream,0.9292423014937603,0.8964491536060097,0.5940840645004308,1.5793570913775856,4.801977919833216,4.531644323470229,27013.32189504815,SYNTHETIC_PROTOTYPE_DATA,False
emina-bright-stuff-moisturizing-cream-084,emina-bright-stuff-moisturizing-cream,moisturizing_cream,0.5490322561295349,0.26915125374796606,0.8220743811542321,1.2088194822326521,3.436835977298972,2.728822248954007,28096.056991178226,SYNTHETIC_PROTOTYPE_DATA,False
emina-bright-stuff-moisturizing-cream-085,emina-bright-stuff-moisturizing-cream,moisturizing_cream,0.7433802965273765,0.8155705859822413,0.20872206256838144,1.4099075290896064,3.919511060167129,3.854820169283388,16640.750496082415,SYNTHETIC_PROTOTYPE_DATA,False
emina-bright-stuff-moisturizing-cream-086,emina-bright-stuff-moisturizing-cream,moisturizing_cream,0.7607612445660855,0.10392323813936796,0.14031909250732624,1.0298906670044312,2.2864759643408727,1.8146742924575052,13323.62764731468,SYNTHETIC_PROTOTYPE_DATA,False
emina-bright-stuff-moisturizing-cream-087,emina-bright-stuff-moisturizing-cream,moisturizing_cream,0.7732111008196895,0.7589114106699183,0.07010208680343273,1.3512972951469122,3.572039670441064,3.5804766777942794,13406.282901661067,SYNTHETIC_PROTOTYPE_DATA,False
emina-bright-stuff-moisturizing-cream-088,emina-bright-stuff-moisturizing-cream,moisturizing_cream,0.6112754347880246,0.73926633102233,0.3802618271618871,1.3855156793225243,3.9075986603845108,3.6289502963187994,19668.136645466533,SYNTHETIC_PROTOTYPE_DATA,False
emina-bright-stuff-moisturizing-cream-089,emina-bright-stuff-moisturizing-cream,moisturizing_cream,0.340052597677783,0.7376916023130202,0.7877422507311336,1.4512121162291793,4.426459632312905,3.7857986902582086,27061.114549567726,SYNTHETIC_PROTOTYPE_DATA,False
emina-bright-stuff-moisturizing-cream-090,emina-bright-stuff-moisturizing-cream,moisturizing_cream,0.0800736685406394,0.36051136629797903,0.6701744312818123,1.1631215280001217,3.250372836846126,2.5595804910563205,21811.17143689515,SYNTHETIC_PROTOTYPE_DATA,False
emina-bright-stuff-moisturizing-cream-091,emina-bright-stuff-moisturizing-cream,moisturizing_cream,0.10960088515888908,0.9447048779753063,0.2665675814749808,1.393596711230439,3.929386163318268,3.7271491887565915,15002.612120400916,SYNTHETIC_PROTOTYPE_DATA,False
emina-bright-stuff-moisturizing-cream-092,emina-bright-stuff-moisturizing-cream,moisturizing_cream,0.559964207561038,0.7635433925511332,0.6864011724503452,1.4770738783176505,4.4485967968504605,3.9389124375438453,26406.543418083293,SYNTHETIC_PROTOTYPE_DATA,False
emina-bright-stuff-moisturizing-cream-093,emina-bright-stuff-moisturizing-cream,moisturizing_cream,0.8334195938196354,0.7062806039352993,0.633697320176871,1.4800690611531322,4.376293913651344,3.9189864320248122,26840.878012396,SYNTHETIC_PROTOTYPE_DATA,False
emina-bright-stuff-moisturizing-cream-094,emina-bright-stuff-moisturizing-cream,moisturizing_cream,0.7954329660933197,0.6850215264002761,0.2378468624339434,1.3597290945543707,3.7230768282204973,3.5723015803310196,17252.405272808828,SYNTHETIC_PROTOTYPE_DATA,False
emina-bright-stuff-moisturizing-cream-095,emina-bright-stuff-moisturizing-cream,moisturizing_cream,0.24005007692631528,0.4755740869640314,0.14238975286962693,1.1330558471104584,2.8476250410048753,2.535304054117056,11893.898869851471,SYNTHETIC_PROTOTYPE_DATA,False
wardah-radiant-charge-gel-000,wardah-radiant-charge-gel,gel_moisturizer,0.45,0.375,0.3,1.11685,2.9031250000000006,2.6506875,16831.0,SYNTHETIC_PROTOTYPE_DATA,False
wardah-radiant-charge-gel-001,wardah-radiant-charge-gel,gel_moisturizer,0.2966763960966858,0.743574593118495,0.2540530042944938,1.2797058406659363,3.5324335021090345,3.500744008122722,15963.58074580771,SYNTHETIC_PROTOTYPE_DATA,False
wardah-radiant-charge-gel-002,wardah-radiant-charge-gel,gel_moisturizer,0.10835446998939549,0.5945316470552711,0.13569908128693403,1.1408213290795282,2.9583559827323493,2.886917126015828,12179.776841445648,SYNTHETIC_PROTOTYPE_DATA,False
wardah-radiant-charge-gel-003,wardah-radiant-charge-gel,gel_moisturizer,0.5224039804118547,0.19667672336374126,0.6987946665731558,1.1125402222039034,3.0584785145941265,2.520747832866749,25669.510079762054,SYNTHETIC_PROTOTYPE_DATA,False
wardah-radiant-charge-gel-004,wardah-radiant-charge-gel,gel_moisturizer,0.09714164970115138,0.2720173497354624,0.29251633916656283,0.9988745910570398,2.4328322448934525,2.199944231110737,14555.200296273113,SYNTHETIC_PROTOTYPE_DATA,False
wardah-radiant-charge-gel-005,wardah-radiant-charge-gel,gel_moisturizer,0.811048993308718,0.7677613093039465,0.33202220892812645,1.3906736203363461,4.040164646164475,3.9655041204866173,20467.24767194137,SYNTHETIC_PROTOTYPE_DATA,False
wardah-radiant-charge-gel-006,wardah-radiant-charge-gel,gel_moisturizer,0.2473543417312098,0.09192420965711615,0.16956297601062525,0.8974826360086992,2.022267819302096,1.6947765092143945,12138.338942841063,SYNTHETIC_PROTOTYPE_DATA,False
wardah-radiant-charge-gel-007,wardah-radiant-charge-gel,gel_moisturizer,0.8395036618491043,0.48685430183512035,0.13135939213139158,1.2085642179571574,3.133182695627108,3.0389828630812166,15201.01302969871,SYNTHETIC_PROTOTYPE_DATA,False
wardah-radiant-charge-gel-008,wardah-radiant-charge-gel,gel_moisturizer,0.4777156192235814,0.748039245924477,0.20228934807960933,1.303163647861498,3.655010147183892,3.5946835325110373,15888.440765920943,SYNTHETIC_PROTOTYPE_DATA,False
wardah-radiant-charge-gel-009,wardah-radiant-charge-gel,gel_moisturizer,0.46820104131559487,0.9023273213376752,0.25737611633598445,1.396196895920298,4.0119510725581735,4.05720908269399,17301.60880897997,SYNTHETIC_PROTOTYPE_DATA,False
wardah-radiant-charge-gel-010,wardah-radiant-charge-gel,gel_moisturizer,0.26297014602954516,0.8748958631956067,0.6106373802708878,1.4416753674457228,4.347629280631994,4.062585536582807,23806.54903064799,SYNTHETIC_PROTOTYPE_DATA,False
wardah-radiant-charge-gel-011,wardah-radiant-charge-gel,gel_moisturizer,0.5860879812623769,0.060133866414874684,0.8167446244050616,1.066326017816994,2.894536080544428,2.280614270651922,28490.769756964197,SYNTHETIC_PROTOTYPE_DATA,False
wardah-radiant-charge-gel-012,wardah-radiant-charge-gel,gel_moisturizer,0.585458801008934,0.7107263460702766,0.9524344136890346,1.4928635199829088,4.726934781902699,4.122154998812116,33052.65276829253,SYNTHETIC_PROTOTYPE_DATA,False
wardah-radiant-charge-gel-013,wardah-radiant-charge-gel,gel_moisturizer,0.28154641799812363,0.13357218873955556,0.5121809617061792,1.0036720934115642,2.5311852929719416,2.143497506904949,19912.860539980622,SYNTHETIC_PROTOTYPE_DATA,False
wardah-radiant-charge-gel-014,wardah-radiant-charge-gel,gel_moisturizer,0.9314721553300973,0.07270904387460263,0.3929874081330018,1.0539606869697868,2.5702048352517304,2.0967430988576887,20728.34454569321,SYNTHETIC_PROTOTYPE_DATA,False
wardah-radiant-charge-gel-015,wardah-radiant-charge-gel,gel_moisturizer,0.06275243239713542,0.1515680675772701,0.6329077275044479,1.017965199214568,2.6493936666673337,2.1611996232764654,21116.918283759704,SYNTHETIC_PROTOTYPE_DATA,False
wardah-radiant-charge-gel-016,wardah-radiant-charge-gel,gel_moisturizer,0.6350621968040856,0.6364251450365687,0.08053999795896725,1.230007403822066,3.2658847789929295,3.3068948966549225,13491.02005819,SYNTHETIC_PROTOTYPE_DATA,False
wardah-radiant-charge-gel-017,wardah-radiant-charge-gel,gel_moisturizer,0.4427840624651198,0.8312352548064921,0.5269809272747741,1.4350036903864247,4.239850572805006,4.051505180395692,22997.875891349468,SYNTHETIC_PROTOTYPE_DATA,False
wardah-radiant-charge-gel-018,wardah-radiant-charge-gel,gel_moisturizer,0.42967599534864803,0.058502944793795,0.4254041277398246,0.9528960594097078,2.328118570992453,1.9131249129559984,18687.972991809063,SYNTHETIC_PROTOTYPE_DATA,False
wardah-radiant-charge-gel-019,wardah-radiant-charge-gel,gel_moisturizer,0.833307973517102,0.43513269026695023,0.2027119873448668,1.1824966620825903,3.1026816674027993,2.942469938435364,16753.96743329445,SYNTHETIC_PROTOTYPE_DATA,False
wardah-radiant-charge-gel-020,wardah-radiant-charge-gel,gel_moisturizer,0.3416849976588175,0.7655113880848142,0.571610536728362,1.3935902614606366,4.119488855272364,3.8302450298351474,23216.595441270714,SYNTHETIC_PROTOTYPE_DATA,False
wardah-radiant-charge-gel-021,wardah-radiant-charge-gel,gel_moisturizer,0.07976233781160882,0.6952322755702202,0.6834910148723776,1.3365325047874193,3.9984278716179085,3.5364343685024493,23677.21091221407,SYNTHETIC_PROTOTYPE_DATA,False
wardah-radiant-charge-gel-022,wardah-radiant-charge-gel,gel_moisturizer,0.5114407351098645,0.8144635955701748,0.9360128957632603,1.5320053113340806,4.9176999901611085,4.337356293208092,32608.40041988249,SYNTHETIC_PROTOTYPE_DATA,False
wardah-radiant-charge-gel-023,wardah-radiant-charge-gel,gel_moisturizer,0.7111297866123405,0.3030327717799318,0.21042387220412517,1.1019518639872448,2.7552733455657026,2.5517447050415942,15847.855626233944,SYNTHETIC_PROTOTYPE_DATA,False
wardah-radiant-charge-gel-024,wardah-radiant-charge-gel,gel_moisturizer,0.3799019328100314,0.30348258423521407,0.5706372597544239,1.1227411621325654,3.030317280045454,2.655907057762069,22218.582829335744,SYNTHETIC_PROTOTYPE_DATA,False
wardah-radiant-charge-gel-025,wardah-radiant-charge-gel,gel_moisturizer,0.9293784848084253,0.8741366231794184,0.8069913398024338,1.6052766755294177,5.049826041874336,4.777556546105749,32751.657942248385,SYNTHETIC_PROTOTYPE_DATA,False
wardah-radiant-charge-gel-026,wardah-radiant-charge-gel,gel_moisturizer,0.38096364155792045,0.514093789625964,0.27385098792172013,1.1831805814998804,3.1346937433539033,2.9446198976552793,16285.664048343999,SYNTHETIC_PROTOTYPE_DATA,False
wardah-radiant-charge-gel-027,wardah-radiant-charge-gel,gel_moisturizer,0.0730154816207225,0.29557187557908016,0.46992554075043463,1.0436577353353016,2.740048441368026,2.3866571473365292,18131.598401400646,SYNTHETIC_PROTOTYPE_DATA,False
wardah-radiant-charge-gel-028,wardah-radiant-charge-gel,gel_moisturizer,0.21427767752604734,0.3881408593922764,0.3205422537521965,1.0770485938242724,2.8455399935216263,2.533326916336536,16006.498236361047,SYNTHETIC_PROTOTYPE_DATA,False
wardah-radiant-charge-gel-029,wardah-radiant-charge-gel,gel_moisturizer,0.5914372601609096,0.919905543912728,0.6624802842013551,1.5469595476547966,4.823055527584049,4.45687852025423,27207.69781860787,SYNTHETIC_PROTOTYPE_DATA,False
wardah-radiant-charge-gel-030,wardah-radiant-charge-gel,gel_moisturizer,0.8636875903050152,0.8304221534442285,0.4147337965894223,1.4724689997809757,4.341832941954448,4.242320863382937,22777.69032553845,SYNTHETIC_PROTOTYPE_DATA,False
wardah-radiant-charge-gel-031,wardah-radiant-charge-gel,gel_moisturizer,0.712181895900982,0.1436388665753316,0.3587367808397346,1.048535495890689,2.6012934799221408,2.199628421141925,18963.510915046983,SYNTHETIC_PROTOTYPE_DATA,False
wardah-radiant-charge-gel-032,wardah-radiant-charge-gel,gel_moisturizer,0.2674951930910488,0.1825945577466249,0.5114979003987864,1.0223347594984706,2.6605105829038536,2.2194526928825766,19801.559326619743,SYNTHETIC_PROTOTYPE_DATA,False
wardah-radiant-charge-gel-033,wardah-radiant-charge-gel,gel_moisturizer,0.3646278063666763,0.14389191573939242,0.13785829588276105,0.9434530302336986,2.1183212345759626,1.8192277710916722,12224.287409241837,SYNTHETIC_PROTOTYPE_DATA,False
wardah-radiant-charge-gel-034,wardah-radiant-charge-gel,gel_moisturizer,0.8779225545430082,0.904937875459345,0.9591631355335066,1.6392251898397983,5.397879722441632,4.93843266030924,36060.042866718846,SYNTHETIC_PROTOTYPE_DATA,False
wardah-radiant-charge-gel-035,wardah-radiant-charge-gel,gel_moisturizer,0.1360536030709128,0.7078531761757147,0.9349474665922527,1.4153040399341759,4.498199321601633,3.811854648290596,29394.521821305734,SYNTHETIC_PROTOTYPE_DATA,False
wardah-radiant-charge-gel-036,wardah-radiant-charge-gel,gel_moisturizer,0.2817077057736925,0.5262873194591474,0.6918240973781979,1.2689078340848108,3.732273582819989,3.2388274108731823,24760.182386501903,SYNTHETIC_PROTOTYPE_DATA,False
wardah-radiant-charge-gel-037,wardah-radiant-charge-gel,gel_moisturizer,0.34937847006331424,0.16215266623504734,0.9498078674842785,1.112249375223738,3.151025969907785,2.6084558985106105,29870.175341557388,SYNTHETIC_PROTOTYPE_DATA,False
wardah-radiant-charge-gel-038,wardah-radiant-charge-gel,gel_moisturizer,0.11711487135642892,0.22106194712322866,0.7598700080937028,1.0780027437692046,2.992057936575642,2.527380056515511,24239.267054748576,SYNTHETIC_PROTOTYPE_DATA,False
wardah-radiant-charge-gel-039,wardah-radiant-charge-gel,gel_moisturizer,0.41050275512871154,0.27922402940714747,0.20049779893408343,1.04151163593117,2.519735270084012,2.2923742316202067,14126.843412724049,SYNTHETIC_PROTOTYPE_DATA,False
wardah-radiant-charge-gel-040,wardah-radiant-charge-gel,gel_moisturizer,0.6511327555897798,0.87790347668349,0.675485885937756,1.530848143975621,4.748200346313148,4.37689888457437,27698.983771149,SYNTHETIC_PROTOTYPE_DATA,False
wardah-radiant-charge-gel-041,wardah-radiant-charge-gel,gel_moisturizer,0.8359066004847678,0.4090194088976051,0.9109565304820372,1.320171447896026,4.041642448436705,3.4382427797767607,33257.13805464893,SYNTHETIC_PROTOTYPE_DATA,False
wardah-radiant-charge-gel-042,wardah-radiant-charge-gel,gel_moisturizer,0.3072735238408332,0.43881991613331495,0.05385545380591112,1.0693269830225338,2.6015838545989785,2.5825180097679667,10965.939557865373,SYNTHETIC_PROTOTYPE_DATA,False
wardah-radiant-charge-gel-043,wardah-radiant-charge-gel,gel_moisturizer,0.3822705399045745,0.86362424308956,0.5052065434034526,1.4313701553130838,4.25950736172431,4.036410224776443,22181.06489920116,SYNTHETIC_PROTOTYPE_DATA,False
wardah-radiant-charge-gel-044,wardah-radiant-charge-gel,gel_moisturizer,0.9043852266561554,0.7715318385348579,0.34188561492151204,1.4280353159785506,4.155201115954473,4.081967285042994,21358.257639730793,SYNTHETIC_PROTOTYPE_DATA,False
wardah-radiant-charge-gel-045,wardah-radiant-charge-gel,gel_moisturizer,0.6213785859014135,0.22012549169822443,0.9050432695185712,1.1857715049885131,3.457731720512756,2.8399449917577795,31029.584663768383,SYNTHETIC_PROTOTYPE_DATA,False
wardah-radiant-charge-gel-046,wardah-radiant-charge-gel,gel_moisturizer,0.8652096663757375,0.7617739607549868,0.4203430373065846,1.4278711042014243,4.202700248233495,4.116760520375993,22776.652488776683,SYNTHETIC_PROTOTYPE_DATA,False
wardah-radiant-charge-gel-047,wardah-radiant-charge-gel,gel_moisturizer,0.47637754104680063,0.15774490868771074,0.09830433782794015,0.9594216257981707,2.2551185852740576,1.971145029796396,11946.821966867987,SYNTHETIC_PROTOTYPE_DATA,False
wardah-radiant-charge-gel-048,wardah-radiant-charge-gel,gel_moisturizer,0.30059590324299706,0.8098863925485071,0.9346317290282454,1.5054316121891715,4.784585503162947,4.194780601773889,30843.8032915163,SYNTHETIC_PROTOTYPE_DATA,False
wardah-radiant-charge-gel-049,wardah-radiant-charge-gel,gel_moisturizer,0.5694772568970933,0.2782294093688108,0.23136774918758476,1.0562413377996231,2.6719355481901284,2.4072366082538563,15679.229359176672,SYNTHETIC_PROTOTYPE_DATA,False
wardah-radiant-charge-gel-050,wardah-radiant-charge-gel,gel_moisturizer,0.21263489766354235,0.22453321349258,0.07838963219134437,0.9476505529582873,2.1426692422895193,1.9851344187236657,10488.156207694681,SYNTHETIC_PROTOTYPE_DATA,False
wardah-radiant-charge-gel-051,wardah-radiant-charge-gel,gel_moisturizer,0.5087077339379648,0.2888487404409093,0.832753502110468,1.1828015083498225,3.4115502731607315,2.7976415730145896,28951.008339044507,SYNTHETIC_PROTOTYPE_DATA,False
wardah-radiant-charge-gel-052,wardah-radiant-charge-gel,gel_moisturizer,0.5198325410001885,0.8872994822792613,0.8403738829506425,1.5557883733764726,4.902443108672223,4.4881554037681894,30633.80621799404,SYNTHETIC_PROTOTYPE_DATA,False
wardah-radiant-charge-gel-053,wardah-radiant-charge-gel,gel_moisturizer,0.8796668398925127,0.454234100464586,0.433371823481814,1.2658541763204434,3.5111004083643325,3.2036080524886064,22547.020989662728,SYNTHETIC_PROTOTYPE_DATA,False
wardah-radiant-charge-gel-054,wardah-radiant-charge-gel,gel_moisturizer,0.13924772029742902,0.27448959476789214,0.558195075589289,1.0566718513386122,2.8804500443733208,2.422239350723676,20322.815836631635,SYNTHETIC_PROTOTYPE_DATA,False
wardah-radiant-charge-gel-055,wardah-radiant-charge-gel,gel_moisturizer,0.8470103079901691,0.33626208038216643,0.4854572260439659,1.204317446620192,3.2881460558351083,2.879985578824657,23331.98032969266,SYNTHETIC_PROTOTYPE_DATA,False
wardah-radiant-charge-gel-056,wardah-radiant-charge-gel,gel_moisturizer,0.5577674886069123,0.8642116436404569,0.5658989537961433,1.4856528189266827,4.4954817394260385,4.25445667708184,24771.511484165323,SYNTHETIC_PROTOTYPE_DATA,False
wardah-radiant-charge-gel-057,wardah-radiant-charge-gel,gel_moisturizer,0.43407135808413605,0.4383202060479306,0.6730020612808522,1.2250193902158875,3.572921379613516,3.070391551166353,25095.299009949427,SYNTHETIC_PROTOTYPE_DATA,False
wardah-radiant-charge-gel-058,wardah-radiant-charge-gel,gel_moisturizer,0.9307787944560348,0.6724356261141238,0.17917196795185986,1.3366524897558887,3.633654572008032,3.635907195286853,17279.721548092668,SYNTHETIC_PROTOTYPE_DATA,False
wardah-radiant-charge-gel-059,wardah-radiant-charge-gel,gel_moisturizer,0.7517587387897074,0.26045856167249515,0.6824406553167872,1.1750333530721055,3.3131987168165833,2.7924161115562796,26946.28370812854,SYNTHETIC_PROTOTYPE_DATA,False
wardah-radiant-charge-gel-060,wardah-radiant-charge-gel,gel_moisturizer,0.5651010983475258,0.6283739903206053,0.09464049445498565,1.2213316063054203,3.2007048953336747,3.2621647169421215,13541.956231097376,SYNTHETIC_PROTOTYPE_DATA,False
wardah-radiant-charge-gel-061,wardah-radiant-charge-gel,gel_moisturizer,0.6382491247816667,0.76556786937221,0.7430763556608605,1.4800962728147586,4.526766209524372,4.170222440759683,28875.84876901037,SYNTHETIC_PROTOTYPE_DATA,False
wardah-radiant-charge-gel-062,wardah-radiant-charge-gel,gel_moisturizer,0.698540030775345,0.4569613127716933,0.06005257798673945,1.1466228192447296,2.8940266481165313,2.808925901691505,12753.547496338331,SYNTHETIC_PROTOTYPE_DATA,False
wardah-radiant-charge-gel-063,wardah-radiant-charge-gel,gel_moisturizer,0.20505430844183437,0.3742589573432798,0.49335171312869264,1.109358358652649,3.033774927130538,2.6774619747214645,19597.30991469,SYNTHETIC_PROTOTYPE_DATA,False
wardah-radiant-charge-gel-064,wardah-radiant-charge-gel,gel_moisturizer,0.6337589291998317,0.709864992740272,0.5017744920586144,1.3774254594450308,4.054112488998479,3.8024480360597877,23198.216498313097,SYNTHETIC_PROTOTYPE_DATA,False
wardah-radiant-charge-gel-065,wardah-radiant-charge-gel,gel_moisturizer,0.857991667664271,0.93205713366702,0.12154594570558303,1.4383257106963394,4.066745090447453,4.346244162163115,16253.205558860158,SYNTHETIC_PROTOTYPE_DATA,False
wardah-radiant-charge-gel-066,wardah-radiant-charge-gel,gel_moisturizer,0.908002822177439,0.6878054610592744,0.47019640378732397,1.3919677004670947,4.09641881858327,3.9023042682559717,24107.36639443252,SYNTHETIC_PROTOTYPE_DATA,False
wardah-radiant-charge-gel-067,wardah-radiant-charge-gel,gel_moisturizer,0.21789394811242405,0.35790946361311765,0.9312995549316246,1.2192271364487788,3.597923593868747,2.9858796663376888,28912.370477540888,SYNTHETIC_PROTOTYPE_DATA,False
wardah-radiant-charge-gel-068,wardah-radiant-charge-gel,gel_moisturizer,0.72454030949836,0.5289796354677555,0.7288588177928267,1.3437796059632117,4.040012487689766,3.562577505922125,28618.45148644241,SYNTHETIC_PROTOTYPE_DATA,False
wardah-radiant-charge-gel-069,wardah-radiant-charge-gel,gel_moisturizer,0.8837972871092591,0.6133313890782953,0.48192825222622254,1.362922760650472,3.9165363402978977,3.7160890420399975,24140.31159164082,SYNTHETIC_PROTOTYPE_DATA,False
wardah-radiant-charge-gel-070,wardah-radiant-charge-gel,gel_moisturizer,0.8655434431815091,0.9312614820354632,0.6132714931040928,1.5666868266723257,4.845144805306452,4.702173085343615,27965.85985162707,SYNTHETIC_PROTOTYPE_DATA,False
wardah-radiant-charge-gel-071,wardah-radiant-charge-gel,gel_moisturizer,0.5147391026455336,0.6814882068432102,0.4139978429611807,1.3297549782224116,3.779216353978517,3.636103191904524,20501.364579520447,SYNTHETIC_PROTOTYPE_DATA,False
wardah-radiant-charge-gel-072,wardah-radiant-charge-gel,gel_moisturizer,0.37215675543834975,0.6872026401520794,0.11201231851547216,1.2282864577827022,3.2892248914732978,3.2898297531880254,13226.543129054413,SYNTHETIC_PROTOTYPE_DATA,False
wardah-radiant-charge-gel-073,wardah-radiant-charge-gel,gel_moisturizer,0.49239877300208074,0.27867094845212503,0.14879171830831664,1.0413832714678204,2.5659680593655994,2.295357396857594,13510.845872725167,SYNTHETIC_PROTOTYPE_DATA,False
wardah-radiant-charge-gel-074,wardah-radiant-charge-gel,gel_moisturizer,0.19651948170604466,0.6263936549334083,0.6736752274099042,1.3070345146929243,3.8438562008059183,3.4764452475909624,24045.652931022785,SYNTHETIC_PROTOTYPE_DATA,False
wardah-radiant-charge-gel-075,wardah-radiant-charge-gel,gel_moisturizer,0.186666822461995,0.630144297898316,0.5606385214318148,1.2722679983329241,3.7035490447824575,3.3488394337017993,21536.543828289847,SYNTHETIC_PROTOTYPE_DATA,False
wardah-radiant-charge-gel-076,wardah-radiant-charge-gel,gel_moisturizer,0.3811259128170983,0.6228210722805375,0.7370049604169241,1.3537644238018873,4.07489000319037,3.605166712500806,26686.475308020334,SYNTHETIC_PROTOTYPE_DATA,False
wardah-radiant-charge-gel-077,wardah-radiant-charge-gel,gel_moisturizer,0.29681796791893533,0.5567732091713142,0.23856761116256017,1.165330303428898,3.098433933921326,2.9585558366993774,15206.622645042647,SYNTHETIC_PROTOTYPE_DATA,False
wardah-radiant-charge-gel-078,wardah-radiant-charge-gel,gel_moisturizer,0.2828571346356201,0.21797797659470297,0.5161524285066819,1.0573709809113723,2.720187819792474,2.3216205429910812,20180.793558581514,SYNTHETIC_PROTOTYPE_DATA,False
wardah-radiant-charge-gel-079,wardah-radiant-charge-gel,gel_moisturizer,0.18002268895659476,0.22121445442440296,0.7569695197813653,1.0842901091875812,2.9826465794873025,2.480381617919534,24643.017674697134,SYNTHETIC_PROTOTYPE_DATA,False
wardah-radiant-charge-gel-080,wardah-radiant-charge-gel,gel_moisturizer,0.1871806352045004,0.43204083051370384,0.19399578330528539,1.072836511682526,2.749730538550049,2.569097669680868,13378.265259091791,SYNTHETIC_PROTOTYPE_DATA,False
wardah-radiant-charge-gel-081,wardah-radiant-charge-gel,gel_moisturizer,0.45418871206620876,0.46994325773418283,0.13424854952927864,1.1402703562298762,2.8734805696555212,2.7484785571772092,13407.508310870004,SYNTHETIC_PROTOTYPE_DATA,False
wardah-radiant-charge-gel-082,wardah-radiant-charge-gel,gel_moisturizer,0.3103810579862366,0.2758286577998153,0.1823371498304141,1.0134070862858218,2.46423569834404,2.222993242809869,13169.614521265825,SYNTHETIC_PROTOTYPE_DATA,False
wardah-radiant-charge-gel-083,wardah-radiant-charge-gel,gel_moisturizer,0.2537544781390071,0.7670719094907416,0.8222648756505471,1.445150689374772,4.483011894999583,3.9901935457105386,27943.18666314692,SYNTHETIC_PROTOTYPE_DATA,False
wardah-radiant-charge-gel-084,wardah-radiant-charge-gel,gel_moisturizer,0.41991707931787586,0.669321549042083,0.5414489958393495,1.3389172398508176,3.932071668140469,3.6111609912649514,22547.724276948065,SYNTHETIC_PROTOTYPE_DATA,False
wardah-radiant-charge-gel-085,wardah-radiant-charge-gel,gel_moisturizer,0.751977660631193,0.09393254943858312,0.12090254601850217,0.9804922641103488,2.244251097432662,1.8658251906496628,13588.618471096514,SYNTHETIC_PROTOTYPE_DATA,False
wardah-radiant-charge-gel-086,wardah-radiant-charge-gel,gel_moisturizer,0.8329487023800995,0.7031327094425647,0.22323935988038793,1.346910715275762,3.7194073368839615,3.6937454301367034,17924.765450307696,SYNTHETIC_PROTOTYPE_DATA,False
wardah-radiant-charge-gel-087,wardah-radiant-charge-gel,gel_moisturizer,0.5720626291976777,0.19208116433938852,0.8123512098739623,1.1330561903562058,3.219384548476071,2.621743195357471,28547.945361787843,SYNTHETIC_PROTOTYPE_DATA,False
wardah-radiant-charge-gel-088,wardah-radiant-charge-gel,gel_moisturizer,0.9300303505342141,0.41784026869164614,0.4784086013459238,1.2500503412156643,3.5175097591161455,3.1583138879129136,23684.885682116746,SYNTHETIC_PROTOTYPE_DATA,False
wardah-radiant-charge-gel-089,wardah-radiant-charge-gel,gel_moisturizer,0.520509853801919,0.8988292875725248,0.19412252665276505,1.3808805728175424,3.9108076286697817,4.0089063702939,16239.22120864854,SYNTHETIC_PROTOTYPE_DATA,False
wardah-radiant-charge-gel-090,wardah-radiant-charge-gel,gel_moisturizer,0.6219492311040816,0.30034441458717204,0.30437370350579024,1.108684383731799,2.8269473851601243,2.5512317017248156,17650.553063391737,SYNTHETIC_PROTOTYPE_DATA,False
wardah-radiant-charge-gel-091,wardah-radiant-charge-gel,gel_moisturizer,0.23441769973248522,0.23493058073904297,0.201755795916617,0.9776454432457222,2.322109996672967,2.1078947608341516,13255.336410481796,SYNTHETIC_PROTOTYPE_DATA,False
wardah-radiant-charge-gel-092,wardah-radiant-charge-gel,gel_moisturizer,0.6776851340940274,0.43790298863353877,0.6879010226220472,1.2761064705493428,3.7333468958660165,3.25736252423916,27070.540202140543,SYNTHETIC_PROTOTYPE_DATA,False
wardah-radiant-charge-gel-093,wardah-radiant-charge-gel,gel_moisturizer,0.6680543836680678,0.420239040231966,0.2034365265733502,1.1555553658874336,2.9772023339330587,2.8346243398793116,15969.722295235104,SYNTHETIC_PROTOTYPE_DATA,False
wardah-radiant-charge-gel-094,wardah-radiant-charge-gel,gel_moisturizer,0.5003966536425224,0.581399761259116,0.11491499883660147,1.1903070037092474,3.1162581422722333,3.0720572162983784,13538.012034278581,SYNTHETIC_PROTOTYPE_DATA,False
wardah-radiant-charge-gel-095,wardah-radiant-charge-gel,gel_moisturizer,0.946747771869074,0.9328589033110125,0.45385996774189424,1.5531775972533108,4.730842816729309,4.664247406244416,24598.77547624139,SYNTHETIC_PROTOTYPE_DATA,False
emina-water-bright-glow-gel-000,emina-water-bright-glow-gel,gel_moisturizer,0.40499999999999997,0.3375,0.27,1.1321385,2.8552437500000005,2.453284375,15892.16,SYNTHETIC_PROTOTYPE_DATA,False
emina-water-bright-glow-gel-001,emina-water-bright-glow-gel,gel_moisturizer,0.4495272087720467,0.04133249087503211,0.7496450946629181,1.058863601127939,2.758347458130325,2.1121851858188,25913.807317215553,SYNTHETIC_PROTOTYPE_DATA,False
emina-water-bright-glow-gel-002,emina-water-bright-glow-gel,gel_moisturizer,0.8827870031591352,0.17984460431037771,0.3644609899911675,1.1356565686013886,2.8897714440198747,2.330287909863757,20173.838208586174,SYNTHETIC_PROTOTYPE_DATA,False
emina-water-bright-glow-gel-003,emina-water-bright-glow-gel,gel_moisturizer,0.9082096447110645,0.6509383943897237,0.7207474465427146,1.4946497772897076,4.557758882824005,4.016702527515941,30010.00974385621,SYNTHETIC_PROTOTYPE_DATA,False
emina-water-bright-glow-gel-004,emina-water-bright-glow-gel,gel_moisturizer,0.3213722888964695,0.22756377657542104,0.05661076398597436,1.019752589826544,2.2698242674442706,1.9381479856444583,10525.428378755718,SYNTHETIC_PROTOTYPE_DATA,False
emina-water-bright-glow-gel-005,emina-water-bright-glow-gel,gel_moisturizer,0.1735709843091596,0.2102974045369582,0.13596320675646353,1.0003943987453163,2.2787206017890496,1.916108563938983,11514.740015279096,SYNTHETIC_PROTOTYPE_DATA,False
emina-water-bright-glow-gel-006,emina-water-bright-glow-gel,gel_moisturizer,0.07762731371927858,0.5641843138440609,0.8686175050256453,1.359651120951197,4.056297550367276,3.3140813967313862,27160.87041136421,SYNTHETIC_PROTOTYPE_DATA,False
emina-water-bright-glow-gel-007,emina-water-bright-glow-gel,gel_moisturizer,0.3524163922354466,0.7020548115766793,0.16982522058178168,1.3001139533126849,3.514837993362403,3.2985606941778824,14358.02978775467,SYNTHETIC_PROTOTYPE_DATA,False
emina-water-bright-glow-gel-008,emina-water-bright-glow-gel,gel_moisturizer,0.7563579777552388,0.3320948074527721,0.6948204397857881,1.2775106374443457,3.5902598350207664,3.0113906883189947,27464.258816583784,SYNTHETIC_PROTOTYPE_DATA,False
emina-water-bright-glow-gel-009,emina-water-bright-glow-gel,gel_moisturizer,0.363731831465526,0.143527947774712,0.38383369463180317,1.0460942151070494,2.509119130249086,1.982769202360756,17674.831940481814,SYNTHETIC_PROTOTYPE_DATA,False
emina-water-bright-glow-gel-010,emina-water-bright-glow-gel,gel_moisturizer,0.05492438555490815,0.8950305975466267,0.279498451961143,1.3794296706976419,3.8899457554198302,3.6313537851945417,15802.085637032958,SYNTHETIC_PROTOTYPE_DATA,False
emina-water-bright-glow-gel-011,emina-water-bright-glow-gel,gel_moisturizer,0.9347943205392142,0.17952074751992333,0.9390712750205934,1.251886637951253,3.635923551911632,2.807318580974792,34280.46849353968,SYNTHETIC_PROTOTYPE_DATA,False
emina-water-bright-glow-gel-012,emina-water-bright-glow-gel,gel_moisturizer,0.24113825626521398,0.1289024941098197,0.6483588847327673,1.0578364815336398,2.769378750438363,2.0999061181549448,22554.3050549928,SYNTHETIC_PROTOTYPE_DATA,False
emina-water-bright-glow-gel-013,emina-water-bright-glow-gel,gel_moisturizer,0.04494960642322839,0.7422114335745104,0.7235513400083503,1.4167523053225022,4.259054364668403,3.636464999158871,24433.21717986776,SYNTHETIC_PROTOTYPE_DATA,False
emina-water-bright-glow-gel-014,emina-water-bright-glow-gel,gel_moisturizer,0.47196890287321497,0.3884358672188965,0.1365698100927971,1.145148879399651,2.8031270878324173,2.5251779725183487,13439.676157840922,SYNTHETIC_PROTOTYPE_DATA,False
emina-water-bright-glow-gel-015,emina-water-bright-glow-gel,gel_moisturizer,0.42106547483911255,0.6154955692431181,0.47543461232639705,1.3373401134136564,3.7327929037140226,3.3469389415584203,21326.075483615066,SYNTHETIC_PROTOTYPE_DATA,False
emina-water-bright-glow-gel-016,emina-water-bright-glow-gel,gel_moisturizer,0.62937088986997,0.6018487269620059,0.285448719823792,1.3252110673414095,3.5850729179581027,3.322577036815291,18126.150931853404,SYNTHETIC_PROTOTYPE_DATA,False
emina-water-bright-glow-gel-017,emina-water-bright-glow-gel,gel_moisturizer,0.510705720534154,0.8416639325532147,0.5835251722175835,1.5261395788905425,4.510325469385721,4.098505599688839,24715.74114384633,SYNTHETIC_PROTOTYPE_DATA,False
emina-water-bright-glow-gel-018,emina-water-bright-glow-gel,gel_moisturizer,0.7985014885972197,0.8419208942970108,0.6643299780563604,1.571620555598577,4.804547869003438,4.373355064035075,28473.60299019015,SYNTHETIC_PROTOTYPE_DATA,False
emina-water-bright-glow-gel-019,emina-water-bright-glow-gel,gel_moisturizer,0.4832755355558245,0.810898205128925,0.25497189546579646,1.402047632426619,3.8778168918636053,3.741257713715474,17184.861256171396,SYNTHETIC_PROTOTYPE_DATA,False
emina-water-bright-glow-gel-020,emina-water-bright-glow-gel,gel_moisturizer,0.543977946839494,0.7156339870382601,0.8631979826448403,1.5041129494758196,4.699280964812947,4.020206636552237,30998.07384453607,SYNTHETIC_PROTOTYPE_DATA,False
emina-water-bright-glow-gel-021,emina-water-bright-glow-gel,gel_moisturizer,0.6482607831394275,0.1654208821805885,0.5242974951190441,1.1261487212262176,2.926860111505947,2.26735627450375,22584.154896327564,SYNTHETIC_PROTOTYPE_DATA,False
emina-water-bright-glow-gel-022,emina-water-bright-glow-gel,gel_moisturizer,0.6523472262243062,0.7090817761596324,0.5140885274915836,1.43653609996614,4.17181427588107,3.7931781193647187,23772.542115029773,SYNTHETIC_PROTOTYPE_DATA,False
emina-water-bright-glow-gel-023,emina-water-bright-glow-gel,gel_moisturizer,0.5668772174981942,0.302850873846368,0.5926229413348559,1.2163003047206176,3.342251708449179,2.700788921074839,23860.539289619537,SYNTHETIC_PROTOTYPE_DATA,False
emina-water-bright-glow-gel-024,emina-water-bright-glow-gel,gel_moisturizer,0.645251056205761,0.15842760693125385,0.9478899474897687,1.1952311891699134,3.4527421852101994,2.6650513647252385,32035.936493248093,SYNTHETIC_PROTOTYPE_DATA,False
emina-water-bright-glow-gel-025,emina-water-bright-glow-gel,gel_moisturizer,0.5458124072957014,0.20320232293012833,0.6956491876822877,1.171613846783025,3.1932577732096,2.515822432983444,25969.939198675784,SYNTHETIC_PROTOTYPE_DATA,False
emina-water-bright-glow-gel-026,emina-water-bright-glow-gel,gel_moisturizer,0.4275746582521293,0.15828116636836087,0.6026501440675792,1.108442402081093,2.8834669670923474,2.2380364961528,22852.380825288055,SYNTHETIC_PROTOTYPE_DATA,False
emina-water-bright-glow-gel-027,emina-water-bright-glow-gel,gel_moisturizer,0.34428196211675005,0.5848787569556042,0.7915477592300788,1.3876226974991817,4.181170322114373,3.4921175420291797,27569.108772266452,SYNTHETIC_PROTOTYPE_DATA,False
emina-water-bright-glow-gel-028,emina-water-bright-glow-gel,gel_moisturizer,0.6002193251781821,0.7150653476139417,0.48310255087973697,1.4211529333038988,4.105257286400833,3.7671938844362325,22672.113253261552,SYNTHETIC_PROTOTYPE_DATA,False
emina-water-bright-glow-gel-029,emina-water-bright-glow-gel,gel_moisturizer,0.3058689671159223,0.16143034858779406,0.22753500088665535,1.0075543376912737,2.353194533619807,1.9016327181683503,13860.365247473865,SYNTHETIC_PROTOTYPE_DATA,False
emina-water-bright-glow-gel-030,emina-water-bright-glow-gel,gel_moisturizer,0.07028991826836646,0.1983697405433009,0.5691542173976344,1.0700044382079086,2.691673011523006,2.1626284312136104,20014.511706278357,SYNTHETIC_PROTOTYPE_DATA,False
emina-water-bright-glow-gel-031,emina-water-bright-glow-gel,gel_moisturizer,0.918636001682669,0.04546023196825494,0.0726261889464537,1.0247168489101743,2.266856827796427,1.7389202864216202,13074.091629609557,SYNTHETIC_PROTOTYPE_DATA,False
emina-water-bright-glow-gel-032,emina-water-bright-glow-gel,gel_moisturizer,0.5248057815221598,0.08584184923504262,0.8684827132890045,1.131709268184473,3.0447498542753073,2.3022732121609137,29241.916236431065,SYNTHETIC_PROTOTYPE_DATA,False
emina-water-bright-glow-gel-033,emina-water-bright-glow-gel,gel_moisturizer,0.4833510670892168,0.1401564086010733,0.31359733126894146,1.0598965595598895,2.5545249363519087,2.011294700063058,16735.66282566758,SYNTHETIC_PROTOTYPE_DATA,False
emina-water-bright-glow-gel-034,emina-water-bright-glow-gel,gel_moisturizer,0.49844383008290705,0.4184423539661235,0.937151250130465,1.3477883403810085,3.984974480849127,3.3171570640001096,31345.538212132982,SYNTHETIC_PROTOTYPE_DATA,False
emina-water-bright-glow-gel-035,emina-water-bright-glow-gel,gel_moisturizer,0.14025955211309532,0.4632455355285845,0.7253864411881799,1.2687902063948582,3.6364775497366124,3.0221411668724847,24405.47071479633,SYNTHETIC_PROTOTYPE_DATA,False
emina-water-bright-glow-gel-036,emina-water-bright-glow-gel,gel_moisturizer,0.801338321434728,0.1999070443174476,0.3990561009965071,1.1511301429400325,2.957254037883588,2.3984665975757404,20630.186882953705,SYNTHETIC_PROTOTYPE_DATA,False
emina-water-bright-glow-gel-037,emina-water-bright-glow-gel,gel_moisturizer,0.5565583765932081,0.41956714833628395,0.05297206260570816,1.157425245806269,2.7892616144351505,2.570640668472874,12163.09746191375,SYNTHETIC_PROTOTYPE_DATA,False
emina-water-bright-glow-gel-038,emina-water-bright-glow-gel,gel_moisturizer,0.2778237776599502,0.12429094596190876,0.8182212729444779,1.118111600351068,2.961662111410269,2.272220321376258,26481.901261568226,SYNTHETIC_PROTOTYPE_DATA,False
emina-water-bright-glow-gel-039,emina-water-bright-glow-gel,gel_moisturizer,0.8291758769469137,0.6423675026269176,0.719212646003115,1.4800036907650513,4.408637049486196,3.917197931258469,29405.198782994357,SYNTHETIC_PROTOTYPE_DATA,False
emina-water-bright-glow-gel-040,emina-water-bright-glow-gel,gel_moisturizer,0.6905885254951178,0.16926150138107052,0.6836361183054558,1.1699613594541487,3.1723278940739723,2.457931497600992,26485.240689658207,SYNTHETIC_PROTOTYPE_DATA,False
emina-water-bright-glow-gel-041,emina-water-bright-glow-gel,gel_moisturizer,0.8043446755056922,0.5648647863188168,0.9342589372819192,1.4670480927059275,4.528565644171718,3.8510707179575316,34037.955993225805,SYNTHETIC_PROTOTYPE_DATA,False
emina-water-bright-glow-gel-042,emina-water-bright-glow-gel,gel_moisturizer,0.9097761127554786,0.6003721137925858,0.8611524399297645,1.4969217107201531,4.592871985892307,3.951387002348716,33126.15923373365,SYNTHETIC_PROTOTYPE_DATA,False
emina-water-bright-glow-gel-043,emina-water-bright-glow-gel,gel_moisturizer,0.7686649872815172,0.5370010790373578,0.46125267696338534,1.3380973488926158,3.7510699019630143,3.3254300604340026,22729.85173655168,SYNTHETIC_PROTOTYPE_DATA,False
emina-water-bright-glow-gel-044,emina-water-bright-glow-gel,gel_moisturizer,0.14408449812507332,0.26860274681499285,0.8857952095625883,1.1919447219536792,3.327133587415993,2.6078382953113133,27394.296144028434,SYNTHETIC_PROTOTYPE_DATA,False
emina-water-bright-glow-gel-045,emina-water-bright-glow-gel,gel_moisturizer,0.6929085813618014,0.4564433031963805,0.35327579856578406,1.2638675830184887,3.4440311739073697,3.0143657921451834,19583.413675310774,SYNTHETIC_PROTOTYPE_DATA,False
emina-water-bright-glow-gel-046,emina-water-bright-glow-gel,gel_moisturizer,0.3341253057289729,0.14421366673581185,0.3716881204945474,1.0264249952198938,2.534143309326972,1.9739398706046647,17272.534720764874,SYNTHETIC_PROTOTYPE_DATA,False
emina-water-bright-glow-gel-047,emina-water-bright-glow-gel,gel_moisturizer,0.2092745603709853,0.30312772254505305,0.5057068856770299,1.132719503390948,3.0145660794477473,2.471496696899108,19762.914805337452,SYNTHETIC_PROTOTYPE_DATA,False
emina-water-bright-glow-gel-048,emina-water-bright-glow-gel,gel_moisturizer,0.5450379234192859,0.6356182785130315,0.2435435418233007,1.3057711577896143,3.5643215556471635,3.379121536685168,16834.843875454982,SYNTHETIC_PROTOTYPE_DATA,False
emina-water-bright-glow-gel-049,emina-water-bright-glow-gel,gel_moisturizer,0.22758631238889782,0.5722322231669301,0.8565053905876217,1.3613319552626466,4.145786885051789,3.465681765110669,28034.222111628667,SYNTHETIC_PROTOTYPE_DATA,False
emina-water-bright-glow-gel-050,emina-water-bright-glow-gel,gel_moisturizer,0.7992515649439775,0.17689539427451773,0.06167890625540624,1.080046511295514,2.4744737249124618,2.106400191435538,12672.55618162672,SYNTHETIC_PROTOTYPE_DATA,False
emina-water-bright-glow-gel-051,emina-water-bright-glow-gel,gel_moisturizer,0.9579106337398696,0.8702212516345998,0.38035012920102473,1.5416452387247772,4.494133586992308,4.395292808880656,22808.84196385916,SYNTHETIC_PROTOTYPE_DATA,False
emina-water-bright-glow-gel-052,emina-water-bright-glow-gel,gel_moisturizer,0.24661756674176138,0.0709391263892928,0.7790791593115852,1.0524355572885147,2.7469577576761317,2.0942371636822283,25242.797213035225,SYNTHETIC_PROTOTYPE_DATA,False
emina-water-bright-glow-gel-053,emina-water-bright-glow-gel,gel_moisturizer,0.11795219842292978,0.9142584044865125,0.15540487114306217,1.360262342247617,3.7881604802022006,3.6526075917872554,13544.234098730967,SYNTHETIC_PROTOTYPE_DATA,False
emina-water-bright-glow-gel-054,emina-water-bright-glow-gel,gel_moisturizer,0.8651246461151615,0.6741246563819016,0.48324803834880486,1.4458209407466542,4.174895971474941,3.78527652559465,24209.489940174786,SYNTHETIC_PROTOTYPE_DATA,False
emina-water-bright-glow-gel-055,emina-water-bright-glow-gel,gel_moisturizer,0.5010183264484422,0.48248434577393723,0.31152462393794284,1.2396481228525151,3.282335777355211,2.86511321096742,17759.564829811265,SYNTHETIC_PROTOTYPE_DATA,False
emina-water-bright-glow-gel-056,emina-water-bright-glow-gel,gel_moisturizer,0.36236080602650367,0.8636594852107659,0.4395293747722936,1.4574996608751727,4.272815662369399,3.930478942105101,20705.87044931218,SYNTHETIC_PROTOTYPE_DATA,False
emina-water-bright-glow-gel-057,emina-water-bright-glow-gel,gel_moisturizer,0.4515327892978657,0.8758326312593241,0.5557185241106078,1.5169090164295822,4.5032606519609155,4.125965326901263,23789.22627870916,SYNTHETIC_PROTOTYPE_DATA,False
emina-water-bright-glow-gel-058,emina-water-bright-glow-gel,gel_moisturizer,0.14309753150227225,0.8683600555386005,0.26459143616323805,1.3739221154023853,3.8805220641954787,3.6320973710241655,15835.537954953488,SYNTHETIC_PROTOTYPE_DATA,False
emina-water-bright-glow-gel-059,emina-water-bright-glow-gel,gel_moisturizer,0.23914270960206935,0.1414244724494249,0.8678328680256574,1.116985802634213,3.0950666352928327,2.310815912574064,27258.46571179621,SYNTHETIC_PROTOTYPE_DATA,False
emina-water-bright-glow-gel-060,emina-water-bright-glow-gel,gel_moisturizer,0.7629843898789841,0.5788528057595494,0.3941056116533681,1.362687412631785,3.746174989221347,3.416776418215065,21180.83379474284,SYNTHETIC_PROTOTYPE_DATA,False
emina-water-bright-glow-gel-061,emina-water-bright-glow-gel,gel_moisturizer,0.8564828816834632,0.6855159650387472,0.4249252077410693,1.4441277187702326,4.100208155895724,3.7841591532989423,22786.337437842165,SYNTHETIC_PROTOTYPE_DATA,False
emina-water-bright-glow-gel-062,emina-water-bright-glow-gel,gel_moisturizer,0.57895652172223,0.06068876510995807,0.8520680947152872,1.1114846688803854,3.044561269446184,2.2387488016073944,29194.070455734633,SYNTHETIC_PROTOTYPE_DATA,False
emina-water-bright-glow-gel-063,emina-water-bright-glow-gel,gel_moisturizer,0.23147213994760982,0.11909470056152946,0.18391596199631555,0.9684564099834715,2.1830905302814867,1.7241547916500863,12624.22323971334,SYNTHETIC_PROTOTYPE_DATA,False
emina-water-bright-glow-gel-064,emina-water-bright-glow-gel,gel_moisturizer,0.6799273145255499,0.7342777301970976,0.853708909136192,1.543430355615303,4.831168065157169,4.166707791724592,31689.42307088234,SYNTHETIC_PROTOTYPE_DATA,False
emina-water-bright-glow-gel-065,emina-water-bright-glow-gel,gel_moisturizer,0.7485033088578882,0.8044323584433464,0.06454877094370734,1.3881292230557067,3.7487350565272006,3.7654565800035313,14017.994258327017,SYNTHETIC_PROTOTYPE_DATA,False
emina-water-bright-glow-gel-066,emina-water-bright-glow-gel,gel_moisturizer,0.6482745999922445,0.29762577688485786,0.5072692158133025,1.204013977644606,3.168117506677785,2.6376328555484014,22440.943377804404,SYNTHETIC_PROTOTYPE_DATA,False
emina-water-bright-glow-gel-067,emina-water-bright-glow-gel,gel_moisturizer,0.6982073795775019,0.11265061437284771,0.3675023345703736,1.087903868438245,2.6374522040598976,2.044552782059622,19101.866850169583,SYNTHETIC_PROTOTYPE_DATA,False
emina-water-bright-glow-gel-068,emina-water-bright-glow-gel,gel_moisturizer,0.8300505022625441,0.551153047124928,0.3433318739431436,1.3288742447164674,3.6761949638763434,3.3126027153148123,20337.90054760868,SYNTHETIC_PROTOTYPE_DATA,False
emina-water-bright-glow-gel-069,emina-water-bright-glow-gel,gel_moisturizer,0.627353236649947,0.06851693041676048,0.6134737672522098,1.083831130818247,2.7734714001433596,2.1326024355850595,24095.788351868676,SYNTHETIC_PROTOTYPE_DATA,False
emina-water-bright-glow-gel-070,emina-water-bright-glow-gel,gel_moisturizer,0.8040575409031395,0.5242236989570429,0.19555973157368084,1.2773861726476805,3.354664256612697,3.171979650550942,16784.77264020898,SYNTHETIC_PROTOTYPE_DATA,False
emina-water-bright-glow-gel-071,emina-water-bright-glow-gel,gel_moisturizer,0.2733737602068036,0.7366851688561117,0.6162628403882496,1.4183882025014787,4.183678089791996,3.6694665471845354,23728.41835719709,SYNTHETIC_PROTOTYPE_DATA,False
emina-water-bright-glow-gel-072,emina-water-bright-glow-gel,gel_moisturizer,0.17810800246674482,0.22487624893616487,0.9515946094454784,1.181479942816143,3.3247217005263825,2.5956343654011698,28843.473215446767,SYNTHETIC_PROTOTYPE_DATA,False
emina-water-bright-glow-gel-073,emina-water-bright-glow-gel,gel_moisturizer,0.6644464411117594,0.5195831126419798,0.8363309859653605,1.4115653860878519,4.216587323966977,3.5557354019347183,30716.68862810941,SYNTHETIC_PROTOTYPE_DATA,False
emina-water-bright-glow-gel-074,emina-water-bright-glow-gel,gel_moisturizer,0.09637067447351036,0.7484403926314934,0.7141399160368691,1.419232315455421,4.302047433574526,3.6588624552165934,24670.571831540394,SYNTHETIC_PROTOTYPE_DATA,False
emina-water-bright-glow-gel-075,emina-water-bright-glow-gel,gel_moisturizer,0.17297333075501828,0.9509242832313248,0.15322261106910642,1.3839498590705366,3.8534897730517854,3.815966164122302,13916.192555228527,SYNTHETIC_PROTOTYPE_DATA,False
emina-water-bright-glow-gel-076,emina-water-bright-glow-gel,gel_moisturizer,0.7377115555692154,0.35322475073601833,0.2603490970772743,1.1904898275281035,3.007379277109399,2.656865742878069,17438.261325901174,SYNTHETIC_PROTOTYPE_DATA,False
emina-water-bright-glow-gel-077,emina-water-bright-glow-gel,gel_moisturizer,0.49895979466006585,0.8214189894722145,0.1025855962607084,1.3740368705824701,3.7123072898382383,3.6287148735591286,13916.894293243819,SYNTHETIC_PROTOTYPE_DATA,False
emina-water-bright-glow-gel-078,emina-water-bright-glow-gel,gel_moisturizer,0.2949868007241727,0.8782717570138528,0.6913064871073561,1.534747614247023,4.651092483805426,4.141984400355185,25762.17986614005,SYNTHETIC_PROTOTYPE_DATA,False
emina-water-bright-glow-gel-079,emina-water-bright-glow-gel,gel_moisturizer,0.8894342623941013,0.5695175019807346,0.368521178569276,1.362709808870095,3.7791480011214915,3.464456848907113,21330.85716880148,SYNTHETIC_PROTOTYPE_DATA,False
emina-water-bright-glow-gel-080,emina-water-bright-glow-gel,gel_moisturizer,0.1907352874001447,0.10952692074149781,0.47152760337919597,1.017827771296513,2.4954777210126338,1.8925595678391127,18417.78022834246,SYNTHETIC_PROTOTYPE_DATA,False
emina-water-bright-glow-gel-081,emina-water-bright-glow-gel,gel_moisturizer,0.19892481625021152,0.7433115427967304,0.23346794210742333,1.308841835956485,3.5676894180222365,3.3258793042134616,15048.431448639942,SYNTHETIC_PROTOTYPE_DATA,False
emina-water-bright-glow-gel-082,emina-water-bright-glow-gel,gel_moisturizer,0.7854661266817302,0.739271905603745,0.1976668282541891,1.4061437906952643,3.7518645462990285,3.77634277188488,17188.903443548552,SYNTHETIC_PROTOTYPE_DATA,False
emina-water-bright-glow-gel-083,emina-water-bright-glow-gel,gel_moisturizer,0.8311153980667895,0.28976993029101894,0.11668049455711665,1.1484540375511165,2.837457490518124,2.4471343575214766,14435.222061783215,SYNTHETIC_PROTOTYPE_DATA,False
emina-water-bright-glow-gel-084,emina-water-bright-glow-gel,gel_moisturizer,0.7875227458834669,0.42278270513118227,0.9131885420268608,1.3767858061468923,4.149631429312045,3.391334741282951,33141.11439840548,SYNTHETIC_PROTOTYPE_DATA,False
emina-water-bright-glow-gel-085,emina-water-bright-glow-gel,gel_moisturizer,0.7724451509022762,0.6544084581030639,0.6864112917912222,1.4633714129999198,4.370765599812909,3.8971337915616466,28425.78346211727,SYNTHETIC_PROTOTYPE_DATA,False
emina-water-bright-glow-gel-086,emina-water-bright-glow-gel,gel_moisturizer,0.36531497603435065,0.3781275983393517,0.12173281271687819,1.1130766488877002,2.7375841288540803,2.3742185840690784,12527.036442271556,SYNTHETIC_PROTOTYPE_DATA,False
emina-water-bright-glow-gel-087,emina-water-bright-glow-gel,gel_moisturizer,0.12248312026051916,0.12008514393738276,0.5012421639729473,1.0070883150990408,2.512895645373316,1.9489061261091518,18796.84121535285,SYNTHETIC_PROTOTYPE_DATA,False
emina-water-bright-glow-gel-088,emina-water-bright-glow-gel,gel_moisturizer,0.15890431344694766,0.21989886691323696,0.4927419144695421,1.072626571764108,2.76132620676072,2.201147600779895,18968.99496989478,SYNTHETIC_PROTOTYPE_DATA,False
emina-water-bright-glow-gel-089,emina-water-bright-glow-gel,gel_moisturizer,0.19930289056137832,0.2625916745563373,0.7441808159837439,1.1504203666290012,3.1821102075948855,2.5192608912057293,24776.229510986792,SYNTHETIC_PROTOTYPE_DATA,False
emina-water-bright-glow-gel-090,emina-water-bright-glow-gel,gel_moisturizer,0.901448836900004,0.22787125719579854,0.9119186139824913,1.2814598453840091,3.697697835488366,2.9093586303638115,33450.20475670029,SYNTHETIC_PROTOTYPE_DATA,False
emina-water-bright-glow-gel-091,emina-water-bright-glow-gel,gel_moisturizer,0.11657246642732672,0.6735580461823705,0.13842273707673958,1.2273114504395966,3.213210382127756,3.0099118125250786,12478.390856659464,SYNTHETIC_PROTOTYPE_DATA,False
emina-water-bright-glow-gel-092,emina-water-bright-glow-gel,gel_moisturizer,0.9530010836819105,0.756393993547343,0.31276494296380347,1.4624530446745736,4.1116295153585405,3.9909159867221957,20928.66141017822,SYNTHETIC_PROTOTYPE_DATA,False
emina-water-bright-glow-gel-093,emina-water-bright-glow-gel,gel_moisturizer,0.4921817787205939,0.6055142773288598,0.14392424270280563,1.2644608693432164,3.290489071200348,3.1245340679101465,14192.18780855053,SYNTHETIC_PROTOTYPE_DATA,False
emina-water-bright-glow-gel-094,emina-water-bright-glow-gel,gel_moisturizer,0.936300356595151,0.3801273005510901,0.8010958327996803,1.3481215508168447,3.9579372792898018,3.298308050858438,31428.24609627728,SYNTHETIC_PROTOTYPE_DATA,False
emina-water-bright-glow-gel-095,emina-water-bright-glow-gel,gel_moisturizer,0.8526827517083466,0.7529192715209444,0.5891214424247465,1.5083854998510322,4.579195701185676,4.091760287910892,26769.74038012928,SYNTHETIC_PROTOTYPE_DATA,False
wardah-hydra-rose-cleanser-000,wardah-hydra-rose-cleanser,facial_cleanser,0.5,0.4,0.3125,1.1617499999999998,3.0831250000000003,2.8249999999999997,18268.75,SYNTHETIC_PROTOTYPE_DATA,False
wardah-hydra-rose-cleanser-001,wardah-hydra-rose-cleanser,facial_cleanser,0.8534792186617312,0.8767290877950964,0.34412359078932675,1.4953041647554506,4.412519248559587,4.412682418556714,22174.17601422691,SYNTHETIC_PROTOTYPE_DATA,False
wardah-hydra-rose-cleanser-002,wardah-hydra-rose-cleanser,facial_cleanser,0.4212493655116826,0.28658201545984285,0.049210760483024196,1.0265497237078867,2.3942550953171664,2.285472800370812,11726.641885978484,SYNTHETIC_PROTOTYPE_DATA,False
wardah-hydra-rose-cleanser-003,wardah-hydra-rose-cleanser,facial_cleanser,0.5930206109401612,0.0982084697927175,0.7421581758558766,1.094308926425851,3.0302916899873313,2.4025445228006688,27690.26214894082,SYNTHETIC_PROTOTYPE_DATA,False
wardah-hydra-rose-cleanser-004,wardah-hydra-rose-cleanser,facial_cleanser,0.471628918195242,0.5437256985817503,0.6097216685309659,1.3046362221699055,3.8541790833952643,3.437033656512265,25011.22143242106,SYNTHETIC_PROTOTYPE_DATA,False
wardah-hydra-rose-cleanser-005,wardah-hydra-rose-cleanser,facial_cleanser,0.827265250710909,0.9174770892643689,0.957357112733954,1.6798759218641295,5.51717726910908,4.955559458483453,36493.026475295694,SYNTHETIC_PROTOTYPE_DATA,False
wardah-hydra-rose-cleanser-006,wardah-hydra-rose-cleanser,facial_cleanser,0.07830975993277779,0.10129211988254641,0.35415546285458704,0.9377633979288208,2.2541097154101544,1.9008849167247017,16051.032131653707,SYNTHETIC_PROTOTYPE_DATA,False
wardah-hydra-rose-cleanser-007,wardah-hydra-rose-cleanser,facial_cleanser,0.5720810103409946,0.11365459913329384,0.35563653412227403,1.0304966815683243,2.5411369334916443,2.101090540671532,18888.794041918612,SYNTHETIC_PROTOTYPE_DATA,False
wardah-hydra-rose-cleanser-008,wardah-hydra-rose-cleanser,facial_cleanser,0.7857990611772818,0.5835627961777407,0.39033193474527966,1.322268156242907,3.724162149798507,3.6196824292311556,22069.69585249613,SYNTHETIC_PROTOTYPE_DATA,False
wardah-hydra-rose-cleanser-009,wardah-hydra-rose-cleanser,facial_cleanser,0.17383705734432015,0.4299916823718296,0.5103710629146022,1.1827301580357261,3.2633941756119764,2.8997263371629485,20887.64383810017,SYNTHETIC_PROTOTYPE_DATA,False
wardah-hydra-rose-cleanser-010,wardah-hydra-rose-cleanser,facial_cleanser,0.2036654234574469,0.29870249279578415,0.05168250098353477,0.986414474261348,2.402319846220137,2.179755853840522,10967.5766563657,SYNTHETIC_PROTOTYPE_DATA,False
wardah-hydra-rose-cleanser-011,wardah-hydra-rose-cleanser,facial_cleanser,0.7041435124254524,0.14862752255156675,0.8955308419555497,1.1706590463616158,3.3677020704849365,2.7112844397877,32043.586389462504,SYNTHETIC_PROTOTYPE_DATA,False
wardah-hydra-rose-cleanser-012,wardah-hydra-rose-cleanser,facial_cleanser,0.923458504389855,0.24320058432089997,0.6337046052830484,1.208198729399565,3.356650064270913,2.886362153796294,27703.906521342396,SYNTHETIC_PROTOTYPE_DATA,False
wardah-hydra-rose-cleanser-013,wardah-hydra-rose-cleanser,facial_cleanser,0.45531402919076225,0.19632274811244846,0.0526152422145576,0.9978000088386493,2.304540627975186,2.0605001610772757,11765.36181750493,SYNTHETIC_PROTOTYPE_DATA,False
wardah-hydra-rose-cleanser-014,wardah-hydra-rose-cleanser,facial_cleanser,0.11504480775723205,0.18243323191019087,0.5921123278915585,1.0400588054430397,2.6976856579651125,2.3201462317660555,21507.618016537046,SYNTHETIC_PROTOTYPE_DATA,False
wardah-hydra-rose-cleanser-015,wardah-hydra-rose-cleanser,facial_cleanser,0.9135410920253784,0.6299571167882237,0.9221603528462194,1.4925596916744845,4.711251990096345,4.220656175494895,35617.2563196239,SYNTHETIC_PROTOTYPE_DATA,False
wardah-hydra-rose-cleanser-016,wardah-hydra-rose-cleanser,facial_cleanser,0.824132115858353,0.20064256632982255,0.4041873125983484,1.1258016126597024,2.8909025272059266,2.555141426335486,21645.223114298555,SYNTHETIC_PROTOTYPE_DATA,False
wardah-hydra-rose-cleanser-017,wardah-hydra-rose-cleanser,facial_cleanser,0.7635004591074988,0.7483533242411519,0.17338565323052424,1.3700477335013985,3.7653567379438795,3.8544441755970387,17391.095841492708,SYNTHETIC_PROTOTYPE_DATA,False
wardah-hydra-rose-cleanser-018,wardah-hydra-rose-cleanser,facial_cleanser,0.2545289515685811,0.2318975038615477,0.743961939707128,1.1265269104414708,3.1076309051934734,2.639360224368588,25710.20556820465,SYNTHETIC_PROTOTYPE_DATA,False
wardah-hydra-rose-cleanser-019,wardah-hydra-rose-cleanser,facial_cleanser,0.21980251923092692,0.6917817663955933,0.7505389721952047,1.3956335689794759,4.23149297502054,3.79061273050282,26839.85586003602,SYNTHETIC_PROTOTYPE_DATA,False
wardah-hydra-rose-cleanser-020,wardah-hydra-rose-cleanser,facial_cleanser,0.39878362401564404,0.4596283025891903,0.46126927215201546,1.2198407667409301,3.383097370028046,3.021438330433664,21119.312519311123,SYNTHETIC_PROTOTYPE_DATA,False
wardah-hydra-rose-cleanser-021,wardah-hydra-rose-cleanser,facial_cleanser,0.8123343347709095,0.7806939714738124,0.8790260064266187,1.5733803803751651,4.9781315866409726,4.4943732573448205,34176.90517799757,SYNTHETIC_PROTOTYPE_DATA,False
wardah-hydra-rose-cleanser-022,wardah-hydra-rose-cleanser,facial_cleanser,0.41455976896093155,0.3894776738760724,0.489351194713207,1.1915782161511415,3.2394226212012174,2.882961318578553,21644.351315694923,SYNTHETIC_PROTOTYPE_DATA,False
wardah-hydra-rose-cleanser-023,wardah-hydra-rose-cleanser,facial_cleanser,0.9436431895898484,0.7515372296189405,0.37740002333615635,1.45376903544738,4.2023981747014005,4.123435402208685,23110.66869187893,SYNTHETIC_PROTOTYPE_DATA,False
wardah-hydra-rose-cleanser-024,wardah-hydra-rose-cleanser,facial_cleanser,0.8884893723336437,0.9539284426658722,0.8611662746890706,1.6639567038019738,5.446990996964786,5.0367261064106295,34781.03896719892,SYNTHETIC_PROTOTYPE_DATA,False
wardah-hydra-rose-cleanser-025,wardah-hydra-rose-cleanser,facial_cleanser,0.428530681898531,0.06517701159684616,0.7625688491695539,1.0579274697016532,2.83507263075102,2.2523909957704595,26819.768270411485,SYNTHETIC_PROTOTYPE_DATA,False
wardah-hydra-rose-cleanser-026,wardah-hydra-rose-cleanser,facial_cleanser,0.6445291362735571,0.6277719919645429,0.3980909970230376,1.3370155986032992,3.7806340101954103,3.5640599364723013,21602.144574440794,SYNTHETIC_PROTOTYPE_DATA,False
wardah-hydra-rose-cleanser-027,wardah-hydra-rose-cleanser,facial_cleanser,0.8638875362410127,0.2890824772959945,0.2888269989434076,1.1593545199975637,3.0441682138449506,2.6791715172569046,19347.9716913186,SYNTHETIC_PROTOTYPE_DATA,False
wardah-hydra-rose-cleanser-028,wardah-hydra-rose-cleanser,facial_cleanser,0.5102107240670787,0.7226510585050325,0.4905097833660849,1.3758004772329566,4.032324338180802,3.834266603902808,23101.22709321541,SYNTHETIC_PROTOTYPE_DATA,False
wardah-hydra-rose-cleanser-029,wardah-hydra-rose-cleanser,facial_cleanser,0.6889532190733597,0.7593183149571048,0.710285295541094,1.478838182117591,4.5796245458736236,4.214838370737171,29434.9637072412,SYNTHETIC_PROTOTYPE_DATA,False
wardah-hydra-rose-cleanser-030,wardah-hydra-rose-cleanser,facial_cleanser,0.2045598639485505,0.9024391628660053,0.455293171918528,1.4260754235632491,4.261197170535916,4.027194609081832,21030.906070596146,SYNTHETIC_PROTOTYPE_DATA,False
wardah-hydra-rose-cleanser-031,wardah-hydra-rose-cleanser,facial_cleanser,0.2126839645002441,0.14662329113420056,0.25985896456774504,0.9700902575878383,2.264966063930405,1.940615982329658,15021.497239520539,SYNTHETIC_PROTOTYPE_DATA,False
wardah-hydra-rose-cleanser-032,wardah-hydra-rose-cleanser,facial_cleanser,0.7127665201659854,0.8116648424963608,0.875406266119173,1.5657392145159013,5.022599671968068,4.516926024573735,33464.60226594692,SYNTHETIC_PROTOTYPE_DATA,False
wardah-hydra-rose-cleanser-033,wardah-hydra-rose-cleanser,facial_cleanser,0.33112325653531555,0.04081843636877645,0.16442422490947584,0.9147403343010818,1.9433291990965347,1.696569562889121,13186.559836202046,SYNTHETIC_PROTOTYPE_DATA,False
wardah-hydra-rose-cleanser-034,wardah-hydra-rose-cleanser,facial_cleanser,0.6994598305477554,0.8375760151505568,0.7170968045824622,1.5311652812804335,4.8641190026306695,4.476688321926294,29899.859533682917,SYNTHETIC_PROTOTYPE_DATA,False
wardah-hydra-rose-cleanser-035,wardah-hydra-rose-cleanser,facial_cleanser,0.9531414868660066,0.1691582307733345,0.7805858440517444,1.1928031508680774,3.3754600314387138,2.7518989576635255,31304.279006629975,SYNTHETIC_PROTOTYPE_DATA,False
wardah-hydra-rose-cleanser-036,wardah-hydra-rose-cleanser,facial_cleanser,0.45268503778187485,0.11536996764668961,0.8470244705237298,1.100423519689863,3.0629716037459924,2.423723702777344,29049.16401454582,SYNTHETIC_PROTOTYPE_DATA,False
wardah-hydra-rose-cleanser-037,wardah-hydra-rose-cleanser,facial_cleanser,0.776957655169161,0.44448170713836244,0.10469758623562866,1.1885653222521189,3.049595361577183,2.925539436654177,15051.969979217174,SYNTHETIC_PROTOTYPE_DATA,False
wardah-hydra-rose-cleanser-038,wardah-hydra-rose-cleanser,facial_cleanser,0.16242495687691602,0.37908887505362415,0.3903507347484675,1.1129493962558838,2.941563862167511,2.6428296758750265,18084.487473705947,SYNTHETIC_PROTOTYPE_DATA,False
wardah-hydra-rose-cleanser-039,wardah-hydra-rose-cleanser,facial_cleanser,0.04811622343967137,0.15305712184457382,0.6944857120044217,1.0277692867591475,2.7545983366383338,2.271414685814509,23095.03951797545,SYNTHETIC_PROTOTYPE_DATA,False
wardah-hydra-rose-cleanser-040,wardah-hydra-rose-cleanser,facial_cleanser,0.337120137466561,0.6773882287514313,0.13458718860455668,1.247629671464845,3.3038366926540412,3.318781633973905,14222.268499384318,SYNTHETIC_PROTOTYPE_DATA,False
wardah-hydra-rose-cleanser-041,wardah-hydra-rose-cleanser,facial_cleanser,0.8832993751275658,0.6029502357754686,0.3984621961658286,1.3567949924847047,3.875773604921978,3.740727012935902,22948.075284865005,SYNTHETIC_PROTOTYPE_DATA,False
wardah-hydra-rose-cleanser-042,wardah-hydra-rose-cleanser,facial_cleanser,0.400241566638567,0.4873327076310739,0.8595268984221285,1.3152055452379896,3.9738612716287,3.4544684382701423,29848.64215541648,SYNTHETIC_PROTOTYPE_DATA,False
wardah-hydra-rose-cleanser-043,wardah-hydra-rose-cleanser,facial_cleanser,0.2820682516631807,0.49652396571052676,0.5728845988120288,1.234729491218185,3.555672590669125,3.1761741830462307,22992.99491656772,SYNTHETIC_PROTOTYPE_DATA,False
wardah-hydra-rose-cleanser-044,wardah-hydra-rose-cleanser,facial_cleanser,0.08940354225510158,0.9288885811193498,0.48283913248542853,1.4299892336430675,4.290229943809284,4.071267758215983,20945.800313810178,SYNTHETIC_PROTOTYPE_DATA,False
wardah-hydra-rose-cleanser-045,wardah-hydra-rose-cleanser,facial_cleanser,0.6840138744900065,0.8763490879849143,0.8151903185292416,1.587724950083456,5.057987535742498,4.662775028804423,32092.913764949768,SYNTHETIC_PROTOTYPE_DATA,False
wardah-hydra-rose-cleanser-046,wardah-hydra-rose-cleanser,facial_cleanser,0.6622207041578791,0.7946083459361083,0.9362980494404191,1.57341262727604,5.001112038611587,4.469565929892505,34425.578519047995,SYNTHETIC_PROTOTYPE_DATA,False
wardah-hydra-rose-cleanser-047,wardah-hydra-rose-cleanser,facial_cleanser,0.20557610260063153,0.9325998844206561,0.4849522571273905,1.4541696418772079,4.422977669088828,4.125342617624751,21744.12176445516,SYNTHETIC_PROTOTYPE_DATA,False
wardah-hydra-rose-cleanser-048,wardah-hydra-rose-cleanser,facial_cleanser,0.6322139586601228,0.4245519537516573,0.8912543676028541,1.3199094860684977,3.9827843107164704,3.484763283040562,32179.896973721123,SYNTHETIC_PROTOTYPE_DATA,False
wardah-hydra-rose-cleanser-049,wardah-hydra-rose-cleanser,facial_cleanser,0.7000655599049833,0.8601460076307169,0.31543699221805144,1.4545729672535954,4.15823154412925,4.208007643424048,20559.740055346418,SYNTHETIC_PROTOTYPE_DATA,False
wardah-hydra-rose-cleanser-050,wardah-hydra-rose-cleanser,facial_cleanser,0.8122099501327728,0.1609829989243968,0.36920996627081143,1.1035816458356065,2.84545462040863,2.359685883801532,20604.411005014255,SYNTHETIC_PROTOTYPE_DATA,False
wardah-hydra-rose-cleanser-051,wardah-hydra-rose-cleanser,facial_cleanser,0.6722807312204834,0.15483242027909108,0.770625361718385,1.1489156238427332,3.2377946469487955,2.6159107459059467,29135.676608278405,SYNTHETIC_PROTOTYPE_DATA,False
wardah-hydra-rose-cleanser-052,wardah-hydra-rose-cleanser,facial_cleanser,0.602291767389449,0.6261104841706308,0.8756967647515829,1.4480757266811235,4.487606005151751,3.9169439643687207,32117.654982584525,SYNTHETIC_PROTOTYPE_DATA,False
wardah-hydra-rose-cleanser-053,wardah-hydra-rose-cleanser,facial_cleanser,0.18291989036866946,0.20687618691436138,0.19253496987578572,0.9832907119960328,2.345282908544197,2.044147493619219,13549.938417149988,SYNTHETIC_PROTOTYPE_DATA,False
wardah-hydra-rose-cleanser-054,wardah-hydra-rose-cleanser,facial_cleanser,0.22578533094110215,0.04190183015861356,0.5538822668204412,0.9672017950420557,2.4176232918601097,1.9641404112449352,21071.564996947178,SYNTHETIC_PROTOTYPE_DATA,False
wardah-hydra-rose-cleanser-055,wardah-hydra-rose-cleanser,facial_cleanser,0.7401084061914808,0.9158171868592887,0.3486347109797012,1.4920561969663588,4.432737663299256,4.462099770044581,21707.587485811775,SYNTHETIC_PROTOTYPE_DATA,False
wardah-hydra-rose-cleanser-056,wardah-hydra-rose-cleanser,facial_cleanser,0.7486521810223193,0.6656604857087198,0.37653971213188625,1.3733359676504173,3.9286659794513623,3.7748161818044594,21860.235980746707,SYNTHETIC_PROTOTYPE_DATA,False
wardah-hydra-rose-cleanser-057,wardah-hydra-rose-cleanser,facial_cleanser,0.08055887482204352,0.5439115238468455,0.08875008864818315,1.1143348651868559,2.8029697169761905,2.7572746618404604,11776.762153875028,SYNTHETIC_PROTOTYPE_DATA,False
wardah-hydra-rose-cleanser-058,wardah-hydra-rose-cleanser,facial_cleanser,0.16472418728183946,0.09708156921262662,0.3025042377861772,0.9470694898681661,2.224610929899026,1.8550103896911987,15526.498289730158,SYNTHETIC_PROTOTYPE_DATA,False
wardah-hydra-rose-cleanser-059,wardah-hydra-rose-cleanser,facial_cleanser,0.7208898828706105,0.2210938395786358,0.7505152507355786,1.187150937785279,3.326909457701796,2.802400203275945,29025.413515251992,SYNTHETIC_PROTOTYPE_DATA,False
wardah-hydra-rose-cleanser-060,wardah-hydra-rose-cleanser,facial_cleanser,0.15964921612064054,0.5945658047585327,0.07600544470076377,1.1434271512517382,3.0069347793120524,2.960867642307813,12033.08227500064,SYNTHETIC_PROTOTYPE_DATA,False
wardah-hydra-rose-cleanser-061,wardah-hydra-rose-cleanser,facial_cleanser,0.7430444270684062,0.7194713569969673,0.4278144810640723,1.395124317058105,4.151742014292593,3.9566317892083496,23147.646718214935,SYNTHETIC_PROTOTYPE_DATA,False
wardah-hydra-rose-cleanser-062,wardah-hydra-rose-cleanser,facial_cleanser,0.9371529688056499,0.337074189477723,0.19562734145949717,1.1809611131665085,3.03395834793589,2.7985421797509735,17653.2756259627,SYNTHETIC_PROTOTYPE_DATA,False
wardah-hydra-rose-cleanser-063,wardah-hydra-rose-cleanser,facial_cleanser,0.1804420236557841,0.8794692616732382,0.2848446671863682,1.3662342542937775,3.915966979722694,3.856013661323211,17227.99777512281,SYNTHETIC_PROTOTYPE_DATA,False
wardah-hydra-rose-cleanser-064,wardah-hydra-rose-cleanser,facial_cleanser,0.8575813245424638,0.32566913813058096,0.3540258555522662,1.1909997312026972,3.2133555745165596,2.8478453149592458,20971.958395892463,SYNTHETIC_PROTOTYPE_DATA,False
wardah-hydra-rose-cleanser-065,wardah-hydra-rose-cleanser,facial_cleanser,0.608977366321082,0.31950836088312506,0.6068411802263848,1.2086386705519545,3.369054318871235,2.9029452773211637,25240.810987855402,SYNTHETIC_PROTOTYPE_DATA,False
wardah-hydra-rose-cleanser-066,wardah-hydra-rose-cleanser,facial_cleanser,0.8420437750379312,0.8584502537749915,0.7152067240621389,1.574600301638182,4.881881548273232,4.66099107359456,30742.76575815972,SYNTHETIC_PROTOTYPE_DATA,False
wardah-hydra-rose-cleanser-067,wardah-hydra-rose-cleanser,facial_cleanser,0.12191471531224823,0.7487393532657793,0.6012056704293257,1.3731474523889602,4.086256227727746,3.745529782262258,23155.891812421494,SYNTHETIC_PROTOTYPE_DATA,False
wardah-hydra-rose-cleanser-068,wardah-hydra-rose-cleanser,facial_cleanser,0.9282509746097787,0.6343206706257715,0.0728051394245555,1.2993155419598088,3.474591700099364,3.5512618520514843,15556.59567740529,SYNTHETIC_PROTOTYPE_DATA,False
wardah-hydra-rose-cleanser-069,wardah-hydra-rose-cleanser,facial_cleanser,0.9042720100200132,0.8813085181056822,0.4055739156379261,1.4984394627299034,4.51003096974595,4.469054221489928,23936.23461194081,SYNTHETIC_PROTOTYPE_DATA,False
wardah-hydra-rose-cleanser-070,wardah-hydra-rose-cleanser,facial_cleanser,0.47133592763810805,0.15591022576865995,0.7979843009590067,1.1266467158659528,3.0912573931631093,2.5939978991167747,28166.119690308267,SYNTHETIC_PROTOTYPE_DATA,False
wardah-hydra-rose-cleanser-071,wardah-hydra-rose-cleanser,facial_cleanser,0.5850370819960774,0.6345711219805014,0.790082116270453,1.4191763307609209,4.371381548420793,3.832574427579672,30101.77465737149,SYNTHETIC_PROTOTYPE_DATA,False
wardah-hydra-rose-cleanser-072,wardah-hydra-rose-cleanser,facial_cleanser,0.4578582529938543,0.14383063278881714,0.709446826199647,1.0937213756372706,2.9924742614953366,2.464279303408263,26025.416836965058,SYNTHETIC_PROTOTYPE_DATA,False
wardah-hydra-rose-cleanser-073,wardah-hydra-rose-cleanser,facial_cleanser,0.3427995662656068,0.3523366988904058,0.9185494413842222,1.2468267468996115,3.6569222163833177,3.083777311632047,30493.954122741852,SYNTHETIC_PROTOTYPE_DATA,False
wardah-hydra-rose-cleanser-074,wardah-hydra-rose-cleanser,facial_cleanser,0.615452702498995,0.07730087913682429,0.6774783789068938,1.0758016508988075,2.8721357889997723,2.3352338067886964,26329.398907397608,SYNTHETIC_PROTOTYPE_DATA,False
wardah-hydra-rose-cleanser-075,wardah-hydra-rose-cleanser,facial_cleanser,0.5475002011527543,0.7628890291507003,0.8164308361066538,1.5045900707284625,4.732257112335436,4.27859181368453,30803.106664564944,SYNTHETIC_PROTOTYPE_DATA,False
wardah-hydra-rose-cleanser-076,wardah-hydra-rose-cleanser,facial_cleanser,0.2660491916433629,0.3921171044737181,0.6443473281926994,1.1971333294517066,3.3573362139676513,2.970806682068832,24079.472964897388,SYNTHETIC_PROTOTYPE_DATA,False
wardah-hydra-rose-cleanser-077,wardah-hydra-rose-cleanser,facial_cleanser,0.07012605282675366,0.3744867209071372,0.956781080489345,1.2217846134571413,3.6756966997475558,3.025170433648908,29179.30191046579,SYNTHETIC_PROTOTYPE_DATA,False
wardah-hydra-rose-cleanser-078,wardah-hydra-rose-cleanser,facial_cleanser,0.34798319097096664,0.6941814123621716,0.7455449277186259,1.4096885431248312,4.27583889688351,3.818080411293637,27558.907958884072,SYNTHETIC_PROTOTYPE_DATA,False
wardah-hydra-rose-cleanser-079,wardah-hydra-rose-cleanser,facial_cleanser,0.5547239595409756,0.26529273508968126,0.8979528939062695,1.2158761969264438,3.546780565794301,2.9501580912449987,31353.8725547736,SYNTHETIC_PROTOTYPE_DATA,False
wardah-hydra-rose-cleanser-080,wardah-hydra-rose-cleanser,facial_cleanser,0.50224662919532,0.39602741818203874,0.38310772783538855,1.1763391269637367,3.1540765289068426,2.9080793314807836,19854.022843935472,SYNTHETIC_PROTOTYPE_DATA,False
wardah-hydra-rose-cleanser-081,wardah-hydra-rose-cleanser,facial_cleanser,0.7544843619754398,0.6825681041451527,0.043122027518147886,1.2882612736916477,3.4486776085007698,3.5409366415998376,14083.153588553394,SYNTHETIC_PROTOTYPE_DATA,False
wardah-hydra-rose-cleanser-082,wardah-hydra-rose-cleanser,facial_cleanser,0.04340500825521382,0.9215065795380506,0.7232302689903621,1.4864511890747718,4.661346239241922,4.190310321627958,25744.072453865385,SYNTHETIC_PROTOTYPE_DATA,False
wardah-hydra-rose-cleanser-083,wardah-hydra-rose-cleanser,facial_cleanser,0.29576103174193435,0.10143374873112262,0.6001293835136806,1.0207359491909265,2.650775631245654,2.181024418903818,22480.783507117576,SYNTHETIC_PROTOTYPE_DATA,False
wardah-hydra-rose-cleanser-084,wardah-hydra-rose-cleanser,facial_cleanser,0.20066656263965935,0.5585059922419724,0.1268931244411735,1.1568808221764686,3.015365802001015,2.9186928768332816,13139.097021151641,SYNTHETIC_PROTOTYPE_DATA,False
wardah-hydra-rose-cleanser-085,wardah-hydra-rose-cleanser,facial_cleanser,0.24485619889877422,0.07539191861189594,0.31657029344193705,0.9409642834597549,2.2418516948408636,1.8694055697572118,16064.002789679782,SYNTHETIC_PROTOTYPE_DATA,False
wardah-hydra-rose-cleanser-086,wardah-hydra-rose-cleanser,facial_cleanser,0.0965458036605743,0.5710500253558066,0.9375443072537536,1.3392401849666782,4.174288441120893,3.514850627168591,29639.131079506584,SYNTHETIC_PROTOTYPE_DATA,False
wardah-hydra-rose-cleanser-087,wardah-hydra-rose-cleanser,facial_cleanser,0.05631212380948144,0.6090113051564147,0.37597825778421984,1.2165009488324936,3.434679365623233,3.196170040049179,17759.73112953418,SYNTHETIC_PROTOTYPE_DATA,False
wardah-hydra-rose-cleanser-088,wardah-hydra-rose-cleanser,facial_cleanser,0.41411061359512136,0.627630424656142,0.5963715298413762,1.3421774551997547,3.976438192963672,3.5508320046458435,24730.471256607874,SYNTHETIC_PROTOTYPE_DATA,False
wardah-hydra-rose-cleanser-089,wardah-hydra-rose-cleanser,facial_cleanser,0.5646957087242508,0.835014739853111,0.31967160045158644,1.4149942515630054,4.135979997494275,4.0180804507260595,19837.22124693021,SYNTHETIC_PROTOTYPE_DATA,False
wardah-hydra-rose-cleanser-090,wardah-hydra-rose-cleanser,facial_cleanser,0.1612819890113053,0.49978785678485776,0.7537309763364898,1.2582104808138872,3.7234851731589216,3.2087957327186785,26006.69793882099,SYNTHETIC_PROTOTYPE_DATA,False
wardah-hydra-rose-cleanser-091,wardah-hydra-rose-cleanser,facial_cleanser,0.4891102351973666,0.7404394256989237,0.7595843924282076,1.462978246480205,4.540351143666032,4.073521385614953,29060.002485605426,SYNTHETIC_PROTOTYPE_DATA,False
wardah-hydra-rose-cleanser-092,wardah-hydra-rose-cleanser,facial_cleanser,0.10574176198661675,0.7224876887655709,0.8521395821406244,1.4086833835509993,4.450405831671786,3.849517724006954,28340.307055921363,SYNTHETIC_PROTOTYPE_DATA,False
wardah-hydra-rose-cleanser-093,wardah-hydra-rose-cleanser,facial_cleanser,0.3457640315578537,0.20346661906823063,0.7187400082688826,1.1141408518612494,3.0810571093640213,2.5717788822638683,25696.012449367514,SYNTHETIC_PROTOTYPE_DATA,False
wardah-hydra-rose-cleanser-094,wardah-hydra-rose-cleanser,facial_cleanser,0.25104547018296186,0.06785348906948546,0.07345054453293087,0.8865621869893121,1.939577806419434,1.6487393653797686,10937.651988734851,SYNTHETIC_PROTOTYPE_DATA,False
wardah-hydra-rose-cleanser-095,wardah-hydra-rose-cleanser,facial_cleanser,0.6709656178401836,0.3064630989892497,0.8214867732181028,1.250643098746132,3.6899467856209087,3.0357251897527457,30632.307266739874,SYNTHETIC_PROTOTYPE_DATA,False
kahf-oil-comedo-face-wash-000,kahf-oil-comedo-face-wash,facial_cleanser,0.55,0.44000000000000006,0.34375,1.2491125,3.343,2.9359000000000006,19396.5,SYNTHETIC_PROTOTYPE_DATA,False
kahf-oil-comedo-face-wash-001,kahf-oil-comedo-face-wash,facial_cleanser,0.2911310747211369,0.04242056037957914,0.3443536807342033,0.9900786206208274,2.304716760043728,1.7837243490385053,16934.85296233967,SYNTHETIC_PROTOTYPE_DATA,False
kahf-oil-comedo-face-wash-002,kahf-oil-comedo-face-wash,facial_cleanser,0.1903256710816267,0.304817933794273,0.5518240525645248,1.1477565919191128,3.1330409563021777,2.570771972544097,21456.42880845998,SYNTHETIC_PROTOTYPE_DATA,False
kahf-oil-comedo-face-wash-003,kahf-oil-comedo-face-wash,facial_cleanser,0.11998746517690312,0.7371944725196394,0.1543085779491824,1.2902812952820988,3.460458241842225,3.2550902882588764,13838.79173943749,SYNTHETIC_PROTOTYPE_DATA,False
kahf-oil-comedo-face-wash-004,kahf-oil-comedo-face-wash,facial_cleanser,0.9026166059238614,0.25947365074653217,0.5129878064451224,1.2404726398782624,3.335902333061013,2.7827066620927265,24912.62757376087,SYNTHETIC_PROTOTYPE_DATA,False
kahf-oil-comedo-face-wash-005,kahf-oil-comedo-face-wash,facial_cleanser,0.23851339630781324,0.6611257321227693,0.22839372762604193,1.3060122213150198,3.4735777239284165,3.2457338683631884,15791.928688314636,SYNTHETIC_PROTOTYPE_DATA,False
kahf-oil-comedo-face-wash-006,kahf-oil-comedo-face-wash,facial_cleanser,0.9350501165781505,0.25993761788856273,0.36057929236734554,1.2190722107879013,3.2157003016437478,2.6622383739156383,21469.569321367824,SYNTHETIC_PROTOTYPE_DATA,False
kahf-oil-comedo-face-wash-007,kahf-oil-comedo-face-wash,facial_cleanser,0.23095085740604507,0.3990380729480873,0.5497533415614619,1.2212923575535817,3.4006899699965034,2.7621739717968072,21986.387185357784,SYNTHETIC_PROTOTYPE_DATA,False
kahf-oil-comedo-face-wash-008,kahf-oil-comedo-face-wash,facial_cleanser,0.7927463809504378,0.900318458568898,0.5021756094397534,1.5858784884373733,4.7583904543049895,4.511441273828626,25470.183742778434,SYNTHETIC_PROTOTYPE_DATA,False
kahf-oil-comedo-face-wash-009,kahf-oil-comedo-face-wash,facial_cleanser,0.4974878631623511,0.8114396477231016,0.8416773275595134,1.580664734132373,4.949451714414399,4.296860724520514,31229.4271337535,SYNTHETIC_PROTOTYPE_DATA,False
kahf-oil-comedo-face-wash-010,kahf-oil-comedo-face-wash,facial_cleanser,0.5709414354584816,0.8774957321768974,0.4353527920535542,1.513170855762293,4.483203837283194,4.211612187981076,22743.887472285987,SYNTHETIC_PROTOTYPE_DATA,False
kahf-oil-comedo-face-wash-011,kahf-oil-comedo-face-wash,facial_cleanser,0.8091605225990071,0.4224520856405144,0.35142759314622124,1.283065286347262,3.4663258800785473,3.051582140670598,20939.41564387,SYNTHETIC_PROTOTYPE_DATA,False
kahf-oil-comedo-face-wash-012,kahf-oil-comedo-face-wash,facial_cleanser,0.5599296070249612,0.8758805403032076,0.8901469617677717,1.651966453488846,5.209194715245951,4.627904579367142,32867.983456709364,SYNTHETIC_PROTOTYPE_DATA,False
kahf-oil-comedo-face-wash-013,kahf-oil-comedo-face-wash,facial_cleanser,0.22757394988839075,0.4233098033228948,0.9059431388504819,1.3200441794558375,3.893895092723133,3.1419917198500733,29644.11866638296,SYNTHETIC_PROTOTYPE_DATA,False
kahf-oil-comedo-face-wash-014,kahf-oil-comedo-face-wash,facial_cleanser,0.0497789434240133,0.47686709992470305,0.1902473294229159,1.1490637524174119,2.9051872820331517,2.633800421667096,13555.292290654843,SYNTHETIC_PROTOTYPE_DATA,False
kahf-oil-comedo-face-wash-015,kahf-oil-comedo-face-wash,facial_cleanser,0.1842969087720741,0.21452509030368333,0.2260336708747322,1.032995140762935,2.4613298764769533,2.070817348958304,14278.442517368596,SYNTHETIC_PROTOTYPE_DATA,False
kahf-oil-comedo-face-wash-016,kahf-oil-comedo-face-wash,facial_cleanser,0.5112047671539892,0.05231728211980158,0.11791575446510283,0.9888863237362355,2.17476975399525,1.6848517968447918,13320.512787088965,SYNTHETIC_PROTOTYPE_DATA,False
kahf-oil-comedo-face-wash-017,kahf-oil-comedo-face-wash,facial_cleanser,0.7028135734872801,0.05905282904451058,0.49881516861540287,1.0986305792378934,2.797783845898579,2.1052911857279852,22741.2311476913,SYNTHETIC_PROTOTYPE_DATA,False
kahf-oil-comedo-face-wash-018,kahf-oil-comedo-face-wash,facial_cleanser,0.08695050831749379,0.20855582347871104,0.10328216880733909,0.9834660529715321,2.2986760712178045,1.9055018625182605,11268.73403885676,SYNTHETIC_PROTOTYPE_DATA,False
kahf-oil-comedo-face-wash-019,kahf-oil-comedo-face-wash,facial_cleanser,0.532092739135713,0.6294165099518702,0.9130387241701001,1.4861362156694682,4.612994172378633,3.9337818547253685,32567.27363461065,SYNTHETIC_PROTOTYPE_DATA,False
kahf-oil-comedo-face-wash-020,kahf-oil-comedo-face-wash,facial_cleanser,0.8914883482816914,0.8230926133617653,0.2672062775989244,1.4990523819459847,4.266669551099252,4.165604776070202,20258.185204117202,SYNTHETIC_PROTOTYPE_DATA,False
kahf-oil-comedo-face-wash-021,kahf-oil-comedo-face-wash,facial_cleanser,0.9304690898086154,0.9519538906870375,0.6311475065263155,1.6659977375428143,5.143939108093421,4.861565405311138,29599.44264690134,SYNTHETIC_PROTOTYPE_DATA,False
kahf-oil-comedo-face-wash-022,kahf-oil-comedo-face-wash,facial_cleanser,0.5595336490548661,0.5184317754807596,0.36665187533870147,1.2971605979937582,3.5906127346626753,3.1605546414752346,20247.82086777494,SYNTHETIC_PROTOTYPE_DATA,False
kahf-oil-comedo-face-wash-023,kahf-oil-comedo-face-wash,facial_cleanser,0.7309906789987646,0.6513734194582519,0.5781267011121802,1.4532403815829462,4.279576969752105,3.8351671179588203,26288.63122118176,SYNTHETIC_PROTOTYPE_DATA,False
kahf-oil-comedo-face-wash-024,kahf-oil-comedo-face-wash,facial_cleanser,0.40499176523714314,0.14037500564434674,0.7398542593242224,1.1359166657603104,3.0856098665185385,2.384733070842674,26467.52644036601,SYNTHETIC_PROTOTYPE_DATA,False
kahf-oil-comedo-face-wash-025,kahf-oil-comedo-face-wash,facial_cleanser,0.12610415266665204,0.4277781681819298,0.8767660094142443,1.2987360936909396,3.8106543665019545,3.0529037931235044,28199.527310374815,SYNTHETIC_PROTOTYPE_DATA,False
kahf-oil-comedo-face-wash-026,kahf-oil-comedo-face-wash,facial_cleanser,0.4288255657023342,0.5066158602012754,0.7792454378222377,1.3694630842814008,4.094194104954477,3.4038241272531917,28561.189112306118,SYNTHETIC_PROTOTYPE_DATA,False
kahf-oil-comedo-face-wash-027,kahf-oil-comedo-face-wash,facial_cleanser,0.21710977066827428,0.6816033877244692,0.09444063375811937,1.2600327728482916,3.35556679762011,3.1520942855378173,12953.446240833926,SYNTHETIC_PROTOTYPE_DATA,False
kahf-oil-comedo-face-wash-028,kahf-oil-comedo-face-wash,facial_cleanser,0.16367069280455254,0.05786118017368174,0.8202650437760206,1.0698635102376262,2.844101997934336,2.10944476160672,26364.338092186128,SYNTHETIC_PROTOTYPE_DATA,False
kahf-oil-comedo-face-wash-029,kahf-oil-comedo-face-wash,facial_cleanser,0.12220882691050272,0.1821474014162939,0.6479785366848319,1.0943668704148615,2.903077807324122,2.3021108117047167,22868.6809063983,SYNTHETIC_PROTOTYPE_DATA,False
kahf-oil-comedo-face-wash-030,kahf-oil-comedo-face-wash,facial_cleanser,0.17710015946132793,0.4090278477993151,0.3924721190806062,1.1867532290773084,3.1544971332151897,2.6953989320767073,18254.119924752787,SYNTHETIC_PROTOTYPE_DATA,False
kahf-oil-comedo-face-wash-031,kahf-oil-comedo-face-wash,facial_cleanser,0.506854722229525,0.6480235398987472,0.6692488977884655,1.4191175037845685,4.274438943821911,3.807161485618531,26947.093939944025,SYNTHETIC_PROTOTYPE_DATA,False
kahf-oil-comedo-face-wash-032,kahf-oil-comedo-face-wash,facial_cleanser,0.6709631779788452,0.2793497067837568,0.2844869928472808,1.1703763338756759,2.968313581209979,2.496944890457719,18334.809521301446,SYNTHETIC_PROTOTYPE_DATA,False
kahf-oil-comedo-face-wash-033,kahf-oil-comedo-face-wash,facial_cleanser,0.041166716871133976,0.3150821773896638,0.4036878439067627,1.0955257205850368,2.895008455711172,2.3655043185045597,17525.453906698924,SYNTHETIC_PROTOTYPE_DATA,False
kahf-oil-comedo-face-wash-034,kahf-oil-comedo-face-wash,facial_cleanser,0.43895912092908335,0.9583000373392545,0.08612266698389247,1.4285494206135794,4.017130711176239,4.014852989258956,14460.077378426158,SYNTHETIC_PROTOTYPE_DATA,False
kahf-oil-comedo-face-wash-035,kahf-oil-comedo-face-wash,facial_cleanser,0.08052434472072054,0.6832086853548096,0.5455657439970755,1.3489554007439535,3.9105699848516524,3.402179567612336,21651.67176248167,SYNTHETIC_PROTOTYPE_DATA,False
kahf-oil-comedo-face-wash-036,kahf-oil-comedo-face-wash,facial_cleanser,0.5500762680812006,0.6353752451904628,0.150356710277735,1.3161089805758068,3.498310818324455,3.34368194772308,15616.023963611851,SYNTHETIC_PROTOTYPE_DATA,False
kahf-oil-comedo-face-wash-037,kahf-oil-comedo-face-wash,facial_cleanser,0.7338477964867027,0.38992963787862817,0.6540692983899573,1.3260249927963121,3.740708412916774,3.1232057117784056,27500.83997257447,SYNTHETIC_PROTOTYPE_DATA,False
kahf-oil-comedo-face-wash-038,kahf-oil-comedo-face-wash,facial_cleanser,0.3217427468302408,0.7355342679376744,0.6825585251582852,1.4551103103530005,4.420258766446305,3.849389959636663,26165.264702605728,SYNTHETIC_PROTOTYPE_DATA,False
kahf-oil-comedo-face-wash-039,kahf-oil-comedo-face-wash,facial_cleanser,0.3395085506616982,0.6120011236944382,0.2662895693102792,1.2890861336285397,3.4695135912510273,3.171726025510001,17011.62873148907,SYNTHETIC_PROTOTYPE_DATA,False
kahf-oil-comedo-face-wash-040,kahf-oil-comedo-face-wash,facial_cleanser,0.6757080093808234,0.17909901910125497,0.176489423451172,1.0923425532572435,2.6205866111604563,2.1559914261234336,15561.243414047747,SYNTHETIC_PROTOTYPE_DATA,False
kahf-oil-comedo-face-wash-041,kahf-oil-comedo-face-wash,facial_cleanser,0.8570825951261849,0.7813865815663884,0.8327162502356004,1.6164925295501955,5.042213341631407,4.455231975847074,33524.55758363025,SYNTHETIC_PROTOTYPE_DATA,False
kahf-oil-comedo-face-wash-042,kahf-oil-comedo-face-wash,facial_cleanser,0.21007348290213956,0.23650217448685382,0.33170169268239386,1.0750375147376277,2.7213882480741187,2.2236901111593035,16774.210892148796,SYNTHETIC_PROTOTYPE_DATA,False
kahf-oil-comedo-face-wash-043,kahf-oil-comedo-face-wash,facial_cleanser,0.3846657428801076,0.43681350631527993,0.5074272513575467,1.2573971439929068,3.4876231423759614,2.9858247962825275,22182.43561817097,SYNTHETIC_PROTOTYPE_DATA,False
kahf-oil-comedo-face-wash-044,kahf-oil-comedo-face-wash,facial_cleanser,0.4862862580021453,0.508245990312089,0.08083497293170837,1.212371587910076,3.0656356338322484,2.878417401744635,13461.684148504253,SYNTHETIC_PROTOTYPE_DATA,False
kahf-oil-comedo-face-wash-045,kahf-oil-comedo-face-wash,facial_cleanser,0.684178727155772,0.7968711848040204,0.6334237744120963,1.53821273528741,4.6543630150785615,4.24834136907588,27667.894170226395,SYNTHETIC_PROTOTYPE_DATA,False
kahf-oil-comedo-face-wash-046,kahf-oil-comedo-face-wash,facial_cleanser,0.7669473817526533,0.4349457385780139,0.7649286075333912,1.3879822406434374,4.0242626905601435,3.4123781692423254,30339.16682717377,SYNTHETIC_PROTOTYPE_DATA,False
kahf-oil-comedo-face-wash-047,kahf-oil-comedo-face-wash,facial_cleanser,0.6174694648284983,0.49663460456470776,0.9065158797318994,1.409377221646816,4.313839537218145,3.5318170274851277,32729.148669935366,SYNTHETIC_PROTOTYPE_DATA,False
kahf-oil-comedo-face-wash-048,kahf-oil-comedo-face-wash,facial_cleanser,0.879086449718932,0.48506688869857845,0.8786047260283983,1.4448557568240963,4.3171079042954545,3.656395359825975,34090.84710034464,SYNTHETIC_PROTOTYPE_DATA,False
kahf-oil-comedo-face-wash-049,kahf-oil-comedo-face-wash,facial_cleanser,0.6918895252723611,0.6484672201032806,0.3867696981821311,1.4067353303907242,3.9651223181653026,3.6449339036808506,21631.10090186881,SYNTHETIC_PROTOTYPE_DATA,False
kahf-oil-comedo-face-wash-050,kahf-oil-comedo-face-wash,facial_cleanser,0.5873842543297432,0.824483632427072,0.42720753330497035,1.4911915696025908,4.356298894270005,4.0723400519946,22554.16244210568,SYNTHETIC_PROTOTYPE_DATA,False
kahf-oil-comedo-face-wash-051,kahf-oil-comedo-face-wash,facial_cleanser,0.723216057072995,0.14123137900903457,0.05417655668187137,1.0507939123738739,2.389263854992043,1.9789463376276728,12800.056316973532,SYNTHETIC_PROTOTYPE_DATA,False
kahf-oil-comedo-face-wash-052,kahf-oil-comedo-face-wash,facial_cleanser,0.6022179614472153,0.12749272952800772,0.47500616563973364,1.1079905813273783,2.87521841539537,2.2063178191283686,21824.661109758315,SYNTHETIC_PROTOTYPE_DATA,False
kahf-oil-comedo-face-wash-053,kahf-oil-comedo-face-wash,facial_cleanser,0.5286917305975456,0.09732464718119804,0.42951606834669553,1.0708171439111502,2.6631281911158005,2.064465922012045,20185.84986739243,SYNTHETIC_PROTOTYPE_DATA,False
kahf-oil-comedo-face-wash-054,kahf-oil-comedo-face-wash,facial_cleanser,0.28718301627868875,0.5387310373297821,0.7332505288964394,1.3545075619973375,3.9497532793888515,3.337564492490875,26693.05219821693,SYNTHETIC_PROTOTYPE_DATA,False
kahf-oil-comedo-face-wash-055,kahf-oil-comedo-face-wash,facial_cleanser,0.8219783092216588,0.6102178413005247,0.18978526812305666,1.357715714330104,3.6506458221836557,3.446343695949329,17736.22968867618,SYNTHETIC_PROTOTYPE_DATA,False
kahf-oil-comedo-face-wash-056,kahf-oil-comedo-face-wash,facial_cleanser,0.5010885174320296,0.7189225593269685,0.5329110888866302,1.4364333390432722,4.26284555063306,3.827434120054893,24093.97323174471,SYNTHETIC_PROTOTYPE_DATA,False
kahf-oil-comedo-face-wash-057,kahf-oil-comedo-face-wash,facial_cleanser,0.1749271402409393,0.6918155529077274,0.1050649504506018,1.2606588847333753,3.3797375988216554,3.148121798725797,13031.148864967307,SYNTHETIC_PROTOTYPE_DATA,False
kahf-oil-comedo-face-wash-058,kahf-oil-comedo-face-wash,facial_cleanser,0.7219939321834654,0.08455854835665871,0.9563187458251485,1.1910436754639484,3.386189057448447,2.536331584906701,33610.887350587815,SYNTHETIC_PROTOTYPE_DATA,False
kahf-oil-comedo-face-wash-059,kahf-oil-comedo-face-wash,facial_cleanser,0.0991596213290917,0.4031423184702097,0.6996996609497855,1.232484561071538,3.4770735126347025,2.8977678676678065,24234.2499305717,SYNTHETIC_PROTOTYPE_DATA,False
kahf-oil-comedo-face-wash-060,kahf-oil-comedo-face-wash,facial_cleanser,0.4008393818529017,0.4772238854900593,0.32701038587289544,1.2444332062066117,3.3292247252476557,2.930653783305939,18458.188138636084,SYNTHETIC_PROTOTYPE_DATA,False
kahf-oil-comedo-face-wash-061,kahf-oil-comedo-face-wash,facial_cleanser,0.5412537686232384,0.5629199223637558,0.5512986890773611,1.3632114236653146,3.9044826280940454,3.4567850177631123,24252.347487436396,SYNTHETIC_PROTOTYPE_DATA,False
kahf-oil-comedo-face-wash-062,kahf-oil-comedo-face-wash,facial_cleanser,0.7497312099540406,0.23838336304572066,0.22837750469000076,1.154581794914185,2.841560014644457,2.3875484868915025,17247.566935368443,SYNTHETIC_PROTOTYPE_DATA,False
kahf-oil-comedo-face-wash-063,kahf-oil-comedo-face-wash,facial_cleanser,0.19729228949448988,0.0886708313667999,0.21029700415765304,0.9740668432988318,2.232649950253512,1.7235509994677973,13755.705294496445,SYNTHETIC_PROTOTYPE_DATA,False
kahf-oil-comedo-face-wash-064,kahf-oil-comedo-face-wash,facial_cleanser,0.4558915300611946,0.8915647537019707,0.2476953337548428,1.4556843812478453,4.142274959014993,3.9660317344840563,17997.863501360214,SYNTHETIC_PROTOTYPE_DATA,False
kahf-oil-comedo-face-wash-065,kahf-oil-comedo-face-wash,facial_cleanser,0.49640984648964553,0.7160848780640393,0.11674987876566442,1.3319883113272986,3.6003659937790933,3.5039357858744555,14806.134635300505,SYNTHETIC_PROTOTYPE_DATA,False
kahf-oil-comedo-face-wash-066,kahf-oil-comedo-face-wash,facial_cleanser,0.52352415110446,0.3242466109626556,0.9326094457144686,1.3051880753201683,3.8929172529730796,3.0579964916318696,32141.330562426956,SYNTHETIC_PROTOTYPE_DATA,False
kahf-oil-comedo-face-wash-067,kahf-oil-comedo-face-wash,facial_cleanser,0.3704588101650795,0.8434529413772871,0.31946221697104477,1.4346114247395971,4.105944736748259,3.8337616430185886,19000.233512477393,SYNTHETIC_PROTOTYPE_DATA,False
kahf-oil-comedo-face-wash-068,kahf-oil-comedo-face-wash,facial_cleanser,0.08726741184430493,0.6414875290518219,0.2934991566272721,1.2674974063622435,3.471752272210688,3.146313350884755,16257.273076927466,SYNTHETIC_PROTOTYPE_DATA,False
kahf-oil-comedo-face-wash-069,kahf-oil-comedo-face-wash,facial_cleanser,0.5906145485325764,0.5964152963653887,0.5712767220091437,1.394290700686351,4.035054657572645,3.5645551863318166,25164.846700904338,SYNTHETIC_PROTOTYPE_DATA,False
kahf-oil-comedo-face-wash-070,kahf-oil-comedo-face-wash,facial_cleanser,0.46494619059887576,0.05773319407784218,0.24623616338099244,1.0011227921854513,2.32596521002394,1.8052206819297458,15811.002240291687,SYNTHETIC_PROTOTYPE_DATA,False
kahf-oil-comedo-face-wash-071,kahf-oil-comedo-face-wash,facial_cleanser,0.135102672565965,0.06609921567100494,0.8766298425714186,1.0637945635966586,2.9173800901276965,2.163767062229171,27354.66332643306,SYNTHETIC_PROTOTYPE_DATA,False
kahf-oil-comedo-face-wash-072,kahf-oil-comedo-face-wash,facial_cleanser,0.2753423498603875,0.5330975900527706,0.7288650505910331,1.352978569935665,3.950547608489123,3.3391364619922657,26357.863365251487,SYNTHETIC_PROTOTYPE_DATA,False
kahf-oil-comedo-face-wash-073,kahf-oil-comedo-face-wash,facial_cleanser,0.44834653748796977,0.3317493487415186,0.7352863394194484,1.2583908474176302,3.577192527437292,2.9248709048262413,27126.128163309568,SYNTHETIC_PROTOTYPE_DATA,False
kahf-oil-comedo-face-wash-074,kahf-oil-comedo-face-wash,facial_cleanser,0.7246468159647705,0.20094205393847406,0.5201391572561499,1.167911412840875,3.1159168353450077,2.5133725318347753,23809.74595017505,SYNTHETIC_PROTOTYPE_DATA,False
kahf-oil-comedo-face-wash-075,kahf-oil-comedo-face-wash,facial_cleanser,0.1411109108708478,0.089961871863388,0.2744077386967483,0.9823155118258805,2.2644820668668952,1.7850202638994375,14791.974244722438,SYNTHETIC_PROTOTYPE_DATA,False
kahf-oil-comedo-face-wash-076,kahf-oil-comedo-face-wash,facial_cleanser,0.8743324758783818,0.6154593690052194,0.5670965546678126,1.4426502558212018,4.219248398436332,3.8011659530610897,26798.90282594763,SYNTHETIC_PROTOTYPE_DATA,False
kahf-oil-comedo-face-wash-077,kahf-oil-comedo-face-wash,facial_cleanser,0.04456918584233753,0.3395016144428943,0.14396157670074097,1.0679685034039545,2.556948928614967,2.2406180047834128,12280.029020919557,SYNTHETIC_PROTOTYPE_DATA,False
kahf-oil-comedo-face-wash-078,kahf-oil-comedo-face-wash,facial_cleanser,0.12163758421986473,0.45778389557228766,0.7016415675111168,1.2832617557377486,3.641507594376876,3.0298824226385284,24598.155896578246,SYNTHETIC_PROTOTYPE_DATA,False
kahf-oil-comedo-face-wash-079,kahf-oil-comedo-face-wash,facial_cleanser,0.9319659505709846,0.7655398484468326,0.40744423088030735,1.5093378757079723,4.3502190236710385,4.12958792472037,23819.2270848802,SYNTHETIC_PROTOTYPE_DATA,False
kahf-oil-comedo-face-wash-080,kahf-oil-comedo-face-wash,facial_cleanser,0.7399016016828887,0.28107988172844134,0.8249544145243315,1.2922177801681045,3.6898955765785795,2.9658291106294925,31232.482576588616,SYNTHETIC_PROTOTYPE_DATA,False
kahf-oil-comedo-face-wash-081,kahf-oil-comedo-face-wash,facial_cleanser,0.29675424977144327,0.3111259284098337,0.24282735749139323,1.1194135338121505,2.7847132480319226,2.373712581988945,15494.161543888706,SYNTHETIC_PROTOTYPE_DATA,False
kahf-oil-comedo-face-wash-082,kahf-oil-comedo-face-wash,facial_cleanser,0.5124737405326772,0.908558135419072,0.25768067858951965,1.4615102377183948,4.229130699482398,4.108358076000583,18459.713179442606,SYNTHETIC_PROTOTYPE_DATA,False
kahf-oil-comedo-face-wash-083,kahf-oil-comedo-face-wash,facial_cleanser,0.6560152057528413,0.7696203397636621,0.361461508139097,1.4543262132080674,4.1251877391608165,3.916052658855791,21307.11434204194,SYNTHETIC_PROTOTYPE_DATA,False
kahf-oil-comedo-face-wash-084,kahf-oil-comedo-face-wash,facial_cleanser,0.6332136694994651,0.7875303065147097,0.3289293749747582,1.4556728484022845,4.118738245471521,3.915556069022453,20484.82074824188,SYNTHETIC_PROTOTYPE_DATA,False
kahf-oil-comedo-face-wash-085,kahf-oil-comedo-face-wash,facial_cleanser,0.47679169140350103,0.5398025689465334,0.057747461993179205,1.2238607720434154,3.078760900197336,2.9075135393568274,12955.094236404366,SYNTHETIC_PROTOTYPE_DATA,False
kahf-oil-comedo-face-wash-086,kahf-oil-comedo-face-wash,facial_cleanser,0.07623994597620307,0.17474427300664933,0.116240127482094,0.9742160267107592,2.227680318799196,1.7649923083246448,11459.967000724248,SYNTHETIC_PROTOTYPE_DATA,False
kahf-oil-comedo-face-wash-087,kahf-oil-comedo-face-wash,facial_cleanser,0.8985018131199439,0.948797843503875,0.11076274482423992,1.5350254575378168,4.2572289043796,4.416540782265446,16943.31839171326,SYNTHETIC_PROTOTYPE_DATA,False
kahf-oil-comedo-face-wash-088,kahf-oil-comedo-face-wash,facial_cleanser,0.21652778190273,0.5501479506404021,0.05321349018725474,1.187537817426454,2.981448434123511,2.7674418185163265,11674.359097140443,SYNTHETIC_PROTOTYPE_DATA,False
kahf-oil-comedo-face-wash-089,kahf-oil-comedo-face-wash,facial_cleanser,0.5016353259901641,0.11087327171190542,0.31001565753132876,1.0565878883405189,2.544003319582336,1.9966483992954367,17559.747779597466,SYNTHETIC_PROTOTYPE_DATA,False
kahf-oil-comedo-face-wash-090,kahf-oil-comedo-face-wash,facial_cleanser,0.7641860381469635,0.7950209998005098,0.6193439011732326,1.5412427068706993,4.68081869382137,4.264043629448553,27881.45567542687,SYNTHETIC_PROTOTYPE_DATA,False
kahf-oil-comedo-face-wash-091,kahf-oil-comedo-face-wash,facial_cleanser,0.040921485089199294,0.13230963417174804,0.838365832557592,1.097137891053387,3.0110822214432544,2.28209895256081,26104.431016997998,SYNTHETIC_PROTOTYPE_DATA,False
kahf-oil-comedo-face-wash-092,kahf-oil-comedo-face-wash,facial_cleanser,0.29610794354664277,0.6544729220486136,0.08333590979645647,1.261804434367953,3.278132858522819,3.117808774525564,12863.000906726995,SYNTHETIC_PROTOTYPE_DATA,False
kahf-oil-comedo-face-wash-093,kahf-oil-comedo-face-wash,facial_cleanser,0.7038775664586471,0.9469683123895767,0.29903654747304653,1.5425016541133088,4.479888889861327,4.378711074786992,20574.757526945028,SYNTHETIC_PROTOTYPE_DATA,False
kahf-oil-comedo-face-wash-094,kahf-oil-comedo-face-wash,facial_cleanser,0.06704620819283982,0.4047922577642448,0.45426099762744643,1.1739457645237665,3.090864807633321,2.6491509273327205,18914.33249702728,SYNTHETIC_PROTOTYPE_DATA,False
kahf-oil-comedo-face-wash-095,kahf-oil-comedo-face-wash,facial_cleanser,0.47795510896430976,0.29386324360224453,0.7987633884283736,1.2439397750848236,3.53907631898183,2.896525891545262,28703.27577480398,SYNTHETIC_PROTOTYPE_DATA,False
wardah-radiant-charge-serum-000,wardah-radiant-charge-serum,face_serum,0.4,0.4166666666666667,0.3,1.171366666666667,3.1279166666666667,2.872833333333334,18335.333333333336,SYNTHETIC_PROTOTYPE_DATA,False
wardah-radiant-charge-serum-001,wardah-radiant-charge-serum,face_serum,0.9517713734371085,0.1108321330619205,0.9216942152653952,1.2086946568366757,3.5067412431965272,2.8071421005789237,35352.13662464167,SYNTHETIC_PROTOTYPE_DATA,False
wardah-radiant-charge-serum-002,wardah-radiant-charge-serum,face_serum,0.7330088490663843,0.17889397514579003,0.40793521804034,1.1214901391829317,2.957800500769908,2.487871061778609,21935.973150142374,SYNTHETIC_PROTOTYPE_DATA,False
wardah-radiant-charge-serum-003,wardah-radiant-charge-serum,face_serum,0.7167531296216126,0.8238120449873957,0.20423223225428758,1.4204766669927074,4.048588826418902,4.099328908604423,18842.18644695284,SYNTHETIC_PROTOTYPE_DATA,False
wardah-radiant-charge-serum-004,wardah-radiant-charge-serum,face_serum,0.7466543983714521,0.3131688838891699,0.6394939467639529,1.2434063848417363,3.5487298554665587,3.046425266460713,27801.800675908213,SYNTHETIC_PROTOTYPE_DATA,False
wardah-radiant-charge-serum-005,wardah-radiant-charge-serum,face_serum,0.24352652450657794,0.8205218350795479,0.10592300801638704,1.3074958783220931,3.6407032857289168,3.688666867151316,14486.883101653802,SYNTHETIC_PROTOTYPE_DATA,False
wardah-radiant-charge-serum-006,wardah-radiant-charge-serum,face_serum,0.437677045813949,0.4016069050667216,0.0817887070642015,1.1262562222039498,2.794454289598099,2.68988778454496,13746.580117852272,SYNTHETIC_PROTOTYPE_DATA,False
wardah-radiant-charge-serum-007,wardah-radiant-charge-serum,face_serum,0.26789858301539343,0.317711018524831,0.290041856527401,1.0906125727399658,2.8230465456676566,2.555871426186157,17172.484454549118,SYNTHETIC_PROTOTYPE_DATA,False
wardah-radiant-charge-serum-008,wardah-radiant-charge-serum,face_serum,0.18967815273364919,0.1255225487378178,0.818062652231607,1.0832233833510878,3.008398327174155,2.4753443216286786,27323.186298329787,SYNTHETIC_PROTOTYPE_DATA,False
wardah-radiant-charge-serum-009,wardah-radiant-charge-serum,face_serum,0.6993570287866774,0.8563347335301815,0.30391348900302206,1.458174460099011,4.223656363397858,4.25764279073029,21197.377342329954,SYNTHETIC_PROTOTYPE_DATA,False
wardah-radiant-charge-serum-010,wardah-radiant-charge-serum,face_serum,0.5718719894859865,0.4301541509257959,0.2466281314939456,1.1883365283329836,3.174863533782164,2.977504910471001,18051.96229491887,SYNTHETIC_PROTOTYPE_DATA,False
wardah-radiant-charge-serum-011,wardah-radiant-charge-serum,face_serum,0.5356654553583824,0.7444971009216989,0.21272068525721965,1.3538151868698085,3.814188130820237,3.7379906440269535,17807.423458752313,SYNTHETIC_PROTOTYPE_DATA,False
wardah-radiant-charge-serum-012,wardah-radiant-charge-serum,face_serum,0.7784139674812185,0.2865163919650319,0.7395262799673152,1.2530295035949177,3.6449472822507576,3.0767762394357816,30261.299499264253,SYNTHETIC_PROTOTYPE_DATA,False
wardah-radiant-charge-serum-013,wardah-radiant-charge-serum,face_serum,0.7223710057816336,0.8130604955801471,0.5672740228543733,1.5006896121731783,4.554408832196958,4.395839423134331,27278.9849880617,SYNTHETIC_PROTOTYPE_DATA,False
wardah-radiant-charge-serum-014,wardah-radiant-charge-serum,face_serum,0.7501972171435474,0.11237730961533901,0.9261600724982489,1.1802476954088366,3.379332814463269,2.674715133033532,33936.999210344904,SYNTHETIC_PROTOTYPE_DATA,False
wardah-radiant-charge-serum-015,wardah-radiant-charge-serum,face_serum,0.605738096838971,0.6503661845236233,0.21011613062865064,1.3180736719715067,3.5679645845135406,3.5134320298058554,17860.256112936888,SYNTHETIC_PROTOTYPE_DATA,False
wardah-radiant-charge-serum-016,wardah-radiant-charge-serum,face_serum,0.19425296303955275,0.26922962024031555,0.05616323408018059,1.0069789311089654,2.376891203872095,2.1739963818497072,11649.204383046956,SYNTHETIC_PROTOTYPE_DATA,False
wardah-radiant-charge-serum-017,wardah-radiant-charge-serum,face_serum,0.12178950630862179,0.1922840445632636,0.7285444965941207,1.0843483836363632,3.002330468672222,2.527318233526188,25226.879843199164,SYNTHETIC_PROTOTYPE_DATA,False
wardah-radiant-charge-serum-018,wardah-radiant-charge-serum,face_serum,0.24844338742067906,0.8444876607998847,0.7800843745180045,1.5095907336401218,4.758933131458037,4.249282855866105,28930.241165918418,SYNTHETIC_PROTOTYPE_DATA,False
wardah-radiant-charge-serum-019,wardah-radiant-charge-serum,face_serum,0.37119341374176096,0.68356014423232,0.7623530664697372,1.417602343896665,4.4049321787278215,3.930255916824832,29036.68069461362,SYNTHETIC_PROTOTYPE_DATA,False
wardah-radiant-charge-serum-020,wardah-radiant-charge-serum,face_serum,0.3459555546359383,0.9186792406796823,0.24777600283829565,1.4232105375230093,4.13462175002853,4.065829469087096,18042.931376939778,SYNTHETIC_PROTOTYPE_DATA,False
wardah-radiant-charge-serum-021,wardah-radiant-charge-serum,face_serum,0.6228139055351096,0.34266819725237524,0.19193174414234285,1.1458622546302029,2.9645344971872682,2.6852148936203024,16837.982484054413,SYNTHETIC_PROTOTYPE_DATA,False
wardah-radiant-charge-serum-022,wardah-radiant-charge-serum,face_serum,0.7885561831477969,0.5182328097325632,0.5459625135815271,1.3452372137127855,3.928715906862923,3.535354989592448,26473.901665100206,SYNTHETIC_PROTOTYPE_DATA,False
wardah-radiant-charge-serum-023,wardah-radiant-charge-serum,face_serum,0.6906980751990962,0.4040771937634325,0.36028779064074207,1.2266465494704644,3.33853597406871,3.0177763054964513,21208.563699939383,SYNTHETIC_PROTOTYPE_DATA,False
wardah-radiant-charge-serum-024,wardah-radiant-charge-serum,face_serum,0.4916832354862887,0.31132009895238066,0.047898650802718545,1.0814990276437664,2.6161330759734254,2.383844806960588,12834.147312423163,SYNTHETIC_PROTOTYPE_DATA,False
wardah-radiant-charge-serum-025,wardah-radiant-charge-serum,face_serum,0.10524125064066592,0.6092308988540506,0.4754182810622563,1.2637549995632753,3.670783451531963,3.3565776539418524,20877.20088390414,SYNTHETIC_PROTOTYPE_DATA,False
wardah-radiant-charge-serum-026,wardah-radiant-charge-serum,face_serum,0.6660664861213459,0.7861299240538046,0.07808820227887736,1.355879177300376,3.7354866875858495,3.8362286861967996,15640.418369083583,SYNTHETIC_PROTOTYPE_DATA,False
wardah-radiant-charge-serum-027,wardah-radiant-charge-serum,face_serum,0.9393451314445399,0.28280256502471035,0.2505266091123474,1.1781985266009602,3.0463545826271115,2.7790983253954216,19616.439726379653,SYNTHETIC_PROTOTYPE_DATA,False
wardah-radiant-charge-serum-028,wardah-radiant-charge-serum,face_serum,0.7131366975748048,0.40768562828513194,0.5762760647856838,1.2733434790326719,3.6559887178091954,3.2690032821603516,26301.035333739354,SYNTHETIC_PROTOTYPE_DATA,False
wardah-radiant-charge-serum-029,wardah-radiant-charge-serum,face_serum,0.6416119276364471,0.4791976599026526,0.3050617811970662,1.2506734156613708,3.4157285425443735,3.186818646374914,19988.507985392007,SYNTHETIC_PROTOTYPE_DATA,False
wardah-radiant-charge-serum-030,wardah-radiant-charge-serum,face_serum,0.8830084871841508,0.7348766176923455,0.3468696786114209,1.4424397184397753,4.123545100009358,4.105377636168243,22763.01482434974,SYNTHETIC_PROTOTYPE_DATA,False
wardah-radiant-charge-serum-031,wardah-radiant-charge-serum,face_serum,0.5217224968591921,0.23497599018369064,0.4800465677478881,1.1295620106908362,2.9723658627679983,2.603898189146329,22457.965746602207,SYNTHETIC_PROTOTYPE_DATA,False
wardah-radiant-charge-serum-032,wardah-radiant-charge-serum,face_serum,0.6693268324072765,0.575350479279023,0.13224694558753755,1.26075839570719,3.3665298374172834,3.3454535725860945,16346.148371357736,SYNTHETIC_PROTOTYPE_DATA,False
wardah-radiant-charge-serum-033,wardah-radiant-charge-serum,face_serum,0.6763984636967642,0.5748273561726774,0.48256452202495126,1.3420718907244868,3.8994224416433494,3.688364008536272,24426.58401888504,SYNTHETIC_PROTOTYPE_DATA,False
wardah-radiant-charge-serum-034,wardah-radiant-charge-serum,face_serum,0.7220584068404768,0.5870810293955366,0.7781342534316813,1.4247018414845718,4.384307100994111,3.8941791032703583,31549.167539247203,SYNTHETIC_PROTOTYPE_DATA,False
wardah-radiant-charge-serum-035,wardah-radiant-charge-serum,face_serum,0.6029295172348477,0.13873783341688314,0.8227428535617731,1.1598447707278168,3.2482482559198727,2.652442817542677,30459.13167554177,SYNTHETIC_PROTOTYPE_DATA,False
wardah-radiant-charge-serum-036,wardah-radiant-charge-serum,face_serum,0.07905402264862452,0.672391844156389,0.22844315161926562,1.2442355591864898,3.4087104319822057,3.2441383597090296,15837.174215481406,SYNTHETIC_PROTOTYPE_DATA,False
wardah-radiant-charge-serum-037,wardah-radiant-charge-serum,face_serum,0.6674869644976962,0.673582747252005,0.9177263383514211,1.5111051881511652,4.792697428378313,4.223151241247761,34570.836676585255,SYNTHETIC_PROTOTYPE_DATA,False
wardah-radiant-charge-serum-038,wardah-radiant-charge-serum,face_serum,0.37879641780637063,0.7619518245691729,0.5562034117791098,1.4243376061271742,4.287754722414265,3.9771442398768744,24792.21869355206,SYNTHETIC_PROTOTYPE_DATA,False
wardah-radiant-charge-serum-039,wardah-radiant-charge-serum,face_serum,0.2833314732366732,0.37026781376054013,0.722198978006542,1.2201206097950732,3.5430533650216387,2.999316966208086,26678.232882890818,SYNTHETIC_PROTOTYPE_DATA,False
wardah-radiant-charge-serum-040,wardah-radiant-charge-serum,face_serum,0.6083882283917795,0.42592906044550244,0.4437739195975463,1.2360401146641222,3.418521149418083,3.1276594144268626,22655.154034464893,SYNTHETIC_PROTOTYPE_DATA,False
wardah-radiant-charge-serum-041,wardah-radiant-charge-serum,face_serum,0.38762321252627424,0.8634748856329124,0.1823541806250579,1.3704346518456285,3.9390148793185586,3.950415295031487,16741.411529747376,SYNTHETIC_PROTOTYPE_DATA,False
wardah-radiant-charge-serum-042,wardah-radiant-charge-serum,face_serum,0.1931555889514922,0.6725400151849529,0.29290846622589783,1.2714657926599098,3.5784786862313354,3.4341636520447953,17667.72709173215,SYNTHETIC_PROTOTYPE_DATA,False
wardah-radiant-charge-serum-043,wardah-radiant-charge-serum,face_serum,0.6314544879651315,0.11432784359222736,0.16989513613166898,1.0324439695455887,2.4293367052244994,2.0395228003591783,15825.633271276694,SYNTHETIC_PROTOTYPE_DATA,False
wardah-radiant-charge-serum-044,wardah-radiant-charge-serum,face_serum,0.35780079229010053,0.6659795385102587,0.45483264828599956,1.3365968599995972,3.9322272104946836,3.614469167920259,22119.062931720004,SYNTHETIC_PROTOTYPE_DATA,False
wardah-radiant-charge-serum-045,wardah-radiant-charge-serum,face_serum,0.8088661713017832,0.5737887770588376,0.6728727665323987,1.4012204856149246,4.2220703981976575,3.8715627801934804,29805.755986284064,SYNTHETIC_PROTOTYPE_DATA,False
wardah-radiant-charge-serum-046,wardah-radiant-charge-serum,face_serum,0.21723904991012263,0.16562722361691617,0.39873910224905673,1.0276477967594677,2.5694471212566516,2.187383833333961,18864.944351094582,SYNTHETIC_PROTOTYPE_DATA,False
wardah-radiant-charge-serum-047,wardah-radiant-charge-serum,face_serum,0.8581385122344665,0.684309498198136,0.6397995561342238,1.4774002794428611,4.499412383870479,4.148826627360517,29457.02783533043,SYNTHETIC_PROTOTYPE_DATA,False
wardah-radiant-charge-serum-048,wardah-radiant-charge-serum,face_serum,0.25202186331081944,0.8272762056049601,0.5648012587393219,1.4500965529691272,4.419725272377265,4.069792315253206,24330.2982903148,SYNTHETIC_PROTOTYPE_DATA,False
wardah-radiant-charge-serum-049,wardah-radiant-charge-serum,face_serum,0.954165954149957,0.5990554749768422,0.8933842992430946,1.4855979475673717,4.74145871830161,4.213502357585326,35970.37561821946,SYNTHETIC_PROTOTYPE_DATA,False
wardah-radiant-charge-serum-050,wardah-radiant-charge-serum,face_serum,0.2549498310376166,0.5217847992266683,0.511046908554712,1.2551213865898994,3.594971097817896,3.2198969993275446,22447.80944930666,SYNTHETIC_PROTOTYPE_DATA,False
wardah-radiant-charge-serum-051,wardah-radiant-charge-serum,face_serum,0.30344421902228397,0.8919871362114241,0.8671119467381397,1.5720555470493711,5.053522510617361,4.506939561166561,31298.625427359366,SYNTHETIC_PROTOTYPE_DATA,False
wardah-radiant-charge-serum-052,wardah-radiant-charge-serum,face_serum,0.16062350842824577,0.37825584393043943,0.6712900801053046,1.2063868539615508,3.409679314566673,2.932486382402282,24805.588646215743,SYNTHETIC_PROTOTYPE_DATA,False
wardah-radiant-charge-serum-053,wardah-radiant-charge-serum,face_serum,0.6882259719220319,0.21076491056961236,0.9320202169178176,1.2267778199263275,3.6314219218830734,2.994184359018612,33871.63823724634,SYNTHETIC_PROTOTYPE_DATA,False
wardah-radiant-charge-serum-054,wardah-radiant-charge-serum,face_serum,0.8340075394354506,0.682137057680267,0.31797604624544734,1.3916258226940024,3.9427627748082115,3.916819831364487,21793.99986874653,SYNTHETIC_PROTOTYPE_DATA,False
wardah-radiant-charge-serum-055,wardah-radiant-charge-serum,face_serum,0.6156764709961074,0.4500933030597759,0.9273884264394322,1.3765808282588834,4.254937359739246,3.5763546644662902,33869.31405718217,SYNTHETIC_PROTOTYPE_DATA,False
wardah-radiant-charge-serum-056,wardah-radiant-charge-serum,face_serum,0.1447053118820287,0.7572222690288818,0.2790202960178644,1.3200578694205776,3.7182934226687085,3.555602354640926,17501.287822161332,SYNTHETIC_PROTOTYPE_DATA,False
wardah-radiant-charge-serum-057,wardah-radiant-charge-serum,face_serum,0.9568479714367722,0.5398980820795407,0.4481158588149297,1.36359564833141,3.915648708643059,3.637338527961208,25138.253265849187,SYNTHETIC_PROTOTYPE_DATA,False
wardah-radiant-charge-serum-058,wardah-radiant-charge-serum,face_serum,0.5986389159565889,0.7440479373629643,0.43415963886244685,1.4344524702775494,4.1788574842470485,4.004441487412609,23234.86468085858,SYNTHETIC_PROTOTYPE_DATA,False
wardah-radiant-charge-serum-059,wardah-radiant-charge-serum,face_serum,0.9416022447033497,0.29223677273036264,0.06486926537209696,1.1479971527937436,2.872066912334427,2.646968174486058,15216.560667144628,SYNTHETIC_PROTOTYPE_DATA,False
wardah-radiant-charge-serum-060,wardah-radiant-charge-serum,face_serum,0.8681811353304247,0.49816621978618353,0.8251523526785387,1.3947593523415784,4.341395461318973,3.785347197939592,33414.68458471931,SYNTHETIC_PROTOTYPE_DATA,False
wardah-radiant-charge-serum-061,wardah-radiant-charge-serum,face_serum,0.5852748076797013,0.14440097982415848,0.21498257677969998,1.0359624336094793,2.5310352509581966,2.175631981461813,16636.0445930579,SYNTHETIC_PROTOTYPE_DATA,False
wardah-radiant-charge-serum-062,wardah-radiant-charge-serum,face_serum,0.041112297675538756,0.7786893956429096,0.5539024654233058,1.3850315375324864,4.165189398763488,3.766939675325149,22524.341126323496,SYNTHETIC_PROTOTYPE_DATA,False
wardah-radiant-charge-serum-063,wardah-radiant-charge-serum,face_serum,0.7275494188400417,0.04141601061420681,0.9415309386790454,1.1328117190169587,3.2349823401316438,2.49032293747734,33759.601805890685,SYNTHETIC_PROTOTYPE_DATA,False
wardah-radiant-charge-serum-064,wardah-radiant-charge-serum,face_serum,0.6944605012479215,0.6183206412313506,0.3470257793948362,1.3369020633759283,3.8237145323729425,3.6060400892427213,21429.137739711223,SYNTHETIC_PROTOTYPE_DATA,False
wardah-radiant-charge-serum-065,wardah-radiant-charge-serum,face_serum,0.2118399339332504,0.3281733132465775,0.9200222606825921,1.2245070190283784,3.6063480669668566,3.0055896683333705,30196.03782422337,SYNTHETIC_PROTOTYPE_DATA,False
wardah-radiant-charge-serum-066,wardah-radiant-charge-serum,face_serum,0.12996526807079822,0.6474894366783661,0.3828180538275568,1.2743487804638023,3.63923205172484,3.3466771716038375,19189.314929032906,SYNTHETIC_PROTOTYPE_DATA,False
wardah-radiant-charge-serum-067,wardah-radiant-charge-serum,face_serum,0.5178531347186441,0.646258756975872,0.9291357435558828,1.4690521560902357,4.669713869404365,4.058853139646745,33628.22832146989,SYNTHETIC_PROTOTYPE_DATA,False
wardah-radiant-charge-serum-068,wardah-radiant-charge-serum,face_serum,0.1597561510570933,0.5510214913287419,0.13309580429160867,1.1626299567602707,3.0759494206969302,2.9395730669023616,13940.683360809457,SYNTHETIC_PROTOTYPE_DATA,False
wardah-radiant-charge-serum-069,wardah-radiant-charge-serum,face_serum,0.2493058804443484,0.3189318522195508,0.4050989681439232,1.1139371866490446,2.9564903323224367,2.650084659164372,19483.12294350396,SYNTHETIC_PROTOTYPE_DATA,False
wardah-radiant-charge-serum-070,wardah-radiant-charge-serum,face_serum,0.5662840852722612,0.8275101476309913,0.8844551809401532,1.568964602593129,5.037503179720752,4.517020789415762,33396.66110821677,SYNTHETIC_PROTOTYPE_DATA,False
wardah-radiant-charge-serum-071,wardah-radiant-charge-serum,face_serum,0.4132420720843564,0.47486501546168036,0.1396191323231085,1.1661330151644005,3.080221283965964,2.8999617007573275,15053.528750677311,SYNTHETIC_PROTOTYPE_DATA,False
wardah-radiant-charge-serum-072,wardah-radiant-charge-serum,face_serum,0.6292347746103232,0.3403175758311854,0.8667946525615224,1.2847434900004304,3.8759250872483477,3.258198465485078,32129.84725298642,SYNTHETIC_PROTOTYPE_DATA,False
wardah-radiant-charge-serum-073,wardah-radiant-charge-serum,face_serum,0.3696259819363237,0.15202643511664482,0.5067882992877134,1.0600846316668449,2.7715086283761674,2.3458863668767087,22010.22209012017,SYNTHETIC_PROTOTYPE_DATA,False
wardah-radiant-charge-serum-074,wardah-radiant-charge-serum,face_serum,0.6721260854072901,0.11040180508991457,0.48688259778440457,1.0866609999823167,2.7783409149943274,2.3866947410220907,23336.666314509246,SYNTHETIC_PROTOTYPE_DATA,False
wardah-radiant-charge-serum-075,wardah-radiant-charge-serum,face_serum,0.68213659248893,0.8103618360748298,0.6472203129452421,1.5177298381927917,4.7444913683973065,4.3769904929341,28793.478461777788,SYNTHETIC_PROTOTYPE_DATA,False
wardah-radiant-charge-serum-076,wardah-radiant-charge-serum,face_serum,0.3444632184600229,0.8240894728249615,0.23991515753624082,1.3767920609748205,3.8968667632867304,3.8704070245696274,17644.365406178866,SYNTHETIC_PROTOTYPE_DATA,False
wardah-radiant-charge-serum-077,wardah-radiant-charge-serum,face_serum,0.7579771589595186,0.13908959912643504,0.6911046513303474,1.1446151468722445,3.2209480596535465,2.630899071697939,28648.605335314915,SYNTHETIC_PROTOTYPE_DATA,False
wardah-radiant-charge-serum-078,wardah-radiant-charge-serum,face_serum,0.9214346254163571,0.38887628353782566,0.18171026877896979,1.225452190129679,3.2943700357452204,3.0075109580413226,18181.390791412647,SYNTHETIC_PROTOTYPE_DATA,False
wardah-radiant-charge-serum-079,wardah-radiant-charge-serum,face_serum,0.6681416888446171,0.84692195222693,0.25220785522355155,1.4425648530515718,4.151565000597193,4.156821306257395,19822.523128848345,SYNTHETIC_PROTOTYPE_DATA,False
wardah-radiant-charge-serum-080,wardah-radiant-charge-serum,face_serum,0.48885899759625684,0.1055409622511711,0.878499554821577,1.1181023575344875,3.200099153700959,2.5520287499262677,30979.849573942447,SYNTHETIC_PROTOTYPE_DATA,False
wardah-radiant-charge-serum-081,wardah-radiant-charge-serum,face_serum,0.4490739559135492,0.5434938727685229,0.8618316227177953,1.382039355676576,4.218966841415107,3.72568470686688,31440.105033864806,SYNTHETIC_PROTOTYPE_DATA,False
wardah-radiant-charge-serum-082,wardah-radiant-charge-serum,face_serum,0.7695145797637354,0.3241992769918902,0.7335174726796402,1.2725607347448415,3.702620672808013,3.147986609602025,30148.15635305563,SYNTHETIC_PROTOTYPE_DATA,False
wardah-radiant-charge-serum-083,wardah-radiant-charge-serum,face_serum,0.8031033371720308,0.17619678625836804,0.12312464967864531,1.0693692552554759,2.6125020309870055,2.3234491156072954,15701.649150471669,SYNTHETIC_PROTOTYPE_DATA,False
wardah-radiant-charge-serum-084,wardah-radiant-charge-serum,face_serum,0.35984320022659716,0.7662351029144506,0.16327453712953552,1.3195668182136973,3.6370378655724993,3.6645082359115326,16070.404324216668,SYNTHETIC_PROTOTYPE_DATA,False
wardah-radiant-charge-serum-085,wardah-radiant-charge-serum,face_serum,0.693683294677897,0.21381058038530615,0.36521745025955393,1.1303975789144232,2.9789867598940347,2.591531983406348,20821.713746811896,SYNTHETIC_PROTOTYPE_DATA,False
wardah-radiant-charge-serum-086,wardah-radiant-charge-serum,face_serum,0.15346752373864458,0.5349539361590551,0.7122387348752043,1.301775194564291,3.897953992763949,3.3740984957912885,26010.48057549248,SYNTHETIC_PROTOTYPE_DATA,False
wardah-radiant-charge-serum-087,wardah-radiant-charge-serum,face_serum,0.06314465275716681,0.7737386860130552,0.5243401003785604,1.3643868403902149,4.071415316737701,3.7446130473778463,22202.250326111855,SYNTHETIC_PROTOTYPE_DATA,False
wardah-radiant-charge-serum-088,wardah-radiant-charge-serum,face_serum,0.85883406270316,0.683618738064568,0.6898829349095655,1.4846224181796783,4.568859541200989,4.1874660748178645,30633.40494486849,SYNTHETIC_PROTOTYPE_DATA,False
wardah-radiant-charge-serum-089,wardah-radiant-charge-serum,face_serum,0.6315350284378808,0.46870605490182554,0.11095016499877444,1.2009847293720823,3.114657668563623,3.0395776001019326,15416.848332705347,SYNTHETIC_PROTOTYPE_DATA,False
wardah-radiant-charge-serum-090,wardah-radiant-charge-serum,face_serum,0.4391864398137815,0.6739806722041011,0.08374281665493158,1.2603363017847813,3.3884634775697258,3.4514536927459303,14400.491101807835,SYNTHETIC_PROTOTYPE_DATA,False
wardah-radiant-charge-serum-091,wardah-radiant-charge-serum,face_serum,0.2531918164627111,0.40613628416904496,0.13962690007570724,1.1099383205019475,2.787182681947468,2.6476022153743752,14139.654138115462,SYNTHETIC_PROTOTYPE_DATA,False
wardah-radiant-charge-serum-092,wardah-radiant-charge-serum,face_serum,0.8225157677842878,0.8480065512552352,0.9067522046917652,1.6312479884799433,5.281693228758664,4.7934510690282135,35894.94088600531,SYNTHETIC_PROTOTYPE_DATA,False
wardah-radiant-charge-serum-093,wardah-radiant-charge-serum,face_serum,0.13009537899012583,0.8154131032718527,0.406128328455173,1.3811021743669354,4.057943205145803,3.7592946865282384,20197.89637599157,SYNTHETIC_PROTOTYPE_DATA,False
wardah-radiant-charge-serum-094,wardah-radiant-charge-serum,face_serum,0.8118524369550378,0.8696829167300123,0.22433260520059492,1.4723331857472448,4.246713112551497,4.330009804009952,19875.73229935881,SYNTHETIC_PROTOTYPE_DATA,False
wardah-radiant-charge-serum-095,wardah-radiant-charge-serum,face_serum,0.9420881652104477,0.7565152308552278,0.8578325491779288,1.5856502704305813,5.059055366105228,4.608385241059343,35407.87213347705,SYNTHETIC_PROTOTYPE_DATA,False
emina-bright-stuff-serum-000,emina-bright-stuff-serum,face_serum,0.36,0.375,0.27,1.185037,3.072937499999999,2.6673000000000004,17416.92,SYNTHETIC_PROTOTYPE_DATA,False
emina-bright-stuff-serum-001,emina-bright-stuff-serum,face_serum,0.3231897988695443,0.3180661223697912,0.8703088067949064,1.2803586479002027,3.7093394286931987,2.9666572194616543,30042.3803310379,SYNTHETIC_PROTOTYPE_DATA,False
emina-bright-stuff-serum-002,emina-bright-stuff-serum,face_serum,0.09761361517011283,0.6298203649866598,0.3816329378550208,1.3122827996869306,3.6650448099845665,3.25476432534374,19017.66293609075,SYNTHETIC_PROTOTYPE_DATA,False
emina-bright-stuff-serum-003,emina-bright-stuff-serum,face_serum,0.946123924442879,0.4936003608159445,0.6114236114196502,1.4321641408897876,4.096329604660594,3.6172090787573365,28836.36574135336,SYNTHETIC_PROTOTYPE_DATA,False
emina-bright-stuff-serum-004,emina-bright-stuff-serum,face_serum,0.28992978140907316,0.2419018754847657,0.3139463632189626,1.0936220288226894,2.7445166289586878,2.3250504709555573,17704.152980499213,SYNTHETIC_PROTOTYPE_DATA,False
emina-bright-stuff-serum-005,emina-bright-stuff-serum,face_serum,0.9189578622222035,0.6205149215394378,0.5494395270352008,1.4731733401551181,4.334307955564474,3.9310857711873317,27540.346211550674,SYNTHETIC_PROTOTYPE_DATA,False
emina-bright-stuff-serum-006,emina-bright-stuff-serum,face_serum,0.5611145019357217,0.33490644867038,0.4509006720630481,1.2433406543794312,3.2884272976372606,2.8045930806513764,22368.257036629246,SYNTHETIC_PROTOTYPE_DATA,False
emina-bright-stuff-serum-007,emina-bright-stuff-serum,face_serum,0.2926122250613592,0.24297338273872662,0.32630306617861476,1.1136352737915904,2.8332933882957247,2.338352900635816,17958.648345862635,SYNTHETIC_PROTOTYPE_DATA,False
emina-bright-stuff-serum-008,emina-bright-stuff-serum,face_serum,0.11009726427781857,0.7344623429136595,0.06950872748750353,1.287590879658643,3.43692292454464,3.2497793051466615,12902.911577282048,SYNTHETIC_PROTOTYPE_DATA,False
emina-bright-stuff-serum-009,emina-bright-stuff-serum,face_serum,0.8099619957488916,0.36246967330688235,0.45818574779837795,1.3058946010006431,3.5537685637419942,3.0179227339424615,24063.53856230315,SYNTHETIC_PROTOTYPE_DATA,False
emina-bright-stuff-serum-010,emina-bright-stuff-serum,face_serum,0.07204269694993168,0.4556317513069183,0.8203009774454602,1.3113625922045606,3.851808517356757,3.1839433651909785,27550.273246960143,SYNTHETIC_PROTOTYPE_DATA,False
emina-bright-stuff-serum-011,emina-bright-stuff-serum,face_serum,0.7416619140094894,0.3325720055283354,0.7907731945152053,1.3312482043793514,3.8881520614150515,3.14121049050859,31377.78675736228,SYNTHETIC_PROTOTYPE_DATA,False
emina-bright-stuff-serum-012,emina-bright-stuff-serum,face_serum,0.4076688880362137,0.5776301729388559,0.5701509279501913,1.3793749754277667,3.9275865951504803,3.456450271080236,24831.035279263127,SYNTHETIC_PROTOTYPE_DATA,False
emina-bright-stuff-serum-013,emina-bright-stuff-serum,face_serum,0.2567603818032721,0.33974695072377353,0.7051753510485254,1.2488822742390835,3.519631845808007,2.8680161087373994,26174.74014856662,SYNTHETIC_PROTOTYPE_DATA,False
emina-bright-stuff-serum-014,emina-bright-stuff-serum,face_serum,0.19149700779999287,0.8443609904878323,0.16704950449926412,1.378160635543292,3.8244623046514437,3.6821702896128454,15637.154396626946,SYNTHETIC_PROTOTYPE_DATA,False
emina-bright-stuff-serum-015,emina-bright-stuff-serum,face_serum,0.2569938714873518,0.5932164285802094,0.14408887368333662,1.2529262361222735,3.3065125327477825,3.0350694135264003,14842.01105294478,SYNTHETIC_PROTOTYPE_DATA,False
emina-bright-stuff-serum-016,emina-bright-stuff-serum,face_serum,0.5967083775764883,0.125442082889208,0.3101195568099368,1.0930394901496907,2.751535896895387,2.1492595468726803,18953.03380622974,SYNTHETIC_PROTOTYPE_DATA,False
emina-bright-stuff-serum-017,emina-bright-stuff-serum,face_serum,0.5490695489660188,0.3183571033783791,0.6095131506647125,1.2595394945519196,3.465968359025059,2.883287482206185,25845.00934876906,SYNTHETIC_PROTOTYPE_DATA,False
emina-bright-stuff-serum-018,emina-bright-stuff-serum,face_serum,0.10487075755271608,0.4094387382231044,0.6880689588236788,1.268366653703146,3.578822320224156,2.9689608935036675,24847.318908488378,SYNTHETIC_PROTOTYPE_DATA,False
emina-bright-stuff-serum-019,emina-bright-stuff-serum,face_serum,0.6912342131723288,0.9064518524381824,0.04873311902573886,1.475534523264872,4.057380338827007,4.131699498353571,15421.94916631409,SYNTHETIC_PROTOTYPE_DATA,False
emina-bright-stuff-serum-020,emina-bright-stuff-serum,face_serum,0.41812049221000225,0.33619489945015746,0.8957777256426822,1.3035738823757967,3.8214505868018844,3.1155041192314763,31381.11117564384,SYNTHETIC_PROTOTYPE_DATA,False
emina-bright-stuff-serum-021,emina-bright-stuff-serum,face_serum,0.9039685996148688,0.6327608737815292,0.28757555992371814,1.4291655838628279,3.9419105093300493,3.7198150832858112,21334.156174286603,SYNTHETIC_PROTOTYPE_DATA,False
emina-bright-stuff-serum-022,emina-bright-stuff-serum,face_serum,0.549849116747434,0.14759302220608392,0.1326470813891201,1.0730174628727467,2.508932759013736,2.0511469819552524,14639.388846109085,SYNTHETIC_PROTOTYPE_DATA,False
emina-bright-stuff-serum-023,emina-bright-stuff-serum,face_serum,0.20171054617459938,0.33462636463147066,0.6066975129717632,1.212997458537624,3.3487980198659817,2.739453659232274,23607.874425330403,SYNTHETIC_PROTOTYPE_DATA,False
emina-bright-stuff-serum-024,emina-bright-stuff-serum,face_serum,0.7822394028483846,0.26261734024534117,0.2087430698689022,1.1795380031189147,2.995876873829573,2.5245715300455704,17976.326009873745,SYNTHETIC_PROTOTYPE_DATA,False
emina-bright-stuff-serum-025,emina-bright-stuff-serum,face_serum,0.5625667686813958,0.191184054645076,0.18020782391209653,1.0994015041119218,2.6586195342711227,2.200581445568163,15908.346372195378,SYNTHETIC_PROTOTYPE_DATA,False
emina-bright-stuff-serum-026,emina-bright-stuff-serum,face_serum,0.6845465986489266,0.18762300822758166,0.6309971950066071,1.22130377993522,3.2859357116645618,2.6180953814172363,26934.809094455017,SYNTHETIC_PROTOTYPE_DATA,False
emina-bright-stuff-serum-027,emina-bright-stuff-serum,face_serum,0.3080506812338173,0.954835443070031,0.771237340521393,1.6358210932593644,5.171918401070467,4.502648795126349,29500.377005029655,SYNTHETIC_PROTOTYPE_DATA,False
emina-bright-stuff-serum-028,emina-bright-stuff-serum,face_serum,0.18743030510286626,0.24621806934440826,0.6279907466895496,1.1639001469508217,3.156848785902638,2.5172411195462545,23748.10902047016,SYNTHETIC_PROTOTYPE_DATA,False
emina-bright-stuff-serum-029,emina-bright-stuff-serum,face_serum,0.48740121505478484,0.34605675325842045,0.8376259041219082,1.3137220576682676,3.8773634037959224,3.0693937521123122,30654.157657185144,SYNTHETIC_PROTOTYPE_DATA,False
emina-bright-stuff-serum-030,emina-bright-stuff-serum,face_serum,0.6027386769865514,0.8061192385349792,0.08925561458206313,1.4214741812325205,3.884250452248897,3.813240033471145,15660.952717772661,SYNTHETIC_PROTOTYPE_DATA,False
emina-bright-stuff-serum-031,emina-bright-stuff-serum,face_serum,0.3051102243724584,0.8410184902975968,0.3430592517001241,1.446819343153638,4.177768272274117,3.951796633374257,19947.24755923313,SYNTHETIC_PROTOTYPE_DATA,False
emina-bright-stuff-serum-032,emina-bright-stuff-serum,face_serum,0.8404533170723458,0.3732723149574217,0.0417505014364983,1.2228992751070793,3.057866973260944,2.7576342030415546,14477.155386574228,SYNTHETIC_PROTOTYPE_DATA,False
emina-bright-stuff-serum-033,emina-bright-stuff-serum,face_serum,0.4817231489734818,0.6228020421654149,0.1115087164756382,1.3070052846942743,3.454864343313203,3.2611911882175777,15132.340132974341,SYNTHETIC_PROTOTYPE_DATA,False
emina-bright-stuff-serum-034,emina-bright-stuff-serum,face_serum,0.05141424496120061,0.5293614723315857,0.4446591511073647,1.2645732651964037,3.467976883654935,3.0758624826278935,19809.615365649104,SYNTHETIC_PROTOTYPE_DATA,False
emina-bright-stuff-serum-035,emina-bright-stuff-serum,face_serum,0.30092758023283567,0.17032480573335484,0.26717106638552907,1.0592363459808518,2.534995219029805,2.1358135327494256,16645.767745143145,SYNTHETIC_PROTOTYPE_DATA,False
emina-bright-stuff-serum-036,emina-bright-stuff-serum,face_serum,0.12534408518190762,0.9316315531013568,0.2760298024684656,1.4524292370963872,4.1761771814340625,3.932463617772417,17769.45661476787,SYNTHETIC_PROTOTYPE_DATA,False
emina-bright-stuff-serum-037,emina-bright-stuff-serum,face_serum,0.4479002488500284,0.14468517192952138,0.7866530874874502,1.175462854181198,3.230760789107042,2.485193225078686,28657.002160168253,SYNTHETIC_PROTOTYPE_DATA,False
emina-bright-stuff-serum-038,emina-bright-stuff-serum,face_serum,0.06003695552317369,0.5440991121267323,0.4565730455512756,1.273431582271821,3.550602048586763,3.0400598429196517,20325.999550672735,SYNTHETIC_PROTOTYPE_DATA,False
emina-bright-stuff-serum-039,emina-bright-stuff-serum,face_serum,0.5980374021001925,0.14246832138363877,0.7174479148841869,1.1839664425770264,3.2402630417952167,2.5173858532263766,28178.74662023834,SYNTHETIC_PROTOTYPE_DATA,False
emina-bright-stuff-serum-040,emina-bright-stuff-serum,face_serum,0.43974720086259783,0.8014007636710994,0.5649545936508253,1.5161691468632954,4.520776971003099,4.105491649413474,25478.55234588976,SYNTHETIC_PROTOTYPE_DATA,False
emina-bright-stuff-serum-041,emina-bright-stuff-serum,face_serum,0.24354723851159535,0.4915891162861338,0.7693768985090211,1.3411915935775325,3.992558877483239,3.3222267385559134,27666.43808919101,SYNTHETIC_PROTOTYPE_DATA,False
emina-bright-stuff-serum-042,emina-bright-stuff-serum,face_serum,0.04192668058963667,0.9471409151284936,0.3899833589852617,1.4806701782225535,4.32505791553367,4.015230991793628,19725.8199752151,SYNTHETIC_PROTOTYPE_DATA,False
emina-bright-stuff-serum-043,emina-bright-stuff-serum,face_serum,0.26910600989263417,0.11363821739698515,0.5379514212532169,1.0860937276584828,2.72431907106429,2.168334423919284,21926.037602067834,SYNTHETIC_PROTOTYPE_DATA,False
emina-bright-stuff-serum-044,emina-bright-stuff-serum,face_serum,0.5269310759063446,0.1598928161188627,0.7437488460515437,1.1901056216750732,3.2820924154952853,2.53075720167283,28296.769543824517,SYNTHETIC_PROTOTYPE_DATA,False
emina-bright-stuff-serum-045,emina-bright-stuff-serum,face_serum,0.7709240691611903,0.2975789691068508,0.120091305947199,1.1955114827462041,2.905549536351385,2.566208704477184,15959.025045853446,SYNTHETIC_PROTOTYPE_DATA,False
emina-bright-stuff-serum-046,emina-bright-stuff-serum,face_serum,0.2175698829366082,0.803736099388051,0.4849461287901298,1.452540209805962,4.272981016836585,3.86657056163562,22359.014811341058,SYNTHETIC_PROTOTYPE_DATA,False
emina-bright-stuff-serum-047,emina-bright-stuff-serum,face_serum,0.40076959980930876,0.2727740608737161,0.5061237637622965,1.1953448001485598,3.186830754631668,2.618522313527732,22600.716104808467,SYNTHETIC_PROTOTYPE_DATA,False
emina-bright-stuff-serum-048,emina-bright-stuff-serum,face_serum,0.5512861683252605,0.53743155112183,0.7257057415754596,1.4074053937783675,4.235423107290905,3.580777006781084,29131.799199147536,SYNTHETIC_PROTOTYPE_DATA,False
emina-bright-stuff-serum-049,emina-bright-stuff-serum,face_serum,0.2649436815886665,0.5023438323212451,0.12118409859015813,1.1999152660735886,3.089175861994624,2.795938261803679,14037.781293269525,SYNTHETIC_PROTOTYPE_DATA,False
emina-bright-stuff-serum-050,emina-bright-stuff-serum,face_serum,0.10702491751654553,0.3560417604219903,0.4082609225235519,1.1757515264400213,3.1250185584386885,2.529828480510644,18937.591599695166,SYNTHETIC_PROTOTYPE_DATA,False
emina-bright-stuff-serum-051,emina-bright-stuff-serum,face_serum,0.3211624185154864,0.8846794880759855,0.9181157947921674,1.636960622981579,5.247663559554087,4.492375448622296,32577.40186616361,SYNTHETIC_PROTOTYPE_DATA,False
emina-bright-stuff-serum-052,emina-bright-stuff-serum,face_serum,0.4515500174017489,0.4611181469940546,0.5051655452098689,1.2927773461047716,3.6122873036495755,3.1205073381646593,23355.41791979046,SYNTHETIC_PROTOTYPE_DATA,False
emina-bright-stuff-serum-053,emina-bright-stuff-serum,face_serum,0.45089346824576365,0.11194568513077222,0.6822167008981957,1.1376375881531076,3.040040393158086,2.362335249760076,26310.744412039174,SYNTHETIC_PROTOTYPE_DATA,False
emina-bright-stuff-serum-054,emina-bright-stuff-serum,face_serum,0.8514827750304473,0.4654482351800114,0.647226751903936,1.3979590898326095,4.050285368618813,3.451354989666365,29135.641197306555,SYNTHETIC_PROTOTYPE_DATA,False
emina-bright-stuff-serum-055,emina-bright-stuff-serum,face_serum,0.7136902589517347,0.7840437337629108,0.05572134438757602,1.408700636265401,3.835572751209301,3.8045672980323273,15392.855592214832,SYNTHETIC_PROTOTYPE_DATA,False
emina-bright-stuff-serum-056,emina-bright-stuff-serum,face_serum,0.21301935167428337,0.34105752736120865,0.24273954143940116,1.1430790179666985,2.862482572809211,2.433394443578443,15951.435528491305,SYNTHETIC_PROTOTYPE_DATA,False
emina-bright-stuff-serum-057,emina-bright-stuff-serum,face_serum,0.10844130540799901,0.11916975839929475,0.4099692765826765,1.0369591864207548,2.5859033916477405,1.9944438968572604,18380.52243094856,SYNTHETIC_PROTOTYPE_DATA,False
emina-bright-stuff-serum-058,emina-bright-stuff-serum,face_serum,0.7146317938427643,0.053165444693340266,0.16264457448129807,1.0408451794552935,2.451621765069571,1.9348973483385594,15831.798009635228,SYNTHETIC_PROTOTYPE_DATA,False
emina-bright-stuff-serum-059,emina-bright-stuff-serum,face_serum,0.4044251167814416,0.4457225570591289,0.0898354493064654,1.1906350893476356,3.0183034783886513,2.791903747134819,13793.689708343238,SYNTHETIC_PROTOTYPE_DATA,False
emina-bright-stuff-serum-060,emina-bright-stuff-serum,face_serum,0.8195830285180902,0.35748511237199904,0.5216755687162964,1.3076645665177087,3.613186173846245,3.05083768621569,25601.569774764546,SYNTHETIC_PROTOTYPE_DATA,False
emina-bright-stuff-serum-061,emina-bright-stuff-serum,face_serum,0.19979156645135213,0.8694343110093464,0.19414308452082427,1.4057464189907787,3.9451775400235847,3.772880936184365,16225.816334294008,SYNTHETIC_PROTOTYPE_DATA,False
emina-bright-stuff-serum-062,emina-bright-stuff-serum,face_serum,0.2895421282470201,0.5035272573193317,0.2873634526125716,1.2396557701644693,3.339853609417187,3.0023205848326717,17676.589790936236,SYNTHETIC_PROTOTYPE_DATA,False
emina-bright-stuff-serum-063,emina-bright-stuff-serum,face_serum,0.3600443669485061,0.2679003971924729,0.9070308217218085,1.259157934568421,3.6859602361135275,2.895972832671702,31021.22354555917,SYNTHETIC_PROTOTYPE_DATA,False
emina-bright-stuff-serum-064,emina-bright-stuff-serum,face_serum,0.754418819306386,0.30405845901007594,0.8606416239980256,1.3220154989570851,3.926655554822044,3.126859558268727,33062.26308236499,SYNTHETIC_PROTOTYPE_DATA,False
emina-bright-stuff-serum-065,emina-bright-stuff-serum,face_serum,0.0509487231042773,0.548868709235437,0.3270249457795229,1.2385292801267436,3.401382707127556,2.9628043977004612,17461.175694250407,SYNTHETIC_PROTOTYPE_DATA,False
emina-bright-stuff-serum-066,emina-bright-stuff-serum,face_serum,0.0879530322225037,0.21301621649573613,0.8723524668962672,1.1792027137967627,3.330001090746073,2.603459840506263,28134.214833298178,SYNTHETIC_PROTOTYPE_DATA,False
emina-bright-stuff-serum-067,emina-bright-stuff-serum,face_serum,0.1427863714956894,0.6518453898049706,0.7013841763799953,1.4158332927078856,4.219926016706702,3.575086392304511,26028.997090707267,SYNTHETIC_PROTOTYPE_DATA,False
emina-bright-stuff-serum-068,emina-bright-stuff-serum,face_serum,0.11135457756443662,0.3180032561547182,0.2132291649681223,1.0922507365475358,2.7230815547220364,2.3119184394886654,14810.212013920525,SYNTHETIC_PROTOTYPE_DATA,False
emina-bright-stuff-serum-069,emina-bright-stuff-serum,face_serum,0.31585079240075165,0.747189054507425,0.323917384186818,1.3917204304006154,3.928318064002261,3.672196785951132,19373.290015056118,SYNTHETIC_PROTOTYPE_DATA,False
emina-bright-stuff-serum-070,emina-bright-stuff-serum,face_serum,0.8215000946206688,0.8860729399595751,0.5901101112307171,1.6231982538169478,4.9937321031873845,4.586838456310311,28557.640023435753,SYNTHETIC_PROTOTYPE_DATA,False
emina-bright-stuff-serum-071,emina-bright-stuff-serum,face_serum,0.16965958055860877,0.38878970743598135,0.30936082127994236,1.1718272577460283,3.056436728364497,2.5907135341571728,17236.588256878742,SYNTHETIC_PROTOTYPE_DATA,False
emina-bright-stuff-serum-072,emina-bright-stuff-serum,face_serum,0.04736250076931908,0.7750343078603721,0.21555288038461862,1.337697035348136,3.712659768603192,3.464153800211245,15663.63464311041,SYNTHETIC_PROTOTYPE_DATA,False
emina-bright-stuff-serum-073,emina-bright-stuff-serum,face_serum,0.45303079462467394,0.8691392702696642,0.7352450238302601,1.6013239462767745,4.959429717367875,4.4344766334304495,29397.38935147206,SYNTHETIC_PROTOTYPE_DATA,False
emina-bright-stuff-serum-074,emina-bright-stuff-serum,face_serum,0.9176722063689533,0.8321237544668574,0.5464543466056477,1.5955713850105089,4.84404347956563,4.540872644207819,28039.607400171408,SYNTHETIC_PROTOTYPE_DATA,False
emina-bright-stuff-serum-075,emina-bright-stuff-serum,face_serum,0.307735768135635,0.4137023917522194,0.3773220896106702,1.2162506748148707,3.2457062991890955,2.812842805074808,19634.44383045763,SYNTHETIC_PROTOTYPE_DATA,False
emina-bright-stuff-serum-076,emina-bright-stuff-serum,face_serum,0.5006479935501071,0.13691410095577322,0.561053089682305,1.1338010841991994,2.9566467655711612,2.3317932519765736,23978.345191337652,SYNTHETIC_PROTOTYPE_DATA,False
emina-bright-stuff-serum-077,emina-bright-stuff-serum,face_serum,0.5811005415196977,0.476871336006982,0.6058427415720173,1.3558808530985191,3.8713765275134064,3.3550314337110656,26355.907343932464,SYNTHETIC_PROTOTYPE_DATA,False
emina-bright-stuff-serum-078,emina-bright-stuff-serum,face_serum,0.5995710698358911,0.21019663643276856,0.06314638313136141,1.0925125087655134,2.6087639681791472,2.2073448597015135,13384.11954123313,SYNTHETIC_PROTOTYPE_DATA,False
emina-bright-stuff-serum-079,emina-bright-stuff-serum,face_serum,0.8440773900366164,0.4020009341443472,0.4180852925467746,1.3095101198445926,3.6603158862992813,3.1435728860443444,23387.76840139383,SYNTHETIC_PROTOTYPE_DATA,False
emina-bright-stuff-serum-080,emina-bright-stuff-serum,face_serum,0.15756031360530784,0.649275689099753,0.6340602970094049,1.3838642777712853,4.113472174694044,3.515357934459283,24719.136040327947,SYNTHETIC_PROTOTYPE_DATA,False
emina-bright-stuff-serum-081,emina-bright-stuff-serum,face_serum,0.07213187507923315,0.3200026392443765,0.702460567215116,1.200568822008759,3.310356717430002,2.7706971120884574,24778.913359619888,SYNTHETIC_PROTOTYPE_DATA,False
emina-bright-stuff-serum-082,emina-bright-stuff-serum,face_serum,0.20962137940676892,0.2621571841373798,0.8209910383795397,1.2244883470105663,3.4749143784525676,2.7847140506830796,28019.059786769147,SYNTHETIC_PROTOTYPE_DATA,False
emina-bright-stuff-serum-083,emina-bright-stuff-serum,face_serum,0.6413169925442831,0.8783197739092156,0.6803044738648656,1.6120472645264503,5.0185333876304945,4.516861260723507,29651.039269460347,SYNTHETIC_PROTOTYPE_DATA,False
emina-bright-stuff-serum-084,emina-bright-stuff-serum,face_serum,0.9038631813823865,0.06348534197305569,0.9177380566093544,1.2177254856426594,3.4776817857296636,2.5931643305848717,34712.38766301646,SYNTHETIC_PROTOTYPE_DATA,False
emina-bright-stuff-serum-085,emina-bright-stuff-serum,face_serum,0.3994818197959734,0.5639501388254419,0.8591526273782975,1.4394604363237782,4.397115724829476,3.6053834237206606,30988.507171457306,SYNTHETIC_PROTOTYPE_DATA,False
emina-bright-stuff-serum-086,emina-bright-stuff-serum,face_serum,0.956883544282442,0.4477110330747186,0.04637711802014013,1.2748592582704796,3.1930133925908204,3.015508831360588,15364.107564298116,SYNTHETIC_PROTOTYPE_DATA,False
emina-bright-stuff-serum-087,emina-bright-stuff-serum,face_serum,0.25750634825142615,0.4875898776895379,0.5125164565236799,1.2912204883616576,3.620101091898671,3.089923663373769,22435.789834714713,SYNTHETIC_PROTOTYPE_DATA,False
emina-bright-stuff-serum-088,emina-bright-stuff-serum,face_serum,0.7883842669105798,0.17690239656078321,0.09482758017809062,1.1237602931439294,2.626263122639684,2.1915709161352948,15071.262120313264,SYNTHETIC_PROTOTYPE_DATA,False
emina-bright-stuff-serum-089,emina-bright-stuff-serum,face_serum,0.6390525780182488,0.5583005647560609,0.7033679883892067,1.4338408324977034,4.27611149875124,3.646486690176762,29105.950809455277,SYNTHETIC_PROTOTYPE_DATA,False
emina-bright-stuff-serum-090,emina-bright-stuff-serum,face_serum,0.5501531866235695,0.5002979603019875,0.2067935879301953,1.277321266692312,3.3868607488972065,2.9962158723336203,17325.534710274107,SYNTHETIC_PROTOTYPE_DATA,False
emina-bright-stuff-serum-091,emina-bright-stuff-serum,face_serum,0.6347818783424929,0.30105137944040694,0.7455120197124456,1.2921447501793275,3.691200246338961,3.022622078099035,29565.001321414824,SYNTHETIC_PROTOTYPE_DATA,False
emina-bright-stuff-serum-092,emina-bright-stuff-serum,face_serum,0.1781768720892026,0.12374281018759659,0.3568913553830378,1.0328348018123887,2.529028056261727,1.993304238271746,17677.542943052813,SYNTHETIC_PROTOTYPE_DATA,False
emina-bright-stuff-serum-093,emina-bright-stuff-serum,face_serum,0.8896349046699281,0.8759395570488396,0.6838044546218394,1.6531766893159199,5.133635388835085,4.690331472460028,31118.67739290006,SYNTHETIC_PROTOTYPE_DATA,False
emina-bright-stuff-serum-094,emina-bright-stuff-serum,face_serum,0.43517986157245303,0.5509939957998554,0.055898635644259294,1.2416543628567802,3.1863291939431315,2.9962110512105053,13584.359121889785,SYNTHETIC_PROTOTYPE_DATA,False
emina-bright-stuff-serum-095,emina-bright-stuff-serum,face_serum,0.1736857546866492,0.6681975364546793,0.14231436549713325,1.2776651484362391,3.4188653692840023,3.2070534294151223,14554.311103429503,SYNTHETIC_PROTOTYPE_DATA,False
wardah-hydra-rose-toner-000,wardah-hydra-rose-toner,face_toner,0.35,0.3333333333333333,0.25,1.1261666666666668,2.609166666666667,2.6571666666666673,17596.666666666664,SYNTHETIC_PROTOTYPE_DATA,False
wardah-hydra-rose-toner-001,wardah-hydra-rose-toner,face_toner,0.18851404234690564,0.6704757912662751,0.6238785880283664,1.3765759412231093,3.7929436258641087,3.742843456852878,25680.615483368965,SYNTHETIC_PROTOTYPE_DATA,False
wardah-hydra-rose-toner-002,wardah-hydra-rose-toner,face_toner,0.3497263174776165,0.5601026238164634,0.29975810222510174,1.254827666517585,3.15436745054477,3.223613611404831,19293.245897447112,SYNTHETIC_PROTOTYPE_DATA,False
wardah-hydra-rose-toner-003,wardah-hydra-rose-toner,face_toner,0.6023473378478154,0.7994837194166758,0.625818306387282,1.519235019667394,4.326759416875122,4.326655313326649,28554.516216562904,SYNTHETIC_PROTOTYPE_DATA,False
wardah-hydra-rose-toner-004,wardah-hydra-rose-toner,face_toner,0.7705230688808868,0.06199197254848849,0.23082563266248363,1.0494488129396289,2.2247414933437804,2.1205409067977468,18650.278081845318,SYNTHETIC_PROTOTYPE_DATA,False
wardah-hydra-rose-toner-005,wardah-hydra-rose-toner,face_toner,0.8325133391841567,0.8535824479017172,0.5201208916752127,1.5504668672686441,4.462931123464753,4.584275884187499,27742.30085081941,SYNTHETIC_PROTOTYPE_DATA,False
wardah-hydra-rose-toner-006,wardah-hydra-rose-toner,face_toner,0.3615585263655262,0.4715561579634512,0.5823268247086457,1.277490956557994,3.3525133411911954,3.2585415571925593,25314.891751846448,SYNTHETIC_PROTOTYPE_DATA,False
wardah-hydra-rose-toner-007,wardah-hydra-rose-toner,face_toner,0.6476957534781055,0.38052374706780034,0.5214436431906456,1.2599024997788533,3.25549064448238,3.1757251386369845,25312.983336950572,SYNTHETIC_PROTOTYPE_DATA,False
wardah-hydra-rose-toner-008,wardah-hydra-rose-toner,face_toner,0.20787721450346985,0.8707886282887128,0.06553679938098303,1.347664704657899,3.374494923317636,3.789671769549255,14293.346102199908,SYNTHETIC_PROTOTYPE_DATA,False
wardah-hydra-rose-toner-009,wardah-hydra-rose-toner,face_toner,0.3303680383438781,0.5657287389637451,0.4313150332846582,1.2952242211621399,3.4148827741079195,3.3807363491558196,21997.20966504148,SYNTHETIC_PROTOTYPE_DATA,False
wardah-hydra-rose-toner-010,wardah-hydra-rose-toner,face_toner,0.9139875607608099,0.4381456051611449,0.15785658096898908,1.2708336141207806,2.9849305739695873,3.1760093147775588,18637.304222926352,SYNTHETIC_PROTOTYPE_DATA,False
wardah-hydra-rose-toner-011,wardah-hydra-rose-toner,face_toner,0.83465371611705,0.8703719413421507,0.08072807850160305,1.459660107395196,3.7532470077741293,4.301337799585431,17517.42940616325,SYNTHETIC_PROTOTYPE_DATA,False
wardah-hydra-rose-toner-012,wardah-hydra-rose-toner,face_toner,0.6856842427071537,0.17301636614182633,0.4607800814428751,1.1308483070453659,2.7299223090546527,2.548071710270434,23661.856871403656,SYNTHETIC_PROTOTYPE_DATA,False
wardah-hydra-rose-toner-013,wardah-hydra-rose-toner,face_toner,0.7646285363143929,0.23447294889941733,0.09495609268784161,1.1063720011856795,2.413061141189961,2.4774128047726154,15880.352923926492,SYNTHETIC_PROTOTYPE_DATA,False
wardah-hydra-rose-toner-014,wardah-hydra-rose-toner,face_toner,0.9543625475866239,0.89156503652594,0.7243379365761794,1.6641988254471707,4.939936501965182,4.922418434848273,33468.895822972976,SYNTHETIC_PROTOTYPE_DATA,False
wardah-hydra-rose-toner-015,wardah-hydra-rose-toner,face_toner,0.42702201227451025,0.6646197672444559,0.7128329391114983,1.444812129593638,4.048160106782093,3.9550039328666187,29049.569010627845,SYNTHETIC_PROTOTYPE_DATA,False
wardah-hydra-rose-toner-016,wardah-hydra-rose-toner,face_toner,0.22691953460704506,0.10219879353624849,0.08026602581447254,0.9599472030278909,1.7949196695408494,1.8840465471894898,12726.93245550774,SYNTHETIC_PROTOTYPE_DATA,False
wardah-hydra-rose-toner-017,wardah-hydra-rose-toner,face_toner,0.6448469848753395,0.44679780770159816,0.7792532223959492,1.3640449903995167,3.739456986930132,3.5273418691941227,31394.92862686394,SYNTHETIC_PROTOTYPE_DATA,False
wardah-hydra-rose-toner-018,wardah-hydra-rose-toner,face_toner,0.8580886126857633,0.1768496719814123,0.27470434631922547,1.1254191764407686,2.589656048727341,2.483988439782306,20422.735932886986,SYNTHETIC_PROTOTYPE_DATA,False
wardah-hydra-rose-toner-019,wardah-hydra-rose-toner,face_toner,0.630973230629875,0.4360545893798888,0.33696041971198165,1.243344739152826,3.1004853388688898,3.140788318428843,21317.525925172195,SYNTHETIC_PROTOTYPE_DATA,False
wardah-hydra-rose-toner-020,wardah-hydra-rose-toner,face_toner,0.311736287523725,0.9463942434603768,0.08731995196708106,1.396124851288614,3.586745411413763,4.154297801838615,15410.406590578314,SYNTHETIC_PROTOTYPE_DATA,False
wardah-hydra-rose-toner-021,wardah-hydra-rose-toner,face_toner,0.1212454859840345,0.790183901742362,0.9011406459668618,1.5190668742029254,4.537077392031494,4.197576440045191,31168.978266133538,SYNTHETIC_PROTOTYPE_DATA,False
wardah-hydra-rose-toner-022,wardah-hydra-rose-toner,face_toner,0.18931795913582716,0.49693204883755404,0.805084699126908,1.3164576066366187,3.673686090093995,3.389621619665114,28935.26927505141,SYNTHETIC_PROTOTYPE_DATA,False
wardah-hydra-rose-toner-023,wardah-hydra-rose-toner,face_toner,0.9108923004973566,0.4305164778147238,0.933676232274042,1.4157915093796063,4.072001979359016,3.7601399696536233,36981.765343392355,SYNTHETIC_PROTOTYPE_DATA,False
wardah-hydra-rose-toner-024,wardah-hydra-rose-toner,face_toner,0.23699765371951967,0.07392239678419521,0.1912893471830299,0.9608993975485999,1.9499590446008292,1.8938402369991079,15063.357640696066,SYNTHETIC_PROTOTYPE_DATA,False
wardah-hydra-rose-toner-025,wardah-hydra-rose-toner,face_toner,0.6907390430510197,0.47098957930279656,0.7277322548746656,1.3578890631263711,3.794879960891322,3.6142348215697653,30621.94754850545,SYNTHETIC_PROTOTYPE_DATA,False
wardah-hydra-rose-toner-026,wardah-hydra-rose-toner,face_toner,0.18033943743962172,0.25100939762661967,0.849714088581062,1.1934739557027476,3.0951275342944493,2.850717542274591,29228.05055969888,SYNTHETIC_PROTOTYPE_DATA,False
wardah-hydra-rose-toner-027,wardah-hydra-rose-toner,face_toner,0.5028118788317717,0.6651163904584363,0.7027668749345056,1.4438071181008323,4.140732145512982,3.9599387064989036,29402.5710748948,SYNTHETIC_PROTOTYPE_DATA,False
wardah-hydra-rose-toner-028,wardah-hydra-rose-toner,face_toner,0.5108648208336394,0.5343121234859343,0.25418790639636435,1.2717538544681477,3.13599055937641,3.2318990950964297,19071.25354371547,SYNTHETIC_PROTOTYPE_DATA,False
wardah-hydra-rose-toner-029,wardah-hydra-rose-toner,face_toner,0.9533683561864469,0.1604246515741149,0.6044383604093925,1.195417661005691,2.984623010654409,2.796022521911094,28758.124169873696,SYNTHETIC_PROTOTYPE_DATA,False
wardah-hydra-rose-toner-030,wardah-hydra-rose-toner,face_toner,0.7375660540097124,0.6970703542770555,0.7513766605875435,1.5205951775847903,4.415328241941998,4.2539379346332735,32082.476029996324,SYNTHETIC_PROTOTYPE_DATA,False
wardah-hydra-rose-toner-031,wardah-hydra-rose-toner,face_toner,0.7575234031312706,0.19787236186982043,0.12315489002038513,1.0861935246626613,2.349188665232377,2.3686412557971166,16439.53762698937,SYNTHETIC_PROTOTYPE_DATA,False
wardah-hydra-rose-toner-032,wardah-hydra-rose-toner,face_toner,0.5786199473944517,0.39707833107300317,0.19487893308293286,1.1923747508283555,2.785156491862809,2.9270791517181887,17644.833157755216,SYNTHETIC_PROTOTYPE_DATA,False
wardah-hydra-rose-toner-033,wardah-hydra-rose-toner,face_toner,0.30549247832274046,0.41785989205207075,0.10599117708560407,1.1333608486695765,2.572699899203259,2.788646354233478,14437.670432841835,SYNTHETIC_PROTOTYPE_DATA,False
wardah-hydra-rose-toner-034,wardah-hydra-rose-toner,face_toner,0.6739889510896994,0.3336856375533052,0.6059715317386564,1.2583008009671008,3.2552712578164713,3.1243615541220655,27431.881591833433,SYNTHETIC_PROTOTYPE_DATA,False
wardah-hydra-rose-toner-035,wardah-hydra-rose-toner,face_toner,0.2861334272175718,0.4400869334435105,0.8516409555169232,1.3187738572872094,3.6723163929914024,3.3966356689972037,30593.523267151348,SYNTHETIC_PROTOTYPE_DATA,False
wardah-hydra-rose-toner-036,wardah-hydra-rose-toner,face_toner,0.789949483261917,0.8283449426871083,0.12049720139686915,1.430117950604645,3.72107511251642,4.207216158547917,18043.791699949437,SYNTHETIC_PROTOTYPE_DATA,False
wardah-hydra-rose-toner-037,wardah-hydra-rose-toner,face_toner,0.17209676817914052,0.26629067674226625,0.3704993057556768,1.0820476273203212,2.5178685434540595,2.5114563185727907,18972.851031702383,SYNTHETIC_PROTOTYPE_DATA,False
wardah-hydra-rose-toner-038,wardah-hydra-rose-toner,face_toner,0.4643708243142878,0.8224457202893908,0.344316836648103,1.4394764829910025,3.9378466719903336,4.083860293830058,21516.00714707854,SYNTHETIC_PROTOTYPE_DATA,False
wardah-hydra-rose-toner-039,wardah-hydra-rose-toner,face_toner,0.7966057670991601,0.41952242106928783,0.79936503475457,1.3660404966446857,3.8074332439804257,3.6126556230177456,32946.54760182145,SYNTHETIC_PROTOTYPE_DATA,False
wardah-hydra-rose-toner-040,wardah-hydra-rose-toner,face_toner,0.10576717543541686,0.7103546007617726,0.433675680068025,1.3349016322329508,3.584920377032289,3.653112901578527,21202.341996910494,SYNTHETIC_PROTOTYPE_DATA,False
wardah-hydra-rose-toner-041,wardah-hydra-rose-toner,face_toner,0.24794332695116203,0.13658178684291378,0.7038129047882647,1.1011805158199914,2.703117216452585,2.4503197989900163,26276.28631651909,SYNTHETIC_PROTOTYPE_DATA,False
wardah-hydra-rose-toner-042,wardah-hydra-rose-toner,face_toner,0.1301465639926133,0.3675041242781469,0.9383153786109574,1.2711575282536067,3.5224601992406908,3.130436217337308,30983.404974515055,SYNTHETIC_PROTOTYPE_DATA,False
wardah-hydra-rose-toner-043,wardah-hydra-rose-toner,face_toner,0.5983163451767745,0.6171419151315752,0.653300835802313,1.421020204758514,3.9711250398297215,3.9467787837168307,28736.425511954258,SYNTHETIC_PROTOTYPE_DATA,False
wardah-hydra-rose-toner-044,wardah-hydra-rose-toner,face_toner,0.579308541869746,0.26100525017624704,0.34857931619049276,1.1501419693629773,2.710332187032368,2.6422441945893476,20775.78505347075,SYNTHETIC_PROTOTYPE_DATA,False
wardah-hydra-rose-toner-045,wardah-hydra-rose-toner,face_toner,0.4507567031614194,0.4452200566611103,0.2807846557006984,1.2129454477517745,2.9396642684736616,3.0087260041020385,19043.2725781836,SYNTHETIC_PROTOTYPE_DATA,False
wardah-hydra-rose-toner-046,wardah-hydra-rose-toner,face_toner,0.5322478193904326,0.3060110784042356,0.3290607919714556,1.151061933230999,2.7654909230614573,2.7161684971833298,20166.16659981555,SYNTHETIC_PROTOTYPE_DATA,False
wardah-hydra-rose-toner-047,wardah-hydra-rose-toner,face_toner,0.199041697424891,0.7096576868324725,0.24817291436575342,1.3032129119436042,3.3383715820789397,3.530013502020652,17775.33424519159,SYNTHETIC_PROTOTYPE_DATA,False
wardah-hydra-rose-toner-048,wardah-hydra-rose-toner,face_toner,0.7348805935207665,0.7800872985561326,0.523227751091348,1.4954972333893306,4.2176566552546,4.331290592712617,26946.985313333833,SYNTHETIC_PROTOTYPE_DATA,False
wardah-hydra-rose-toner-049,wardah-hydra-rose-toner,face_toner,0.06862354637707757,0.4240901705505953,0.60395423278632,1.213032371696235,3.1116550538685694,3.0540029834407925,23777.528359850716,SYNTHETIC_PROTOTYPE_DATA,False
wardah-hydra-rose-toner-050,wardah-hydra-rose-toner,face_toner,0.2523658859492982,0.9265092038018753,0.13691909351234058,1.4010350508142282,3.6920174631977205,4.044175552902282,16089.995246347484,SYNTHETIC_PROTOTYPE_DATA,False
wardah-hydra-rose-toner-051,wardah-hydra-rose-toner,face_toner,0.5264615786672749,0.5907900178314638,0.12548599721665524,1.2594472018194844,3.1147182922717582,3.313030080793325,16375.243762686749,SYNTHETIC_PROTOTYPE_DATA,False
wardah-hydra-rose-toner-052,wardah-hydra-rose-toner,face_toner,0.646130452429567,0.0812623770341474,0.7046664695581808,1.1245502006558854,2.765330557238942,2.52751195652966,28852.90364761757,SYNTHETIC_PROTOTYPE_DATA,False
wardah-hydra-rose-toner-053,wardah-hydra-rose-toner,face_toner,0.7918990379515662,0.655880805800707,0.3265621643429615,1.3959895495030934,3.6607266383890087,3.8320918718054306,22562.465415783663,SYNTHETIC_PROTOTYPE_DATA,False
wardah-hydra-rose-toner-054,wardah-hydra-rose-toner,face_toner,0.9222609985935494,0.6965727877500401,0.4741798612482475,1.4692882334155555,4.047969178336926,4.188471848341252,26703.380727395008,SYNTHETIC_PROTOTYPE_DATA,False
wardah-hydra-rose-toner-055,wardah-hydra-rose-toner,face_toner,0.6659609862905388,0.4834742555259683,0.614979228836963,1.3406609472465547,3.664226698306893,3.532899616119991,27937.692405088117,SYNTHETIC_PROTOTYPE_DATA,False
wardah-hydra-rose-toner-056,wardah-hydra-rose-toner,face_toner,0.07926590834510053,0.4707063572719681,0.9244123768424086,1.3187850406350083,3.7112164631391558,3.3657268253040993,30563.42399283778,SYNTHETIC_PROTOTYPE_DATA,False
wardah-hydra-rose-toner-057,wardah-hydra-rose-toner,face_toner,0.7966106911646894,0.5480051517054382,0.6355040064013318,1.4020345764947213,3.867223577493517,3.8207188185667316,29369.654993421893,SYNTHETIC_PROTOTYPE_DATA,False
wardah-hydra-rose-toner-058,wardah-hydra-rose-toner,face_toner,0.4123050600069205,0.6113307007386536,0.15471312004626717,1.271897665700932,3.115491367957197,3.3824866773350704,16502.375702758643,SYNTHETIC_PROTOTYPE_DATA,False
wardah-hydra-rose-toner-059,wardah-hydra-rose-toner,face_toner,0.41662077084162735,0.5051288842416627,0.5784547665778724,1.314336305956064,3.435939937243819,3.4168323583832607,25539.61688850114,SYNTHETIC_PROTOTYPE_DATA,False
wardah-hydra-rose-toner-060,wardah-hydra-rose-toner,face_toner,0.3546440177310424,0.2852565373872051,0.455785261922101,1.1491587166419794,2.7851105836985437,2.6823818363391463,22058.482382778395,SYNTHETIC_PROTOTYPE_DATA,False
wardah-hydra-rose-toner-061,wardah-hydra-rose-toner,face_toner,0.6140471815864813,0.5680923732471905,0.18785992852338546,1.2859972027471684,3.2163129839922413,3.3934230570692123,18128.950856499217,SYNTHETIC_PROTOTYPE_DATA,False
wardah-hydra-rose-toner-062,wardah-hydra-rose-toner,face_toner,0.4719122149718511,0.6356183199661103,0.21202821750216314,1.295741674197452,3.298996370730766,3.4988344326400616,18187.015286120015,SYNTHETIC_PROTOTYPE_DATA,False
wardah-hydra-rose-toner-063,wardah-hydra-rose-toner,face_toner,0.5776362422740523,0.6426249094275273,0.6393909150361468,1.4271179227283812,4.006142751706056,3.9109296095151533,28391.735262219583,SYNTHETIC_PROTOTYPE_DATA,False
wardah-hydra-rose-toner-064,wardah-hydra-rose-toner,face_toner,0.09767350876891767,0.7571112651086879,0.9415208322211314,1.4960094346025459,4.484807194568452,4.156836078406591,31873.197926031415,SYNTHETIC_PROTOTYPE_DATA,False
wardah-hydra-rose-toner-065,wardah-hydra-rose-toner,face_toner,0.858185838542034,0.44862729835802684,0.42392403519251143,1.3175722635948588,3.3355008363766143,3.422114940626023,24525.55628199131,SYNTHETIC_PROTOTYPE_DATA,False
wardah-hydra-rose-toner-066,wardah-hydra-rose-toner,face_toner,0.48270456275357654,0.9587378314863739,0.3337966923990799,1.5178325228217509,4.168670489013319,4.5052384401071714,21729.446194401324,SYNTHETIC_PROTOTYPE_DATA,False
wardah-hydra-rose-toner-067,wardah-hydra-rose-toner,face_toner,0.3066320263606533,0.7590864504732544,0.9168794552539441,1.5253047663898434,4.620259207600856,4.309937677811138,32851.56792530232,SYNTHETIC_PROTOTYPE_DATA,False
wardah-hydra-rose-toner-068,wardah-hydra-rose-toner,face_toner,0.2942879892839119,0.4352000790592058,0.844641684609372,1.322459683345452,3.5778393370118673,3.350743209080078,30391.99514832284,SYNTHETIC_PROTOTYPE_DATA,False
wardah-hydra-rose-toner-069,wardah-hydra-rose-toner,face_toner,0.5963511082940004,0.15402480892360274,0.6192350524148463,1.1431842086845376,2.7673603436173813,2.653115988519962,26656.336403644378,SYNTHETIC_PROTOTYPE_DATA,False
wardah-hydra-rose-toner-070,wardah-hydra-rose-toner,face_toner,0.5636537046573874,0.9387347433523775,0.34332693998772335,1.5215233570097608,4.164990688364577,4.432138815096522,22440.042119412,SYNTHETIC_PROTOTYPE_DATA,False
wardah-hydra-rose-toner-071,wardah-hydra-rose-toner,face_toner,0.5294364006113121,0.4396250525252177,0.22159113566620184,1.2068422438232205,2.877868073995397,3.0417015842374937,18046.838676692776,SYNTHETIC_PROTOTYPE_DATA,False
wardah-hydra-rose-toner-072,wardah-hydra-rose-toner,face_toner,0.08654374906925007,0.8979142054056545,0.4413828942059741,1.4491289782406738,4.0211404836003695,4.119072861277513,21646.166197811795,SYNTHETIC_PROTOTYPE_DATA,False
wardah-hydra-rose-toner-073,wardah-hydra-rose-toner,face_toner,0.7597219333616145,0.7444874472413296,0.2372253389876406,1.424162356735258,3.727247914351604,4.0195369469599145,20389.77222032485,SYNTHETIC_PROTOTYPE_DATA,False
wardah-hydra-rose-toner-074,wardah-hydra-rose-toner,face_toner,0.09761033195800514,0.4039270679989542,0.4630143494404356,1.1676907959173384,2.9390796174565033,2.885483150556225,20883.85483119282,SYNTHETIC_PROTOTYPE_DATA,False
wardah-hydra-rose-toner-075,wardah-hydra-rose-toner,face_toner,0.7752366972746364,0.18710057377840855,0.6032528767959962,1.1975502219111032,2.941057971637914,2.7615846688543706,27691.211113498346,SYNTHETIC_PROTOTYPE_DATA,False
wardah-hydra-rose-toner-076,wardah-hydra-rose-toner,face_toner,0.5782657346997726,0.47008970101059255,0.17988052773249827,1.2218180792013316,2.9214335459641276,3.09201600602374,17608.498812470665,SYNTHETIC_PROTOTYPE_DATA,False
wardah-hydra-rose-toner-077,wardah-hydra-rose-toner,face_toner,0.4418201376696182,0.3329682854613404,0.4963429997466441,1.2004706913972913,2.9842078059567934,2.8582889434376706,23415.576993493883,SYNTHETIC_PROTOTYPE_DATA,False
wardah-hydra-rose-toner-078,wardah-hydra-rose-toner,face_toner,0.72023188837501,0.9139300524738451,0.38808884596211457,1.536799872938741,4.3393490206020715,4.589105602938427,24263.425483916093,SYNTHETIC_PROTOTYPE_DATA,False
wardah-hydra-rose-toner-079,wardah-hydra-rose-toner,face_toner,0.6794929367987901,0.6005387304970548,0.4753277572262523,1.3829133851358344,3.703241038566839,3.763689635932096,25230.628304357335,SYNTHETIC_PROTOTYPE_DATA,False
wardah-hydra-rose-toner-080,wardah-hydra-rose-toner,face_toner,0.6247774930956588,0.6118479270767063,0.8922653544164028,1.464424926205335,4.312295101899524,4.092843567278852,34355.987575481275,SYNTHETIC_PROTOTYPE_DATA,False
wardah-hydra-rose-toner-081,wardah-hydra-rose-toner,face_toner,0.2208718520817316,0.8028862622492189,0.0764756934843758,1.3164435700480717,3.2413582615715035,3.6076185831462704,14470.222112343195,SYNTHETIC_PROTOTYPE_DATA,False
wardah-hydra-rose-toner-082,wardah-hydra-rose-toner,face_toner,0.12650252489588878,0.3779491895587399,0.7643958650156885,1.2279549532162877,3.3390381522802843,3.074135940878953,27467.417418685163,SYNTHETIC_PROTOTYPE_DATA,False
wardah-hydra-rose-toner-083,wardah-hydra-rose-toner,face_toner,0.7518186612701465,0.9258888487043968,0.12366633560510865,1.48982375799777,3.9508032246019367,4.4608982866697815,18257.05075946219,SYNTHETIC_PROTOTYPE_DATA,False
wardah-hydra-rose-toner-084,wardah-hydra-rose-toner,face_toner,0.7855814399004062,0.5528685167620707,0.15337422212297366,1.299325395079149,3.157785776176059,3.386286104488901,18246.1164605457,SYNTHETIC_PROTOTYPE_DATA,False
wardah-hydra-rose-toner-085,wardah-hydra-rose-toner,face_toner,0.5031769536731413,0.29990895843223264,0.7172324183106538,1.2279448570408882,3.1995865828631396,2.9836759379326065,28661.94228947677,SYNTHETIC_PROTOTYPE_DATA,False
wardah-hydra-rose-toner-086,wardah-hydra-rose-toner,face_toner,0.7369637962653471,0.08481484300495028,0.12888636646496515,1.0368712709125456,2.141726006476571,2.0775647284247305,16076.9317059893,SYNTHETIC_PROTOTYPE_DATA,False
wardah-hydra-rose-toner-087,wardah-hydra-rose-toner,face_toner,0.8054112578758169,0.6340503010466155,0.6515665581062637,1.4690532795289186,4.113266439254644,4.00376773257024,30093.327027802305,SYNTHETIC_PROTOTYPE_DATA,False
wardah-hydra-rose-toner-088,wardah-hydra-rose-toner,face_toner,0.5864851248369447,0.7317899177335722,0.12422178901759681,1.354101233459382,3.422195063694496,3.785725724785286,17126.735903865298,SYNTHETIC_PROTOTYPE_DATA,False
wardah-hydra-rose-toner-089,wardah-hydra-rose-toner,face_toner,0.39223429906727764,0.9307036292751373,0.14845021173033898,1.435609652908793,3.745445640584818,4.1919861068615205,17198.37786717886,SYNTHETIC_PROTOTYPE_DATA,False
wardah-hydra-rose-toner-090,wardah-hydra-rose-toner,face_toner,0.7886214981347235,0.4347543298009421,0.4164202335159278,1.2965129798301513,3.3017562965849665,3.2916827405419804,24093.7327126692,SYNTHETIC_PROTOTYPE_DATA,False
wardah-hydra-rose-toner-091,wardah-hydra-rose-toner,face_toner,0.51105174130026,0.1579934768760242,0.2585279856394248,1.0651812906706808,2.2897479819638744,2.266238922398832,18175.650373207718,SYNTHETIC_PROTOTYPE_DATA,False
wardah-hydra-rose-toner-092,wardah-hydra-rose-toner,face_toner,0.8983651485300381,0.33879288018224846,0.3544164077253602,1.244291137971692,3.0718027714727114,3.041620866725051,22782.167475516002,SYNTHETIC_PROTOTYPE_DATA,False
wardah-hydra-rose-toner-093,wardah-hydra-rose-toner,face_toner,0.1800555726634202,0.6852744382266698,0.6974246153292385,1.4081042413451934,3.9417238580517546,3.8211406076636645,27193.902954204324,SYNTHETIC_PROTOTYPE_DATA,False
wardah-hydra-rose-toner-094,wardah-hydra-rose-toner,face_toner,0.9091093166208953,0.6522303970670184,0.669123941400076,1.4833327925342,4.285835871954255,4.2660160855267595,31271.49675959234,SYNTHETIC_PROTOTYPE_DATA,False
wardah-hydra-rose-toner-095,wardah-hydra-rose-toner,face_toner,0.23500224144682053,0.5806911322894066,0.5904656105100592,1.3297620139169404,3.5921361476477776,3.4504134087222385,24951.954225481604,SYNTHETIC_PROTOTYPE_DATA,False
emina-double-the-moist-toner-000,emina-double-the-moist-toner,face_toner,0.308,0.29333333333333333,0.22,1.1407162666666668,2.5592266666666665,2.457362666666667,16685.202666666664,SYNTHETIC_PROTOTYPE_DATA,False
emina-double-the-moist-toner-001,emina-double-the-moist-toner,face_toner,0.40340462065939064,0.17247379123307094,0.82880560340235,1.21643799977913,3.036717615079026,2.6843394796693922,30066.660627909943,SYNTHETIC_PROTOTYPE_DATA,False
emina-double-the-moist-toner-002,emina-double-the-moist-toner,face_toner,0.7444522135378819,0.461635688610359,0.1756866322621622,1.2999781593497342,3.1168796434802837,3.1174967906198847,18362.786617471695,SYNTHETIC_PROTOTYPE_DATA,False
emina-double-the-moist-toner-003,emina-double-the-moist-toner,face_toner,0.4019042612069822,0.5444460629748198,0.8181126629981649,1.4292224128800883,4.016908948902084,3.6205556331459023,30904.51994732762,SYNTHETIC_PROTOTYPE_DATA,False
emina-double-the-moist-toner-004,emina-double-the-moist-toner,face_toner,0.4989442989488232,0.3716010225238889,0.4486905173171134,1.2633824411048709,3.1637513928126144,2.8836141566925093,22988.057213417273,SYNTHETIC_PROTOTYPE_DATA,False
emina-double-the-moist-toner-005,emina-double-the-moist-toner,face_toner,0.5265337369650286,0.5521555958864011,0.41631113916770573,1.3729930270544244,3.5275534249723206,3.4287991199278154,22818.40410079946,SYNTHETIC_PROTOTYPE_DATA,False
emina-double-the-moist-toner-006,emina-double-the-moist-toner,face_toner,0.7017141204621341,0.5359063994154193,0.7087741598502417,1.450797334767807,4.076956497714105,3.764120833888204,30430.674602231826,SYNTHETIC_PROTOTYPE_DATA,False
emina-double-the-moist-toner-007,emina-double-the-moist-toner,face_toner,0.10996466421432746,0.7982931717413512,0.1823892527150164,1.3725588429158344,3.477974680096051,3.5629450974444388,16282.51653602057,SYNTHETIC_PROTOTYPE_DATA,False
emina-double-the-moist-toner-008,emina-double-the-moist-toner,face_toner,0.8304288619019548,0.6316012172591889,0.36002200210038365,1.4412597412064472,3.747559512392739,3.743063838332033,23500.23721271322,SYNTHETIC_PROTOTYPE_DATA,False
emina-double-the-moist-toner-009,emina-double-the-moist-toner,face_toner,0.6593818419705939,0.362712988364341,0.5345306093766313,1.310806775632812,3.2738250098273474,3.072877115705478,25845.504675520686,SYNTHETIC_PROTOTYPE_DATA,False
emina-double-the-moist-toner-010,emina-double-the-moist-toner,face_toner,0.1135936280177959,0.7899663387701124,0.15184261962989146,1.3580846344726534,3.426246061606027,3.5660902915076202,15536.73304302903,SYNTHETIC_PROTOTYPE_DATA,False
emina-double-the-moist-toner-011,emina-double-the-moist-toner,face_toner,0.7178736581959732,0.5721303656298969,0.1186893586959708,1.3373809901690221,3.250967329200412,3.316028014037043,17231.448363600186,SYNTHETIC_PROTOTYPE_DATA,False
emina-double-the-moist-toner-012,emina-double-the-moist-toner,face_toner,0.0875655017946469,0.38883552803652754,0.7906053026859481,1.2885407471913966,3.441208079260433,3.012304477374747,27679.347039375265,SYNTHETIC_PROTOTYPE_DATA,False
emina-double-the-moist-toner-013,emina-double-the-moist-toner,face_toner,0.3758934117588582,0.2735986421387569,0.05819329870126269,1.0973938389566444,2.3950565096931964,2.285225132249663,13448.20540946004,SYNTHETIC_PROTOTYPE_DATA,False
emina-double-the-moist-toner-014,emina-double-the-moist-toner,face_toner,0.06666553164560182,0.23458461791877816,0.06601803346376878,1.0293458021439073,2.098528976036361,2.061710680756523,12114.828902507192,SYNTHETIC_PROTOTYPE_DATA,False
emina-double-the-moist-toner-015,emina-double-the-moist-toner,face_toner,0.6861536064419593,0.5544948593882021,0.715186183004881,1.4633426537063625,4.00561261540004,3.7766229275669665,30552.32091604473,SYNTHETIC_PROTOTYPE_DATA,False
emina-double-the-moist-toner-016,emina-double-the-moist-toner,face_toner,0.2895535598601614,0.21704813963631756,0.7625557711802261,1.2064175185625476,3.0825544034714842,2.7029300306156285,28004.885429561506,SYNTHETIC_PROTOTYPE_DATA,False
emina-double-the-moist-toner-017,emina-double-the-moist-toner,face_toner,0.5012872142685576,0.20482143781827328,0.077628535962016,1.0950499601705903,2.2899370869471425,2.216923876093778,14304.624521899954,SYNTHETIC_PROTOTYPE_DATA,False
emina-double-the-moist-toner-018,emina-double-the-moist-toner,face_toner,0.4886636113392426,0.06642900775204032,0.17447199920785303,1.0546043831944052,2.090990096803291,1.9858798882586355,15915.428232123148,SYNTHETIC_PROTOTYPE_DATA,False
emina-double-the-moist-toner-019,emina-double-the-moist-toner,face_toner,0.6793268714821629,0.7928343137309621,0.3455094593709266,1.5061905334861936,4.082387178380261,4.1403273603373725,22783.084720393905,SYNTHETIC_PROTOTYPE_DATA,False
emina-double-the-moist-toner-020,emina-double-the-moist-toner,face_toner,0.8607474657466505,0.922373169780994,0.782970730741816,1.7210921575622575,5.139603203857459,4.984137609534667,34341.52212749854,SYNTHETIC_PROTOTYPE_DATA,False
emina-double-the-moist-toner-021,emina-double-the-moist-toner,face_toner,0.2746837360529774,0.5038224173361515,0.8432504820304166,1.3964573484610823,3.934270091248521,3.4440523859368044,30557.68544675444,SYNTHETIC_PROTOTYPE_DATA,False
emina-double-the-moist-toner-022,emina-double-the-moist-toner,face_toner,0.042037362423272315,0.7503240509854219,0.6467511336468044,1.4625182032620823,4.0806582651199275,3.783070616397121,25315.488521066312,SYNTHETIC_PROTOTYPE_DATA,False
emina-double-the-moist-toner-023,emina-double-the-moist-toner,face_toner,0.23852370006340487,0.7717746063926395,0.9192045644614758,1.5526567328782235,4.702768991226976,4.228001459046721,32415.996155631958,SYNTHETIC_PROTOTYPE_DATA,False
emina-double-the-moist-toner-024,emina-double-the-moist-toner,face_toner,0.0791565640521992,0.07937380891461332,0.7205299800152039,1.0907172772162288,2.6001868371429886,2.2098556924897133,25319.658871509215,SYNTHETIC_PROTOTYPE_DATA,False
emina-double-the-moist-toner-025,emina-double-the-moist-toner,face_toner,0.5321277109498774,0.7512924573420869,0.6324399858369215,1.531454435535794,4.3438004879844865,4.1697692101376935,28275.07053375378,SYNTHETIC_PROTOTYPE_DATA,False
emina-double-the-moist-toner-026,emina-double-the-moist-toner,face_toner,0.18325563531709166,0.34555392651466466,0.09223372979285965,1.1142677955636933,2.417011962984385,2.3990433409856977,13515.540461475694,SYNTHETIC_PROTOTYPE_DATA,False
emina-double-the-moist-toner-027,emina-double-the-moist-toner,face_toner,0.1707867064514467,0.9057614707849442,0.8945402242600495,1.6451381684060502,4.933171428799148,4.477158259907627,31765.23210285428,SYNTHETIC_PROTOTYPE_DATA,False
emina-double-the-moist-toner-028,emina-double-the-moist-toner,face_toner,0.24119431094903812,0.8347998279971598,0.7234084349057699,1.5660965323108489,4.51982922547523,4.247094842948149,28566.473349433076,SYNTHETIC_PROTOTYPE_DATA,False
emina-double-the-moist-toner-029,emina-double-the-moist-toner,face_toner,0.6541702365875459,0.38126984766834926,0.3445501934786263,1.282035513737305,3.113170133364961,2.991368626201505,21416.083543166635,SYNTHETIC_PROTOTYPE_DATA,False
emina-double-the-moist-toner-030,emina-double-the-moist-toner,face_toner,0.7812927036529798,0.4062589316085008,0.6649294264436443,1.3789003503359356,3.71956102081984,3.3639988009187647,29740.462538532232,SYNTHETIC_PROTOTYPE_DATA,False
emina-double-the-moist-toner-031,emina-double-the-moist-toner,face_toner,0.4897614559965209,0.8098519134083192,0.9156205682650901,1.6278756772158671,4.950953586404792,4.521614075167713,34406.12227666656,SYNTHETIC_PROTOTYPE_DATA,False
emina-double-the-moist-toner-032,emina-double-the-moist-toner,face_toner,0.11653042512402531,0.0933690321566077,0.21624989015373056,1.0049485850232842,2.0097314335895513,1.8280706710136045,15047.095277747676,SYNTHETIC_PROTOTYPE_DATA,False
emina-double-the-moist-toner-033,emina-double-the-moist-toner,face_toner,0.5758418976743732,0.8567070270014373,0.8978873848797941,1.666919633792576,5.002495002545401,4.689287117780166,34713.647225228066,SYNTHETIC_PROTOTYPE_DATA,False
emina-double-the-moist-toner-034,emina-double-the-moist-toner,face_toner,0.33757151719189643,0.36750006823813186,0.11353907959799125,1.1608083830149964,2.558101407880243,2.5796981119745204,14725.592405337553,SYNTHETIC_PROTOTYPE_DATA,False
emina-double-the-moist-toner-035,emina-double-the-moist-toner,face_toner,0.06534479674446297,0.11199653575159496,0.069584906577352,0.9686109939190907,1.8660310224317693,1.740746982599264,11841.473235858135,SYNTHETIC_PROTOTYPE_DATA,False
emina-double-the-moist-toner-036,emina-double-the-moist-toner,face_toner,0.3950687367547065,0.28223987452563265,0.9431283391722359,1.29894291961149,3.5117874046882807,3.0291823283826194,33092.8080919096,SYNTHETIC_PROTOTYPE_DATA,False
emina-double-the-moist-toner-037,emina-double-the-moist-toner,face_toner,0.8958154289068224,0.27298533497120686,0.2136639941269822,1.2110511968693678,2.769043869852052,2.6943451028660492,19443.82268351172,SYNTHETIC_PROTOTYPE_DATA,False
emina-double-the-moist-toner-038,emina-double-the-moist-toner,face_toner,0.8468209919906855,0.9340537960491926,0.31692717927765524,1.6017766819277968,4.385475684581195,4.594919476797667,23258.42263985435,SYNTHETIC_PROTOTYPE_DATA,False
emina-double-the-moist-toner-039,emina-double-the-moist-toner,face_toner,0.5351949389094172,0.17428268521852755,0.7394109275014141,1.2154816234982377,3.0821636288388343,2.656633943478649,29098.11133994724,SYNTHETIC_PROTOTYPE_DATA,False
emina-double-the-moist-toner-040,emina-double-the-moist-toner,face_toner,0.22436509109085606,0.955756109586958,0.8140842664852521,1.657668333622972,4.937607005552481,4.580085220760397,30686.413379662165,SYNTHETIC_PROTOTYPE_DATA,False
emina-double-the-moist-toner-041,emina-double-the-moist-toner,face_toner,0.04158525446212107,0.9401489780092984,0.9248312525566129,1.652494965746152,4.967491890156878,4.446694677067579,31444.479199928806,SYNTHETIC_PROTOTYPE_DATA,False
emina-double-the-moist-toner-042,emina-double-the-moist-toner,face_toner,0.8031590199192842,0.6107429767986432,0.31974849100434605,1.424175251678506,3.6788380917307193,3.6697550384150293,22257.107256539286,SYNTHETIC_PROTOTYPE_DATA,False
emina-double-the-moist-toner-043,emina-double-the-moist-toner,face_toner,0.3293969545021174,0.4679763155393735,0.1308222152039789,1.2195657034971739,2.8201617662639697,2.881005775857792,15379.580032623808,SYNTHETIC_PROTOTYPE_DATA,False
emina-double-the-moist-toner-044,emina-double-the-moist-toner,face_toner,0.4158119013299575,0.256255781696736,0.778259553882006,1.2585748126582803,3.2776665931860047,2.8140570345579334,29333.73385946719,SYNTHETIC_PROTOTYPE_DATA,False
emina-double-the-moist-toner-045,emina-double-the-moist-toner,face_toner,0.8232459966669305,0.08942877494517831,0.798427282760454,1.20754673036874,3.0530625683822126,2.580953923763205,32350.333072428934,SYNTHETIC_PROTOTYPE_DATA,False
emina-double-the-moist-toner-046,emina-double-the-moist-toner,face_toner,0.1546686105430636,0.7567724326092973,0.898278562149305,1.5535145002508628,4.566466120719816,4.0933794415184925,31338.614645040896,SYNTHETIC_PROTOTYPE_DATA,False
emina-double-the-moist-toner-047,emina-double-the-moist-toner,face_toner,0.10027002010219772,0.8889762108935281,0.5699633452757277,1.5354803883031019,4.360439127948268,4.11396597297252,24485.57941968054,SYNTHETIC_PROTOTYPE_DATA,False
emina-double-the-moist-toner-048,emina-double-the-moist-toner,face_toner,0.45721834113619836,0.1278259550382814,0.21677997420628017,1.077291026540842,2.272081957487207,2.1532474616802237,17024.00342331427,SYNTHETIC_PROTOTYPE_DATA,False
emina-double-the-moist-toner-049,emina-double-the-moist-toner,face_toner,0.9474228532361781,0.048158814870707764,0.6997768084555891,1.1930714386672372,2.8935068051835047,2.498007856068526,30616.85080298952,SYNTHETIC_PROTOTYPE_DATA,False
emina-double-the-moist-toner-050,emina-double-the-moist-toner,face_toner,0.06595561176807829,0.9214299612197815,0.7658333690771907,1.5915377605492478,4.666077551282014,4.366557865664218,28421.268526065625,SYNTHETIC_PROTOTYPE_DATA,False
emina-double-the-moist-toner-051,emina-double-the-moist-toner,face_toner,0.5880413633697986,0.04069278626158102,0.2151220952031401,1.0428271360965327,2.1623145391043734,1.8916098599104294,17206.0561948698,SYNTHETIC_PROTOTYPE_DATA,False
emina-double-the-moist-toner-052,emina-double-the-moist-toner,face_toner,0.6335050600182373,0.6363805092078787,0.14936965161039625,1.360675792652591,3.3543055396918655,3.5104410883787667,17507.429970048284,SYNTHETIC_PROTOTYPE_DATA,False
emina-double-the-moist-toner-053,emina-double-the-moist-toner,face_toner,0.5311921975663563,0.20263040256017156,0.19045785912419483,1.1220001202200296,2.427027032891701,2.306611703666336,16779.882415747656,SYNTHETIC_PROTOTYPE_DATA,False
emina-double-the-moist-toner-054,emina-double-the-moist-toner,face_toner,0.47145767703411046,0.8931112483584723,0.3996666149324169,1.539887233256942,4.271457571163285,4.259194386461377,23055.06997949958,SYNTHETIC_PROTOTYPE_DATA,False
emina-double-the-moist-toner-055,emina-double-the-moist-toner,face_toner,0.4684706145837469,0.4248670268131034,0.5167869297481787,1.3137223477265823,3.3695309615248026,3.101459281075252,24394.832365504502,SYNTHETIC_PROTOTYPE_DATA,False
emina-double-the-moist-toner-056,emina-double-the-moist-toner,face_toner,0.48870026770345937,0.13364496441031848,0.16288324822547479,1.067899898198375,2.269852865136567,2.054173243989881,15907.8688558159,SYNTHETIC_PROTOTYPE_DATA,False
emina-double-the-moist-toner-057,emina-double-the-moist-toner,face_toner,0.4886390744707638,0.870889603870415,0.34284117675505493,1.5207112065800537,4.0921712706331235,4.182598334954174,21830.640912940482,SYNTHETIC_PROTOTYPE_DATA,False
emina-double-the-moist-toner-058,emina-double-the-moist-toner,face_toner,0.4161316113983106,0.2773021859012016,0.878082588932891,1.290796640591121,3.4486316201253677,3.019271137318693,31644.672803591544,SYNTHETIC_PROTOTYPE_DATA,False
emina-double-the-moist-toner-059,emina-double-the-moist-toner,face_toner,0.893752256377537,0.6569027137557316,0.10402459208331127,1.4082913770182384,3.465636785349043,3.7168031873133636,17835.752390747384,SYNTHETIC_PROTOTYPE_DATA,False
emina-double-the-moist-toner-060,emina-double-the-moist-toner,face_toner,0.21407270514472465,0.24068417244455964,0.2994794819745818,1.1051997828892903,2.4966840304650035,2.34312206516828,17874.91370555775,SYNTHETIC_PROTOTYPE_DATA,False
emina-double-the-moist-toner-061,emina-double-the-moist-toner,face_toner,0.6708008436277575,0.8046360217755674,0.10200507477560053,1.451230490844782,3.6416256012159924,3.9633163698399563,17137.443791089125,SYNTHETIC_PROTOTYPE_DATA,False
emina-double-the-moist-toner-062,emina-double-the-moist-toner,face_toner,0.8837835372253796,0.6796525376215741,0.7237962989598539,1.5673669220546826,4.47487833376322,4.220119441076235,32448.33869868454,SYNTHETIC_PROTOTYPE_DATA,False
emina-double-the-moist-toner-063,emina-double-the-moist-toner,face_toner,0.48192993455819577,0.6334695369229056,0.9526198146160763,1.5370019116084839,4.498904177220034,4.005597434080196,34608.15381351644,SYNTHETIC_PROTOTYPE_DATA,False
emina-double-the-moist-toner-064,emina-double-the-moist-toner,face_toner,0.252781049289662,0.7523218543052905,0.8254727948891438,1.538779668187873,4.449573194303247,4.066537851353423,30556.34700893381,SYNTHETIC_PROTOTYPE_DATA,False
emina-double-the-moist-toner-065,emina-double-the-moist-toner,face_toner,0.6490539157103788,0.3851670437483675,0.49524341262590504,1.307508046119014,3.3224467801125,3.1496604213601103,24833.53082952189,SYNTHETIC_PROTOTYPE_DATA,False
emina-double-the-moist-toner-066,emina-double-the-moist-toner,face_toner,0.7694333387337645,0.0839077408120707,0.7337107703032977,1.2013667013337228,2.9892264830072097,2.488631770854759,30404.898358640265,SYNTHETIC_PROTOTYPE_DATA,False
emina-double-the-moist-toner-067,emina-double-the-moist-toner,face_toner,0.25754436247210366,0.23516044984919734,0.8603061263727203,1.2376334700144664,3.2415836675665157,2.7730514225922653,29973.788405752293,SYNTHETIC_PROTOTYPE_DATA,False
emina-double-the-moist-toner-068,emina-double-the-moist-toner,face_toner,0.047679752208795036,0.3293670656728499,0.513841215438204,1.1907465753300348,2.921252498502274,2.666166094330003,21561.524945557732,SYNTHETIC_PROTOTYPE_DATA,False
emina-double-the-moist-toner-069,emina-double-the-moist-toner,face_toner,0.42695996284315973,0.5214149989784783,0.8295657757832046,1.432133153049644,4.004732621502216,3.6449645940016127,31394.471228372404,SYNTHETIC_PROTOTYPE_DATA,False
emina-double-the-moist-toner-070,emina-double-the-moist-toner,face_toner,0.39236036282243714,0.27710479165149,0.26647354606446877,1.1502182080319119,2.602171407607038,2.4914959659488303,18128.052381571924,SYNTHETIC_PROTOTYPE_DATA,False
emina-double-the-moist-toner-071,emina-double-the-moist-toner,face_toner,0.764576939218691,0.19552913645825756,0.10678586451140495,1.1442595358718952,2.41271325539026,2.291973882191729,16118.181677769147,SYNTHETIC_PROTOTYPE_DATA,False
emina-double-the-moist-toner-072,emina-double-the-moist-toner,face_toner,0.2632114035936083,0.30904717199657084,0.20582284029471487,1.1495608304761082,2.560505715988445,2.4940262425061626,16273.107008273699,SYNTHETIC_PROTOTYPE_DATA,False
emina-double-the-moist-toner-073,emina-double-the-moist-toner,face_toner,0.4679922097907902,0.5544075852851266,0.9067749211611895,1.4808566118998625,4.223438662595003,3.7618213175444133,33391.17132738498,SYNTHETIC_PROTOTYPE_DATA,False
emina-double-the-moist-toner-074,emina-double-the-moist-toner,face_toner,0.19798190574306637,0.5774874720076809,0.3698384803190574,1.3101938160138984,3.3055385676688407,3.1993620217342276,19995.543316097548,SYNTHETIC_PROTOTYPE_DATA,False
emina-double-the-moist-toner-075,emina-double-the-moist-toner,face_toner,0.6893596901039875,0.8245052877435389,0.09592240290865056,1.469786278327999,3.7121330206058087,3.989593881267564,17035.630409519097,SYNTHETIC_PROTOTYPE_DATA,False
emina-double-the-moist-toner-076,emina-double-the-moist-toner,face_toner,0.145805581390402,0.5692461749042271,0.561724111201973,1.353216859638474,3.5653151289366614,3.34383831290077,23725.0339402176,SYNTHETIC_PROTOTYPE_DATA,False
emina-double-the-moist-toner-077,emina-double-the-moist-toner,face_toner,0.04095458097221098,0.5636531080724941,0.8833676766811442,1.4082478273869052,3.9226314187842592,3.4916787637147015,29748.070900028666,SYNTHETIC_PROTOTYPE_DATA,False
emina-double-the-moist-toner-078,emina-double-the-moist-toner,face_toner,0.9072657844146328,0.4342167287054784,0.5056499425399001,1.374153164831461,3.57763770685624,3.4164466006105974,26805.993900010104,SYNTHETIC_PROTOTYPE_DATA,False
emina-double-the-moist-toner-079,emina-double-the-moist-toner,face_toner,0.6617777109439895,0.1145578399561977,0.8704187663932867,1.2233653119391459,3.1449926156042274,2.6822145999248894,32962.2605888427,SYNTHETIC_PROTOTYPE_DATA,False
emina-double-the-moist-toner-080,emina-double-the-moist-toner,face_toner,0.5864449895744888,0.6561273737084339,0.17559572897057524,1.3829740485756776,3.4088290265255123,3.53502237631031,17926.79700271489,SYNTHETIC_PROTOTYPE_DATA,False
emina-double-the-moist-toner-081,emina-double-the-moist-toner,face_toner,0.5229094900802486,0.1258051204915125,0.21562755738000638,1.0834015748176846,2.257882598267984,2.114895982310055,17180.13978876102,SYNTHETIC_PROTOTYPE_DATA,False
emina-double-the-moist-toner-082,emina-double-the-moist-toner,face_toner,0.6701495277328988,0.22820668077779135,0.3975742247472525,1.1974912669741298,2.852760508951805,2.65129212429281,22274.116381682823,SYNTHETIC_PROTOTYPE_DATA,False
emina-double-the-moist-toner-083,emina-double-the-moist-toner,face_toner,0.6504888118187295,0.2401020168070644,0.5039921970824631,1.2216854912126207,2.99681497700021,2.7110598385271767,24734.00662061164,SYNTHETIC_PROTOTYPE_DATA,False
emina-double-the-moist-toner-084,emina-double-the-moist-toner,face_toner,0.15127019228639266,0.2514920257075478,0.4503177737548212,1.1382834884559092,2.673169450837706,2.4530437790457458,20561.150815942925,SYNTHETIC_PROTOTYPE_DATA,False
emina-double-the-moist-toner-085,emina-double-the-moist-toner,face_toner,0.809549538483849,0.8187960536847199,0.4652180627288737,1.5669150032911539,4.369394880629647,4.426450559773709,26350.942931081216,SYNTHETIC_PROTOTYPE_DATA,False
emina-double-the-moist-toner-086,emina-double-the-moist-toner,face_toner,0.951821325278493,0.05491526718253055,0.9206945688102471,1.240592931600205,3.203271696849905,2.695557338088921,36112.11045420202,SYNTHETIC_PROTOTYPE_DATA,False
emina-double-the-moist-toner-087,emina-double-the-moist-toner,face_toner,0.572762124398671,0.49680537057958274,0.8300405279264182,1.4343412339059307,4.025677578542637,3.6129260501360125,32215.1601068955,SYNTHETIC_PROTOTYPE_DATA,False
emina-double-the-moist-toner-088,emina-double-the-moist-toner,face_toner,0.8531896169229508,0.09386414458281185,0.41132399016157906,1.1531842263380985,2.6641605970892406,2.2817156576132054,23419.17784509129,SYNTHETIC_PROTOTYPE_DATA,False
emina-double-the-moist-toner-089,emina-double-the-moist-toner,face_toner,0.6307939123206647,0.6935546163894448,0.19850653824219655,1.4009305555249258,3.5988887523649655,3.681758426202575,18941.542926141443,SYNTHETIC_PROTOTYPE_DATA,False
emina-double-the-moist-toner-090,emina-double-the-moist-toner,face_toner,0.6838247034412143,0.21502898402160336,0.7798367259108058,1.272352792848205,3.2981639962232547,2.8856864307957957,31212.67972080916,SYNTHETIC_PROTOTYPE_DATA,False
emina-double-the-moist-toner-091,emina-double-the-moist-toner,face_toner,0.3365918275479663,0.3212911068325869,0.4967131486976503,1.2254027293760672,3.0014963518582847,2.7925311850024297,22779.956674073444,SYNTHETIC_PROTOTYPE_DATA,False
emina-double-the-moist-toner-092,emina-double-the-moist-toner,face_toner,0.7392763087672515,0.045704436604925465,0.19315011042443647,1.0765794491516787,2.2530815991152666,1.9809070386763605,17616.0570488066,SYNTHETIC_PROTOTYPE_DATA,False
emina-double-the-moist-toner-093,emina-double-the-moist-toner,face_toner,0.42072013027471467,0.5884198017055782,0.712636639312209,1.4458130224209516,4.008947461103749,3.6941013050706624,28789.197047143993,SYNTHETIC_PROTOTYPE_DATA,False
emina-double-the-moist-toner-094,emina-double-the-moist-toner,face_toner,0.8150059408410386,0.4066555563034883,0.937020493611349,1.4365281932927056,4.0582188754733215,3.605544760560272,36323.0743162,SYNTHETIC_PROTOTYPE_DATA,False
emina-double-the-moist-toner-095,emina-double-the-moist-toner,face_toner,0.7659967655825124,0.8429625402665517,0.2867675709607372,1.531678082452772,4.059667290459992,4.268219108902512,21951.483065746303,SYNTHETIC_PROTOTYPE_DATA,False
wardah-uv-shield-physical-000,wardah-uv-shield-physical,sunscreen,0.6,0.4,0.3333333333333333,1.243,3.086666666666667,2.7576666666666667,21763.333333333332,SYNTHETIC_PROTOTYPE_DATA,False
wardah-uv-shield-physical-001,wardah-uv-shield-physical,sunscreen,0.07735472950160693,0.45789847408979717,0.1312427919385611,1.1332186423129502,2.665932161289965,2.4269423141683157,14975.700798223716,SYNTHETIC_PROTOTYPE_DATA,False
wardah-uv-shield-physical-002,wardah-uv-shield-physical,sunscreen,0.7152027993388346,0.12919152909289527,0.39688835640462505,1.1299069579532761,2.614408234761537,2.0949553546230244,23170.474434862346,SYNTHETIC_PROTOTYPE_DATA,False
wardah-uv-shield-physical-003,wardah-uv-shield-physical,sunscreen,0.14678163177313713,0.8072809774358594,0.9361916936703715,1.5631293694981514,4.6880607190310055,3.9880107833757807,33044.76843061095,SYNTHETIC_PROTOTYPE_DATA,False
wardah-uv-shield-physical-004,wardah-uv-shield-physical,sunscreen,0.6420234652936122,0.16175605570468984,0.552035235681901,1.153920488698549,2.7926722098724035,2.2573052782579373,26289.132025241965,SYNTHETIC_PROTOTYPE_DATA,False
wardah-uv-shield-physical-005,wardah-uv-shield-physical,sunscreen,0.3154341452618169,0.4001093854598804,0.6955650819633561,1.2889662600993044,3.41258640206935,2.878522493808219,28050.899955641413,SYNTHETIC_PROTOTYPE_DATA,False
wardah-uv-shield-physical-006,wardah-uv-shield-physical,sunscreen,0.42604213167650357,0.1296618596008228,0.342443006370011,1.0615373577008578,2.3697644728052687,1.9486901184436345,20258.82868558805,SYNTHETIC_PROTOTYPE_DATA,False
wardah-uv-shield-physical-007,wardah-uv-shield-physical,sunscreen,0.6234796955059514,0.17913025119592163,0.5707841026346102,1.170606486808495,2.9004416395622714,2.392736769228306,26776.807711510493,SYNTHETIC_PROTOTYPE_DATA,False
wardah-uv-shield-physical-008,wardah-uv-shield-physical,sunscreen,0.11509585881360376,0.25382268149086357,0.13563933440287063,1.0321366325115502,2.2527019244309923,1.9192654744030277,14588.468119355168,SYNTHETIC_PROTOTYPE_DATA,False
wardah-uv-shield-physical-009,wardah-uv-shield-physical,sunscreen,0.05807203391420684,0.43595419654613304,0.6716395136775424,1.2536013826397285,3.3348946552684633,2.806671856966969,26079.858504299937,SYNTHETIC_PROTOTYPE_DATA,False
wardah-uv-shield-physical-010,wardah-uv-shield-physical,sunscreen,0.9563214225786647,0.3304070251874697,0.5768621501843135,1.311820371794678,3.415974617554406,2.9500758841227586,29417.348958982668,SYNTHETIC_PROTOTYPE_DATA,False
wardah-uv-shield-physical-011,wardah-uv-shield-physical,sunscreen,0.385765972941834,0.29551945075176855,0.7181422717330154,1.228049040196936,3.2176774653812155,2.6720040040108097,28867.73903550317,SYNTHETIC_PROTOTYPE_DATA,False
wardah-uv-shield-physical-012,wardah-uv-shield-physical,sunscreen,0.24203253323746188,0.1688510573471081,0.47194427500059805,1.081257657182099,2.553860162909943,2.1287915566817524,22105.9849601267,SYNTHETIC_PROTOTYPE_DATA,False
wardah-uv-shield-physical-013,wardah-uv-shield-physical,sunscreen,0.4136387972393029,0.5274733271261411,0.06469422245544343,1.2099689824727655,2.9266797426816975,2.766153708910981,15331.404516567973,SYNTHETIC_PROTOTYPE_DATA,False
wardah-uv-shield-physical-014,wardah-uv-shield-physical,sunscreen,0.49408763994967353,0.46010295897070747,0.8571428142389607,1.3797460787654232,3.8634102577161564,3.282702526107931,33015.66096207642,SYNTHETIC_PROTOTYPE_DATA,False
wardah-uv-shield-physical-015,wardah-uv-shield-physical,sunscreen,0.6711357699504318,0.7873346806508502,0.05109680202040794,1.3894877190880492,3.561479752965951,3.618439052155842,16757.40052430937,SYNTHETIC_PROTOTYPE_DATA,False
wardah-uv-shield-physical-016,wardah-uv-shield-physical,sunscreen,0.3070126622978219,0.8002354486793914,0.8441105646835331,1.549607253150439,4.59533495528007,4.027600695470837,32386.429652817642,SYNTHETIC_PROTOTYPE_DATA,False
wardah-uv-shield-physical-017,wardah-uv-shield-physical,sunscreen,0.5347160916066565,0.6641123099377191,0.31558180126377167,1.3779481698123002,3.630552431444519,3.443287092113166,21687.83286496798,SYNTHETIC_PROTOTYPE_DATA,False
wardah-uv-shield-physical-018,wardah-uv-shield-physical,sunscreen,0.5672726367845378,0.26718550780242095,0.30030998296966155,1.158098435791249,2.723466915125275,2.3414096956815746,20431.663251121525,SYNTHETIC_PROTOTYPE_DATA,False
wardah-uv-shield-physical-019,wardah-uv-shield-physical,sunscreen,0.2024082144673353,0.9583759793749127,0.14633065852224317,1.4292704452972202,3.8013594854544537,3.797724911640676,17113.587677985757,SYNTHETIC_PROTOTYPE_DATA,False
wardah-uv-shield-physical-020,wardah-uv-shield-physical,sunscreen,0.21932456391703722,0.44884575353198813,0.11513800242223451,1.1518846834831957,2.6302891686140955,2.5176029442536825,15202.772874169263,SYNTHETIC_PROTOTYPE_DATA,False
wardah-uv-shield-physical-021,wardah-uv-shield-physical,sunscreen,0.44294962844262176,0.7020672549729544,0.05033000791692625,1.3141996438575314,3.2453913210596688,3.191201251090705,15471.042556277866,SYNTHETIC_PROTOTYPE_DATA,False
wardah-uv-shield-physical-022,wardah-uv-shield-physical,sunscreen,0.4680359487789184,0.479751861247211,0.7203369945950523,1.3491039256781963,3.715600784043628,3.215273139612197,29824.06614052296,SYNTHETIC_PROTOTYPE_DATA,False
wardah-uv-shield-physical-023,wardah-uv-shield-physical,sunscreen,0.1588354950841877,0.040535776397804736,0.3219396936923113,0.9727982273878097,2.059293521668159,1.584003006313727,18312.160236342246,SYNTHETIC_PROTOTYPE_DATA,False
wardah-uv-shield-physical-024,wardah-uv-shield-physical,sunscreen,0.47467597134003725,0.05008025554082893,0.49935761422825253,1.0576466189882567,2.4524895969405254,1.9076953457931853,23786.40706527288,SYNTHETIC_PROTOTYPE_DATA,False
wardah-uv-shield-physical-025,wardah-uv-shield-physical,sunscreen,0.2675144115746072,0.3955517277262835,0.07780640579097245,1.1247136759476564,2.507681005327987,2.3423086689209662,14458.456448436815,SYNTHETIC_PROTOTYPE_DATA,False
wardah-uv-shield-physical-026,wardah-uv-shield-physical,sunscreen,0.16016155053742495,0.8884035209196607,0.28014727229410846,1.4265539506192917,3.806509602380911,3.697410989311573,19551.31995906449,SYNTHETIC_PROTOTYPE_DATA,False
wardah-uv-shield-physical-027,wardah-uv-shield-physical,sunscreen,0.29774290857895314,0.9175866578255898,0.1608672417230816,1.4221611887820342,3.831546600150284,3.7617119575482123,17705.71661676795,SYNTHETIC_PROTOTYPE_DATA,False
wardah-uv-shield-physical-028,wardah-uv-shield-physical,sunscreen,0.30791013233397957,0.806564617254264,0.5841695189938869,1.483780882559494,4.2144502654873826,3.865120251708653,26580.634657308336,SYNTHETIC_PROTOTYPE_DATA,False
wardah-uv-shield-physical-029,wardah-uv-shield-physical,sunscreen,0.5847879593401154,0.554729601199987,0.6034689683198876,1.3879779124411487,3.8628644568435795,3.415381213410175,28164.764767689743,SYNTHETIC_PROTOTYPE_DATA,False
wardah-uv-shield-physical-030,wardah-uv-shield-physical,sunscreen,0.9101192631734395,0.5571633462060148,0.6347147452175491,1.442296305319388,4.055053647881346,3.6349100577805937,30971.35309768412,SYNTHETIC_PROTOTYPE_DATA,False
wardah-uv-shield-physical-031,wardah-uv-shield-physical,sunscreen,0.15671903991735175,0.17264894403866013,0.1427172762810562,1.0100094701940923,2.0856257530996705,1.8232776760532192,14792.041352233813,SYNTHETIC_PROTOTYPE_DATA,False
wardah-uv-shield-physical-032,wardah-uv-shield-physical,sunscreen,0.38306956967116407,0.10045336997578688,0.5676503546020973,1.0932604841610727,2.611032746561841,2.0579294859639408,24969.2084618822,SYNTHETIC_PROTOTYPE_DATA,False
wardah-uv-shield-physical-033,wardah-uv-shield-physical,sunscreen,0.9219404902264398,0.5657349741390442,0.7069902447861353,1.474037462802542,4.174299333803996,3.6852696724230096,33012.12751972972,SYNTHETIC_PROTOTYPE_DATA,False
wardah-uv-shield-physical-034,wardah-uv-shield-physical,sunscreen,0.24492188989340424,0.07117937250322492,0.2108299289380228,0.976350127209762,2.0204942463422415,1.6447844732161212,16378.937034977907,SYNTHETIC_PROTOTYPE_DATA,False
wardah-uv-shield-physical-035,wardah-uv-shield-physical,sunscreen,0.9573234443531676,0.2689686459534588,0.3539611367362327,1.228441217527135,3.029319967960043,2.6094897321704087,23861.23663567949,SYNTHETIC_PROTOTYPE_DATA,False
wardah-uv-shield-physical-036,wardah-uv-shield-physical,sunscreen,0.22463171445371305,0.2089348931458333,0.7982080849135756,1.1786873754479719,3.0905203165531003,2.406725809674272,29112.346296376265,SYNTHETIC_PROTOTYPE_DATA,False
wardah-uv-shield-physical-037,wardah-uv-shield-physical,sunscreen,0.7944594876563499,0.09741979245208372,0.5300297450962569,1.1472797509925872,2.752042077584432,2.1965113663628912,26638.822212435953,SYNTHETIC_PROTOTYPE_DATA,False
wardah-uv-shield-physical-038,wardah-uv-shield-physical,sunscreen,0.7060786732448535,0.8968546328729394,0.8823445892703293,1.6828820331411694,5.190872084735704,4.655060886867918,36390.67200926292,SYNTHETIC_PROTOTYPE_DATA,False
wardah-uv-shield-physical-039,wardah-uv-shield-physical,sunscreen,0.2798497480603282,0.3300131248445371,0.4473556267404601,1.172130943336375,2.9058113613193255,2.4659316668484097,22360.43427127449,SYNTHETIC_PROTOTYPE_DATA,False
wardah-uv-shield-physical-040,wardah-uv-shield-physical,sunscreen,0.42355361237218914,0.183106205782921,0.5724073881268574,1.1380283180786313,2.824427500579316,2.2768622757423076,25532.212881590687,SYNTHETIC_PROTOTYPE_DATA,False
wardah-uv-shield-physical-041,wardah-uv-shield-physical,sunscreen,0.4100472713187052,0.779391834680995,0.7732401294399437,1.5401090530497075,4.513226738048249,3.9922204321083035,31368.40991809086,SYNTHETIC_PROTOTYPE_DATA,False
wardah-uv-shield-physical-042,wardah-uv-shield-physical,sunscreen,0.24395893923392906,0.7110660246405568,0.5901899279228408,1.423325675750801,3.9732828279134225,3.553798537581084,26132.195096198477,SYNTHETIC_PROTOTYPE_DATA,False
wardah-uv-shield-physical-043,wardah-uv-shield-physical,sunscreen,0.16380679221664865,0.0705575794784081,0.8697585427931411,1.0955520058282293,2.758682007261196,2.1411370764745685,29841.616181906214,SYNTHETIC_PROTOTYPE_DATA,False
wardah-uv-shield-physical-044,wardah-uv-shield-physical,sunscreen,0.7824034443309232,0.8943096401518849,0.509868693928062,1.586496388152058,4.586571362689573,4.428673563196096,28131.312278980993,SYNTHETIC_PROTOTYPE_DATA,False
wardah-uv-shield-physical-045,wardah-uv-shield-physical,sunscreen,0.5596880423174415,0.870402539598633,0.6472738482671497,1.5771776767120336,4.608415428430367,4.243289634741454,29959.801399265074,SYNTHETIC_PROTOTYPE_DATA,False
wardah-uv-shield-physical-046,wardah-uv-shield-physical,sunscreen,0.30010421740774357,0.6391519039026436,0.24462498882087902,1.3004633229954548,3.346800630577699,3.1288109383749942,18700.890104808994,SYNTHETIC_PROTOTYPE_DATA,False
wardah-uv-shield-physical-047,wardah-uv-shield-physical,sunscreen,0.5977268611673643,0.6552964935655713,0.9537830785670145,1.53752909788204,4.614602871050825,3.919985211641234,36478.99261128761,SYNTHETIC_PROTOTYPE_DATA,False
wardah-uv-shield-physical-048,wardah-uv-shield-physical,sunscreen,0.06708273054655793,0.7441409828988801,0.3167871566991165,1.340707632764303,3.5379888512703035,3.283546515124357,19482.47002561295,SYNTHETIC_PROTOTYPE_DATA,False
wardah-uv-shield-physical-049,wardah-uv-shield-physical,sunscreen,0.31001863112279526,0.4082338975002317,0.6416043312610471,1.2757039036928002,3.347324860995786,2.8284469278068145,26816.10264711499,SYNTHETIC_PROTOTYPE_DATA,False
wardah-uv-shield-physical-050,wardah-uv-shield-physical,sunscreen,0.1940293758854827,0.9443059950552904,0.8604642854797224,1.6266863450506697,4.926855501636646,4.3336833910830705,32208.490061578326,SYNTHETIC_PROTOTYPE_DATA,False
wardah-uv-shield-physical-051,wardah-uv-shield-physical,sunscreen,0.3732403954607118,0.15649414112800333,0.7401577772444257,1.1409924399799307,2.8486743063292903,2.299338234678516,28909.27535523435,SYNTHETIC_PROTOTYPE_DATA,False
wardah-uv-shield-physical-052,wardah-uv-shield-physical,sunscreen,0.8971794591824612,0.3365836591076459,0.5719718909208402,1.3031856825208485,3.437575018038345,2.892738169102481,28729.951099301754,SYNTHETIC_PROTOTYPE_DATA,False
wardah-uv-shield-physical-053,wardah-uv-shield-physical,sunscreen,0.8336063348700807,0.35503530962582147,0.12307893398022579,1.2155391268480713,2.832967864452577,2.586771915117,18032.635478971275,SYNTHETIC_PROTOTYPE_DATA,False
wardah-uv-shield-physical-054,wardah-uv-shield-physical,sunscreen,0.5273967655238158,0.1433548890469107,0.7420621421536305,1.166739642610457,2.9211976495881564,2.3342290890792863,29947.819301290954,SYNTHETIC_PROTOTYPE_DATA,False
wardah-uv-shield-physical-055,wardah-uv-shield-physical,sunscreen,0.942703061903203,0.2373145754900207,0.6804375681422228,1.2784716271227825,3.3701756818082598,2.7637974833351806,31584.036128158285,SYNTHETIC_PROTOTYPE_DATA,False
wardah-uv-shield-physical-056,wardah-uv-shield-physical,sunscreen,0.14160184588094293,0.8092916032995748,0.4147347097037311,1.4182618803228868,3.8898118585907335,3.599478075382671,22149.935384294724,SYNTHETIC_PROTOTYPE_DATA,False
wardah-uv-shield-physical-057,wardah-uv-shield-physical,sunscreen,0.9382682634115851,0.4660122941832837,0.4579952907333507,1.3455379576820894,3.5975959003282427,3.224561233019711,26730.84090207723,SYNTHETIC_PROTOTYPE_DATA,False
wardah-uv-shield-physical-058,wardah-uv-shield-physical,sunscreen,0.29966015085333114,0.7158526401665057,0.15046176554439952,1.3203008157130915,3.2924186966552313,3.2617227994728735,17056.41473469071,SYNTHETIC_PROTOTYPE_DATA,False
wardah-uv-shield-physical-059,wardah-uv-shield-physical,sunscreen,0.12451038851844168,0.2718157281583777,0.8880936644616143,1.2154745313503659,3.283979743067529,2.6252546267767842,30584.799276225116,SYNTHETIC_PROTOTYPE_DATA,False
wardah-uv-shield-physical-060,wardah-uv-shield-physical,sunscreen,0.0456326440003401,0.8906401106482484,0.4351664225167973,1.4452651839336352,4.0624855469228,3.759314458587391,22181.788847236334,SYNTHETIC_PROTOTYPE_DATA,False
wardah-uv-shield-physical-061,wardah-uv-shield-physical,sunscreen,0.6133029405477973,0.9230874871967341,0.1507179055284531,1.4950461857107549,3.9440172169989576,3.9925940899471426,18971.107682510174,SYNTHETIC_PROTOTYPE_DATA,False
wardah-uv-shield-physical-062,wardah-uv-shield-physical,sunscreen,0.8091433899571163,0.8897548352376108,0.8979088851572863,1.691358808237698,5.188515111216515,4.646698654214202,37379.36548871763,SYNTHETIC_PROTOTYPE_DATA,False
wardah-uv-shield-physical-063,wardah-uv-shield-physical,sunscreen,0.9075327057829959,0.8524186361666047,0.9332705813568125,1.690358320526283,5.234014669115605,4.666183935055349,38819.95945942693,SYNTHETIC_PROTOTYPE_DATA,False
wardah-uv-shield-physical-064,wardah-uv-shield-physical,sunscreen,0.28320558575168353,0.7826212934057789,0.048473352847182835,1.3158002248976142,3.30433276005069,3.3486864377364154,14909.112435669182,SYNTHETIC_PROTOTYPE_DATA,False
wardah-uv-shield-physical-065,wardah-uv-shield-physical,sunscreen,0.2968555203503687,0.7484147861069026,0.3824059866615922,1.393680064013649,3.7927351827103633,3.522451356536618,22069.447460710897,SYNTHETIC_PROTOTYPE_DATA,False
wardah-uv-shield-physical-066,wardah-uv-shield-physical,sunscreen,0.621221108649685,0.7596171193496128,0.2922195343602023,1.4301208070421743,3.8197191433792703,3.694873514265554,21869.083602301285,SYNTHETIC_PROTOTYPE_DATA,False
wardah-uv-shield-physical-067,wardah-uv-shield-physical,sunscreen,0.6133234327778755,0.8447552611928543,0.5588111951660855,1.5590209332048703,4.431285151415243,4.135624624448084,28255.423851693216,SYNTHETIC_PROTOTYPE_DATA,False
wardah-uv-shield-physical-068,wardah-uv-shield-physical,sunscreen,0.7496421421357939,0.4043310631657073,0.3671766778883049,1.2831116061657253,3.2461759421708196,2.8787070100693604,23365.732022637734,SYNTHETIC_PROTOTYPE_DATA,False
wardah-uv-shield-physical-069,wardah-uv-shield-physical,sunscreen,0.8709400115697333,0.18662830486104234,0.5211197749522045,1.2087524421954068,3.030854502954119,2.474068865710502,27206.492313070274,SYNTHETIC_PROTOTYPE_DATA,False
wardah-uv-shield-physical-070,wardah-uv-shield-physical,sunscreen,0.39909707026749863,0.08091343567799686,0.6721300807534304,1.0959630624571801,2.732902602791749,2.0483983484985497,27286.568719292005,SYNTHETIC_PROTOTYPE_DATA,False
wardah-uv-shield-physical-071,wardah-uv-shield-physical,sunscreen,0.5860497492345911,0.1771629171036343,0.36072519346685844,1.1310202433745988,2.6000365402604455,2.150919140822434,21688.51680758578,SYNTHETIC_PROTOTYPE_DATA,False
wardah-uv-shield-physical-072,wardah-uv-shield-physical,sunscreen,0.1451125193161833,0.12115499070749083,0.4744347792653283,1.0414245841568999,2.3685689534711485,1.9284599804672193,21461.809561149028,SYNTHETIC_PROTOTYPE_DATA,False
wardah-uv-shield-physical-073,wardah-uv-shield-physical,sunscreen,0.1911533412688798,0.2984283366747904,0.07124067533361601,1.0561831211557138,2.281514768683103,2.04312742998219,13671.525610169523,SYNTHETIC_PROTOTYPE_DATA,False
wardah-uv-shield-physical-074,wardah-uv-shield-physical,sunscreen,0.5389118338592653,0.04431864070720606,0.8248041951721508,1.1235374428043556,2.8372785770904496,2.14749448942143,31540.56921246813,SYNTHETIC_PROTOTYPE_DATA,False
wardah-uv-shield-physical-075,wardah-uv-shield-physical,sunscreen,0.8664946979478357,0.643832201176661,0.22324843820980939,1.393597669891946,3.5948119794219497,3.5411318652742425,21209.70578788719,SYNTHETIC_PROTOTYPE_DATA,False
wardah-uv-shield-physical-076,wardah-uv-shield-physical,sunscreen,0.059353972548241055,0.6836089501640097,0.30724390098528254,1.2885415899357695,3.396038442968637,3.164562414867636,19145.56031061679,SYNTHETIC_PROTOTYPE_DATA,False
wardah-uv-shield-physical-077,wardah-uv-shield-physical,sunscreen,0.3812873744042978,0.7631329762165622,0.1550763858608121,1.353859551875594,3.498357794538608,3.4293051056019843,17672.323126133357,SYNTHETIC_PROTOTYPE_DATA,False
wardah-uv-shield-physical-078,wardah-uv-shield-physical,sunscreen,0.41408444564342234,0.1711431923357543,0.9520210877211308,1.2123676498486413,3.2501237232932416,2.4893621882434522,33767.06264863347,SYNTHETIC_PROTOTYPE_DATA,False
wardah-uv-shield-physical-079,wardah-uv-shield-physical,sunscreen,0.07013234114536034,0.9194958001384954,0.24137861686477996,1.4120618629586454,3.7654338911500105,3.654955935202738,18318.934959395105,SYNTHETIC_PROTOTYPE_DATA,False
wardah-uv-shield-physical-080,wardah-uv-shield-physical,sunscreen,0.29409613293736636,0.3243696757593242,0.6876517393190388,1.2282721467519813,3.2959030110480305,2.6925541936053676,27509.03148996882,SYNTHETIC_PROTOTYPE_DATA,False
wardah-uv-shield-physical-081,wardah-uv-shield-physical,sunscreen,0.5557530116714898,0.08961780576571987,0.4313818766574061,1.0769735175232253,2.465903523922123,1.9518364450556163,22977.930401829643,SYNTHETIC_PROTOTYPE_DATA,False
wardah-uv-shield-physical-082,wardah-uv-shield-physical,sunscreen,0.13275193471103042,0.17550979676174647,0.7527260715921552,1.1340957314072888,2.867944706368187,2.258735920384632,27403.521393990035,SYNTHETIC_PROTOTYPE_DATA,False
wardah-uv-shield-physical-083,wardah-uv-shield-physical,sunscreen,0.252965236698632,0.46310215516837594,0.24617244884956008,1.198140692728997,2.920963540905736,2.63316513202997,18229.107891786334,SYNTHETIC_PROTOTYPE_DATA,False
wardah-uv-shield-physical-084,wardah-uv-shield-physical,sunscreen,0.4836255085351519,0.12267015468271261,0.2917599861961309,1.0638447735124357,2.421797565824025,1.881809440288577,19510.564965578957,SYNTHETIC_PROTOTYPE_DATA,False
wardah-uv-shield-physical-085,wardah-uv-shield-physical,sunscreen,0.21712682975704198,0.49539233768741375,0.3650251911528569,1.248036966344275,3.1196989320999644,2.8220795060835657,20722.007868758537,SYNTHETIC_PROTOTYPE_DATA,False
wardah-uv-shield-physical-086,wardah-uv-shield-physical,sunscreen,0.7574777268525329,0.7546851302091521,0.6761535293426576,1.556471162919232,4.522044105801758,4.0931256872419075,31377.032315729106,SYNTHETIC_PROTOTYPE_DATA,False
wardah-uv-shield-physical-087,wardah-uv-shield-physical,sunscreen,0.24385696910873567,0.7633436537445699,0.2996062955073589,1.3772730755819385,3.5916125620723323,3.466597451731905,20036.723698751844,SYNTHETIC_PROTOTYPE_DATA,False
wardah-uv-shield-physical-088,wardah-uv-shield-physical,sunscreen,0.6849389410163097,0.5078047579704346,0.4926867702924528,1.3511284246289001,3.620530766378869,3.253837593710656,26113.695505608997,SYNTHETIC_PROTOTYPE_DATA,False
wardah-uv-shield-physical-089,wardah-uv-shield-physical,sunscreen,0.44603231428828893,0.6205364718560393,0.6127964064469267,1.4120360868224087,3.8898466728727534,3.507636717197692,27774.722500601223,SYNTHETIC_PROTOTYPE_DATA,False
wardah-uv-shield-physical-090,wardah-uv-shield-physical,sunscreen,0.043934390578066654,0.46500711790200644,0.4223123531829998,1.2069884210474489,3.069074662075862,2.7085173576663144,20776.895076928315,SYNTHETIC_PROTOTYPE_DATA,False
wardah-uv-shield-physical-091,wardah-uv-shield-physical,sunscreen,0.2620264282732115,0.7461873756545344,0.5483152060914436,1.4381450520424086,3.988972579369005,3.6467813012750456,25319.4748840582,SYNTHETIC_PROTOTYPE_DATA,False
wardah-uv-shield-physical-092,wardah-uv-shield-physical,sunscreen,0.43039959766633007,0.3683514084983996,0.3124687360977155,1.1929703233376623,2.928357504894093,2.527925745704144,20210.16429725187,SYNTHETIC_PROTOTYPE_DATA,False
wardah-uv-shield-physical-093,wardah-uv-shield-physical,sunscreen,0.6720303115105077,0.7930916659457782,0.268414657887832,1.457327266123637,3.9105573278034513,3.8605585500114867,21620.937175578907,SYNTHETIC_PROTOTYPE_DATA,False
wardah-uv-shield-physical-094,wardah-uv-shield-physical,sunscreen,0.31710765988901934,0.6015043926365052,0.4874669574701875,1.3482305232918415,3.5935344666923004,3.243700824218329,24011.730198264137,SYNTHETIC_PROTOTYPE_DATA,False
wardah-uv-shield-physical-095,wardah-uv-shield-physical,sunscreen,0.8889332222544255,0.25957338939132807,0.30953279860899485,1.2070138655218359,2.8785775666130604,2.509151046160955,22348.38580925256,SYNTHETIC_PROTOTYPE_DATA,False
emina-sun-battle-45-000,emina-sun-battle-45,sunscreen,0.552,0.368,0.3066666666666667,1.2615674666666665,3.0527360000000003,2.5731045333333333,20876.274666666664,SYNTHETIC_PROTOTYPE_DATA,False
emina-sun-battle-45-001,emina-sun-battle-45,sunscreen,0.6900741450775035,0.9555653842338261,0.38957884338381166,1.6227318744272685,4.583242785960602,4.315003916599647,25051.534550696615,SYNTHETIC_PROTOTYPE_DATA,False
emina-sun-battle-45-002,emina-sun-battle-45,sunscreen,0.5390562805694483,0.18902021799754526,0.9569084235126345,1.2923928632532244,3.478774799875296,2.635939364609609,34942.478170788505,SYNTHETIC_PROTOTYPE_DATA,False
emina-sun-battle-45-003,emina-sun-battle-45,sunscreen,0.7439325994830406,0.5751327914935457,0.4805607407282476,1.4490634353317746,3.859783756362615,3.3811231478895687,26458.679806057542,SYNTHETIC_PROTOTYPE_DATA,False
emina-sun-battle-45-004,emina-sun-battle-45,sunscreen,0.5519744735948963,0.1928594447627441,0.05598800344143259,1.1173174923937303,2.3491697938242493,1.9001890579065501,14782.738835033,SYNTHETIC_PROTOTYPE_DATA,False
emina-sun-battle-45-005,emina-sun-battle-45,sunscreen,0.17025612760455489,0.2770899225610418,0.5578340076809392,1.2064720721117652,2.969991339872655,2.297328567960301,23842.70936208114,SYNTHETIC_PROTOTYPE_DATA,False
emina-sun-battle-45-006,emina-sun-battle-45,sunscreen,0.758511596285004,0.521128564312859,0.6894355397988203,1.4587037054339833,4.002083046434485,3.4408940092735163,31282.050937704655,SYNTHETIC_PROTOTYPE_DATA,False
emina-sun-battle-45-007,emina-sun-battle-45,sunscreen,0.8556120875350052,0.39183372346443707,0.4764113325072729,1.365201456219101,3.4960001878015845,2.9136421761800864,26622.29363105574,SYNTHETIC_PROTOTYPE_DATA,False
emina-sun-battle-45-008,emina-sun-battle-45,sunscreen,0.5500894634451228,0.9415105166373494,0.853057251930853,1.7206885808736692,5.2374731239573595,4.5638345862717715,34641.5492492063,SYNTHETIC_PROTOTYPE_DATA,False
emina-sun-battle-45-009,emina-sun-battle-45,sunscreen,0.28234509174598293,0.7336420394537555,0.5664077472335808,1.4881112579719908,4.1680019967385675,3.601685299729055,25927.467115506624,SYNTHETIC_PROTOTYPE_DATA,False
emina-sun-battle-45-010,emina-sun-battle-45,sunscreen,0.25248774157228737,0.6981882057313419,0.14231362018771873,1.3506711953095742,3.377914348243629,3.12146392297354,16602.9112574523,SYNTHETIC_PROTOTYPE_DATA,False
emina-sun-battle-45-011,emina-sun-battle-45,sunscreen,0.4253125325369441,0.41343569197479335,0.6732387020480535,1.357121191407579,3.562154131182899,2.902263938394891,28443.485130802124,SYNTHETIC_PROTOTYPE_DATA,False
emina-sun-battle-45-012,emina-sun-battle-45,sunscreen,0.06211458480879016,0.6754099244349132,0.3524064922527416,1.3679452096766949,3.496417208640345,3.110007874339592,20071.802492673658,SYNTHETIC_PROTOTYPE_DATA,False
emina-sun-battle-45-013,emina-sun-battle-45,sunscreen,0.1742784762484468,0.636297323140245,0.6294601642008152,1.4349325948752951,3.9091484415098408,3.3017281632795457,26411.95778598223,SYNTHETIC_PROTOTYPE_DATA,False
emina-sun-battle-45-014,emina-sun-battle-45,sunscreen,0.7261246252237956,0.6209118425169091,0.9075906654031103,1.573887012788505,4.57539064829024,3.8215032051756817,36417.058941132185,SYNTHETIC_PROTOTYPE_DATA,False
emina-sun-battle-45-015,emina-sun-battle-45,sunscreen,0.06646672895080807,0.49847560154172865,0.075313836576821,1.196726771974671,2.7469436262166997,2.4145904351391394,13814.921183940174,SYNTHETIC_PROTOTYPE_DATA,False
emina-sun-battle-45-016,emina-sun-battle-45,sunscreen,0.8330452751512135,0.2731613658627525,0.498028848641489,1.2894728391966683,3.263091095515093,2.612690300660582,26537.435826231216,SYNTHETIC_PROTOTYPE_DATA,False
emina-sun-battle-45-017,emina-sun-battle-45,sunscreen,0.5009711905861112,0.477238417792292,0.6405450260169996,1.3940518181984658,3.749075540457212,3.088787076392766,28312.86790801792,SYNTHETIC_PROTOTYPE_DATA,False
emina-sun-battle-45-018,emina-sun-battle-45,sunscreen,0.3555677987302545,0.617034063787507,0.7140624017193916,1.4727861673252285,4.123310692819739,3.4398671639448235,29352.12168169188,SYNTHETIC_PROTOTYPE_DATA,False
emina-sun-battle-45-019,emina-sun-battle-45,sunscreen,0.4590982144986261,0.7067540794953721,0.5619943060530775,1.4797742195786951,4.1623126713879515,3.644669901898038,26863.728042971255,SYNTHETIC_PROTOTYPE_DATA,False
emina-sun-battle-45-020,emina-sun-battle-45,sunscreen,0.44581265348210825,0.49698851470485444,0.36759464615517695,1.3379245957732726,3.355401291986381,2.939674031594777,21954.888195268548,SYNTHETIC_PROTOTYPE_DATA,False
emina-sun-battle-45-021,emina-sun-battle-45,sunscreen,0.8815372235079759,0.8897884591040799,0.39315487883151884,1.6215407526903072,4.563884171485768,4.275839625104551,26015.785142552842,SYNTHETIC_PROTOTYPE_DATA,False
emina-sun-battle-45-022,emina-sun-battle-45,sunscreen,0.38438379808707945,0.6439909109431599,0.22671365942074337,1.3708351700558838,3.467468350201984,3.1221599449393334,19061.068538243246,SYNTHETIC_PROTOTYPE_DATA,False
emina-sun-battle-45-023,emina-sun-battle-45,sunscreen,0.311020423408499,0.5025020356045258,0.4558742891074679,1.3146446661836506,3.4220459904613802,2.9328918794344614,23066.524439694756,SYNTHETIC_PROTOTYPE_DATA,False
emina-sun-battle-45-024,emina-sun-battle-45,sunscreen,0.7660788343878528,0.7136032981965456,0.1614345976482131,1.4610798485381729,3.675735706496387,3.553347502256759,19488.51728441813,SYNTHETIC_PROTOTYPE_DATA,False
emina-sun-battle-45-025,emina-sun-battle-45,sunscreen,0.6276138690057147,0.805412625095316,0.8189067570002481,1.6479704661203136,4.892994412295518,4.244462630272305,34018.32894994766,SYNTHETIC_PROTOTYPE_DATA,False
emina-sun-battle-45-026,emina-sun-battle-45,sunscreen,0.08014366387688054,0.04146395634044441,0.6381472811027219,1.072618098016631,2.4420632943541496,1.8086377068918493,24356.753308643347,SYNTHETIC_PROTOTYPE_DATA,False
emina-sun-battle-45-027,emina-sun-battle-45,sunscreen,0.17912626497294362,0.5760472957201005,0.0853507698897987,1.258944210820083,2.9905717687811566,2.6936509098382135,14754.662438338346,SYNTHETIC_PROTOTYPE_DATA,False
emina-sun-battle-45-028,emina-sun-battle-45,sunscreen,0.4159325229820616,0.7793387013096973,0.5312154711712661,1.524197911586567,4.277702276326116,3.7777979250460305,26229.35427080591,SYNTHETIC_PROTOTYPE_DATA,False
emina-sun-battle-45-029,emina-sun-battle-45,sunscreen,0.512396616195942,0.19256688424836635,0.42200224837653055,1.18258010089991,2.786019911922845,2.1363103365776004,22791.412522688006,SYNTHETIC_PROTOTYPE_DATA,False
emina-sun-battle-45-030,emina-sun-battle-45,sunscreen,0.781153000322158,0.2507784689225298,0.042313808923047605,1.1802828764309947,2.5849526989180127,2.169290239314353,15551.404555752248,SYNTHETIC_PROTOTYPE_DATA,False
emina-sun-battle-45-031,emina-sun-battle-45,sunscreen,0.935022704260334,0.3585758498164442,0.9302730717735955,1.4399929700748861,4.110629369276144,3.2606406289112124,37826.03078083247,SYNTHETIC_PROTOTYPE_DATA,False
emina-sun-battle-45-032,emina-sun-battle-45,sunscreen,0.3708172714855347,0.3117686709798249,0.08464270378500158,1.1486514020691412,2.5515263482717776,2.1377284922997166,15010.815273029313,SYNTHETIC_PROTOTYPE_DATA,False
emina-sun-battle-45-033,emina-sun-battle-45,sunscreen,0.4370603912949119,0.9554159862039822,0.31635680850940023,1.557244939332734,4.355814788779765,4.0613813463524515,21907.58850749479,SYNTHETIC_PROTOTYPE_DATA,False
emina-sun-battle-45-034,emina-sun-battle-45,sunscreen,0.13864485848198776,0.6307724598979293,0.16187869394901078,1.3061606391043274,3.194593682100551,2.900867027605049,16452.041844424384,SYNTHETIC_PROTOTYPE_DATA,False
emina-sun-battle-45-035,emina-sun-battle-45,sunscreen,0.9577542705828858,0.07626095661343263,0.2508607076614563,1.1624587496486718,2.580553132138171,1.9237219707015807,21041.362212184693,SYNTHETIC_PROTOTYPE_DATA,False
emina-sun-battle-45-036,emina-sun-battle-45,sunscreen,0.352025750654205,0.5386625904227083,0.34507257882685616,1.3311848216996531,3.3766669617808973,2.9162080361118328,20983.19105837983,SYNTHETIC_PROTOTYPE_DATA,False
emina-sun-battle-45-037,emina-sun-battle-45,sunscreen,0.29871590767677375,0.6643403245967915,0.8810173125732599,1.5299677055720162,4.4146263576534785,3.6443962097480624,32611.670748375407,SYNTHETIC_PROTOTYPE_DATA,False
emina-sun-battle-45-038,emina-sun-battle-45,sunscreen,0.3737345974783517,0.6349666765726295,0.9367595602803515,1.5324082820728957,4.462067444160697,3.680125725910121,34251.85818291991,SYNTHETIC_PROTOTYPE_DATA,False
emina-sun-battle-45-039,emina-sun-battle-45,sunscreen,0.7298495591282713,0.4066054246225485,0.787575012232952,1.40958065687441,3.9334437088466623,3.186293839722429,32980.42954460717,SYNTHETIC_PROTOTYPE_DATA,False
emina-sun-battle-45-040,emina-sun-battle-45,sunscreen,0.7116091333697294,0.9377683450072758,0.32968770899207606,1.61620329462857,4.458918786437209,4.296596382506421,23676.259583145722,SYNTHETIC_PROTOTYPE_DATA,False
emina-sun-battle-45-041,emina-sun-battle-45,sunscreen,0.9370534024020726,0.24079351089807458,0.14672017235732446,1.2229726593294026,2.776116048570502,2.336720752626942,18683.343512322397,SYNTHETIC_PROTOTYPE_DATA,False
emina-sun-battle-45-042,emina-sun-battle-45,sunscreen,0.3696704464616593,0.051846771452617055,0.4467629900358564,1.0782779333170391,2.4259745166389304,1.7354774322831588,22103.79987102029,SYNTHETIC_PROTOTYPE_DATA,False
emina-sun-battle-45-043,emina-sun-battle-45,sunscreen,0.3058708806514968,0.9462786939096038,0.7776297864983529,1.6699197011089095,5.015803879102491,4.327391527836591,31234.616417979025,SYNTHETIC_PROTOTYPE_DATA,False
emina-sun-battle-45-044,emina-sun-battle-45,sunscreen,0.5332269271869604,0.20778399645989065,0.6506769064442208,1.2322797173032625,3.1090210859837355,2.38991103479788,28128.2086443191,SYNTHETIC_PROTOTYPE_DATA,False
emina-sun-battle-45-045,emina-sun-battle-45,sunscreen,0.9017149783565802,0.44720737077642203,0.27540417485920304,1.3578861620178988,3.3690940058926073,2.997628847649051,22173.027106797137,SYNTHETIC_PROTOTYPE_DATA,False
emina-sun-battle-45-046,emina-sun-battle-45,sunscreen,0.14437752371234933,0.7257564825718036,0.5551613873053137,1.444934974136054,4.020390496699008,3.4406889875077353,24984.617086211765,SYNTHETIC_PROTOTYPE_DATA,False
emina-sun-battle-45-047,emina-sun-battle-45,sunscreen,0.7083167624436749,0.6369960370331319,0.6229111081502653,1.518416804056042,4.21624479219913,3.6621734670785626,29588.66974300213,SYNTHETIC_PROTOTYPE_DATA,False
emina-sun-battle-45-048,emina-sun-battle-45,sunscreen,0.07607115496835681,0.8255616872150382,0.5642260318275211,1.4983901668393647,4.2271316784308945,3.6621822779741278,24841.51008736505,SYNTHETIC_PROTOTYPE_DATA,False
emina-sun-battle-45-049,emina-sun-battle-45,sunscreen,0.4413923119225434,0.49964325257422143,0.5131250967090364,1.3594403508664672,3.603981660502114,3.0098260213107677,25148.274816703823,SYNTHETIC_PROTOTYPE_DATA,False
emina-sun-battle-45-050,emina-sun-battle-45,sunscreen,0.41999896247427676,0.23135400428384573,0.14031570956970174,1.1411868000744865,2.496347533586252,2.0269267037774426,16159.959723611131,SYNTHETIC_PROTOTYPE_DATA,False
emina-sun-battle-45-051,emina-sun-battle-45,sunscreen,0.7284629064161081,0.3187017949098964,0.4249987681280425,1.2862664706150186,3.1625126575580222,2.663581316166775,24456.661070817536,SYNTHETIC_PROTOTYPE_DATA,False
emina-sun-battle-45-052,emina-sun-battle-45,sunscreen,0.6569833442799536,0.6311418099531688,0.7206305386618455,1.5213002591264735,4.26908774676982,3.682531368575541,31666.074464948295,SYNTHETIC_PROTOTYPE_DATA,False
emina-sun-battle-45-053,emina-sun-battle-45,sunscreen,0.06035984468803125,0.3150568194869129,0.421234860496534,1.1837064035033975,2.835463162743872,2.269606014253295,20501.945226724652,SYNTHETIC_PROTOTYPE_DATA,False
emina-sun-battle-45-054,emina-sun-battle-45,sunscreen,0.8607926721571718,0.09750743641773174,0.1927236517197614,1.1406021970333216,2.4875489515130305,1.8654154535433667,19026.587569988675,SYNTHETIC_PROTOTYPE_DATA,False
emina-sun-battle-45-055,emina-sun-battle-45,sunscreen,0.729302542219617,0.13777364523277474,0.16999984196902315,1.1456324399030924,2.4849910315499177,1.9557541577988107,17975.016375207968,SYNTHETIC_PROTOTYPE_DATA,False
emina-sun-battle-45-056,emina-sun-battle-45,sunscreen,0.8968806417081007,0.889407163628335,0.11921206108677074,1.5665488921980142,4.130112298057511,4.149562610006678,19522.05475252794,SYNTHETIC_PROTOTYPE_DATA,False
emina-sun-battle-45-057,emina-sun-battle-45,sunscreen,0.9473377109136631,0.47431046064571986,0.2169488003395033,1.36325372257728,3.3413643396376727,3.0394115866700746,21112.63284475487,SYNTHETIC_PROTOTYPE_DATA,False
emina-sun-battle-45-058,emina-sun-battle-45,sunscreen,0.09921076422792022,0.2003288061461524,0.8035228073292724,1.2047210866455307,3.0312493192839867,2.3203043438212925,28408.086373227998,SYNTHETIC_PROTOTYPE_DATA,False
emina-sun-battle-45-059,emina-sun-battle-45,sunscreen,0.4740075675443541,0.8784120981700059,0.22328651240154557,1.5108816320201193,4.001477757505369,3.8278882177257363,20003.54157416592,SYNTHETIC_PROTOTYPE_DATA,False
emina-sun-battle-45-060,emina-sun-battle-45,sunscreen,0.1489163059701027,0.9551017641106005,0.4294211943231439,1.5596909811381268,4.376078213562029,3.9630835820834367,22872.95698633872,SYNTHETIC_PROTOTYPE_DATA,False
emina-sun-battle-45-061,emina-sun-battle-45,sunscreen,0.446638134079175,0.7025180926660565,0.6226799771304588,1.511624257287794,4.209576977522478,3.6424447488080043,28127.630082805827,SYNTHETIC_PROTOTYPE_DATA,False
emina-sun-battle-45-062,emina-sun-battle-45,sunscreen,0.6402941819775826,0.5680067444982904,0.4072861375459803,1.4098147905509362,3.700120617342525,3.244222887977549,24113.239149297093,SYNTHETIC_PROTOTYPE_DATA,False
emina-sun-battle-45-063,emina-sun-battle-45,sunscreen,0.7617615632567912,0.368589283509321,0.18882890655029028,1.2644546468528508,2.996927382358122,2.582945418331389,19251.827426371136,SYNTHETIC_PROTOTYPE_DATA,False
emina-sun-battle-45-064,emina-sun-battle-45,sunscreen,0.24627804050155602,0.9094870137839298,0.30483825514889895,1.5136708823268328,4.036020101822039,3.762089480008127,20622.45459429291,SYNTHETIC_PROTOTYPE_DATA,False
emina-sun-battle-45-065,emina-sun-battle-45,sunscreen,0.041297598139067394,0.7043128034999938,0.30522499661064345,1.3645832433222695,3.5130565549204866,3.1085333180793686,18977.057664524284,SYNTHETIC_PROTOTYPE_DATA,False
emina-sun-battle-45-066,emina-sun-battle-45,sunscreen,0.1286694055375307,0.41873661221343916,0.9454825285975683,1.3701510585474541,3.8129746327497975,2.9700702473879077,32041.678464632434,SYNTHETIC_PROTOTYPE_DATA,False
emina-sun-battle-45-067,emina-sun-battle-45,sunscreen,0.3275586490919908,0.5221081077406589,0.6387166482066776,1.380382253127239,3.723213705982003,3.121374635343921,27286.254024046826,SYNTHETIC_PROTOTYPE_DATA,False
emina-sun-battle-45-068,emina-sun-battle-45,sunscreen,0.5984120981905601,0.1459447715077178,0.9315201512526262,1.26182344256328,3.3176068551789983,2.47765109355085,34696.99230606884,SYNTHETIC_PROTOTYPE_DATA,False
emina-sun-battle-45-069,emina-sun-battle-45,sunscreen,0.9104739152427508,0.3375599727994435,0.21407640147478046,1.2964632761123656,3.0432209780077564,2.562006661878011,20473.406407391274,SYNTHETIC_PROTOTYPE_DATA,False
emina-sun-battle-45-070,emina-sun-battle-45,sunscreen,0.8414746082658598,0.7470825393200294,0.4591471363728855,1.5547199042355047,4.270263007255949,3.930219984748369,26922.8284909733,SYNTHETIC_PROTOTYPE_DATA,False
emina-sun-battle-45-071,emina-sun-battle-45,sunscreen,0.1366667445011021,0.0951669572296542,0.04521580633043829,0.9887041479669478,1.889524697584715,1.4482751662586077,12455.463326585486,SYNTHETIC_PROTOTYPE_DATA,False
emina-sun-battle-45-072,emina-sun-battle-45,sunscreen,0.2621307091649378,0.8698036412844126,0.5267461240137852,1.543566496618556,4.371258227435703,3.900338113388053,25384.62144552393,SYNTHETIC_PROTOTYPE_DATA,False
emina-sun-battle-45-073,emina-sun-battle-45,sunscreen,0.21716346153502944,0.19517765187310954,0.3295310742509737,1.1195382001681342,2.5212382628861363,2.0012979530817834,19057.86292930354,SYNTHETIC_PROTOTYPE_DATA,False
emina-sun-battle-45-074,emina-sun-battle-45,sunscreen,0.6604442880243923,0.597328665594234,0.3693371942995445,1.4278143777079904,3.717997253733225,3.3135686109516325,23647.84855850781,SYNTHETIC_PROTOTYPE_DATA,False
emina-sun-battle-45-075,emina-sun-battle-45,sunscreen,0.4737003146780579,0.7420215969716266,0.754283898281944,1.567189846369541,4.504825582798183,3.914900136122669,31553.314608045293,SYNTHETIC_PROTOTYPE_DATA,False
emina-sun-battle-45-076,emina-sun-battle-45,sunscreen,0.2609371910161811,0.2450995559778198,0.35485786388665863,1.1677716298987721,2.7308305141532063,2.1133599502906235,20027.897608745512,SYNTHETIC_PROTOTYPE_DATA,False
emina-sun-battle-45-077,emina-sun-battle-45,sunscreen,0.2252575871202292,0.19543955038471317,0.09046150120689683,1.069419062669694,2.246027910888731,1.8380515783164848,14074.944130290023,SYNTHETIC_PROTOTYPE_DATA,False
emina-sun-battle-45-078,emina-sun-battle-45,sunscreen,0.11390493789099898,0.2297780751478719,0.7629418595340561,1.2105234346093117,3.0450747639290556,2.368694617010979,27651.005397050136,SYNTHETIC_PROTOTYPE_DATA,False
emina-sun-battle-45-079,emina-sun-battle-45,sunscreen,0.84852617424261,0.7533855595217228,0.82990650348767,1.6510024267184706,4.867196690986251,4.230833175172475,35787.821313422326,SYNTHETIC_PROTOTYPE_DATA,False
emina-sun-battle-45-080,emina-sun-battle-45,sunscreen,0.7523494986425964,0.18297596101173283,0.7953547882260128,1.2850253780929735,3.344822487183144,2.5586943091104506,32859.168271296294,SYNTHETIC_PROTOTYPE_DATA,False
emina-sun-battle-45-081,emina-sun-battle-45,sunscreen,0.8112825554475861,0.3494102297355711,0.43052986297067636,1.3178190856787648,3.3461515968520006,2.772101601579766,25208.17506585502,SYNTHETIC_PROTOTYPE_DATA,False
emina-sun-battle-45-082,emina-sun-battle-45,sunscreen,0.8062275226655621,0.12728072427439396,0.5526187099921737,1.2146167073175966,2.9470266464877413,2.2228684844935582,27341.893860526838,SYNTHETIC_PROTOTYPE_DATA,False
emina-sun-battle-45-083,emina-sun-battle-45,sunscreen,0.6253329686962632,0.15716437685912013,0.3907452409166116,1.1754699508669622,2.7628979458195455,2.086108694982056,22618.380074133966,SYNTHETIC_PROTOTYPE_DATA,False
emina-sun-battle-45-084,emina-sun-battle-45,sunscreen,0.49983677425461853,0.5315827497915496,0.20303708416739058,1.3212367264606961,3.274773259902103,2.919008317700882,18606.362357096867,SYNTHETIC_PROTOTYPE_DATA,False
emina-sun-battle-45-085,emina-sun-battle-45,sunscreen,0.7387682381962697,0.3496721318440711,0.7500302606779856,1.376504923248349,3.698874751736611,2.925800293322527,32015.894026533788,SYNTHETIC_PROTOTYPE_DATA,False
emina-sun-battle-45-086,emina-sun-battle-45,sunscreen,0.6190442252268035,0.30470487080660147,0.47707650349968367,1.2749805784929127,3.185303654834456,2.5939908402234817,24988.142361166683,SYNTHETIC_PROTOTYPE_DATA,False
emina-sun-battle-45-087,emina-sun-battle-45,sunscreen,0.7253716711732465,0.4485320508959016,0.0774151904635306,1.2831201910188754,3.026825222325831,2.6923442684984584,16647.182481609674,SYNTHETIC_PROTOTYPE_DATA,False
emina-sun-battle-45-088,emina-sun-battle-45,sunscreen,0.4468555222959981,0.35014643066541556,0.8008083180265877,1.3360791001913426,3.641924832491209,2.8787552890336783,31037.496303181902,SYNTHETIC_PROTOTYPE_DATA,False
emina-sun-battle-45-089,emina-sun-battle-45,sunscreen,0.041144770679839134,0.4254681229454547,0.06693206174568775,1.1549915704936096,2.5642627884967726,2.243903282067628,13387.858755490779,SYNTHETIC_PROTOTYPE_DATA,False
emina-sun-battle-45-090,emina-sun-battle-45,sunscreen,0.3441141757152112,0.04572492898382079,0.9170883318250963,1.1594935584406956,2.913000099979917,2.1414563747531217,32239.63827549264,SYNTHETIC_PROTOTYPE_DATA,False
emina-sun-battle-45-091,emina-sun-battle-45,sunscreen,0.5129392539577291,0.5310260201544137,0.20107718066565336,1.3215919336436623,3.236628779756171,2.8896661975463878,18587.048342381247,SYNTHETIC_PROTOTYPE_DATA,False
emina-sun-battle-45-092,emina-sun-battle-45,sunscreen,0.5039275542983269,0.8436081514884245,0.08442928102683606,1.4660156859964055,3.698724072927188,3.67092742186033,17010.0503736366,SYNTHETIC_PROTOTYPE_DATA,False
emina-sun-battle-45-093,emina-sun-battle-45,sunscreen,0.6274289596251117,0.7093256178288132,0.5235349865490581,1.5192307944420147,4.180967957626538,3.6806990873757135,27186.481125792077,SYNTHETIC_PROTOTYPE_DATA,False
emina-sun-battle-45-094,emina-sun-battle-45,sunscreen,0.08774237646623653,0.5630696288436875,0.4613259028684334,1.3333483073727666,3.5002349778744746,2.9328203568433038,22140.865320471476,SYNTHETIC_PROTOTYPE_DATA,False
emina-sun-battle-45-095,emina-sun-battle-45,sunscreen,0.4285538478952597,0.7404673152851629,0.8143467914706563,1.5739289129617458,4.616759123076071,3.8623070230850476,32273.406942613783,SYNTHETIC_PROTOTYPE_DATA,False
wardah-lightening-micellar-000,wardah-lightening-micellar,micellar_water,0.3125,0.3,0.25,1.1416250000000001,2.675625,2.3409374999999994,18978.75,SYNTHETIC_PROTOTYPE_DATA,False
wardah-lightening-micellar-001,wardah-lightening-micellar,micellar_water,0.26377203030675833,0.06339498817639062,0.7395510090671219,1.0997530447403465,2.730244462193513,2.1110653998401774,28640.672197418102,SYNTHETIC_PROTOTYPE_DATA,False
wardah-lightening-micellar-002,wardah-lightening-micellar,micellar_water,0.3631858940671644,0.26118333412897543,0.5366010856784094,1.19823616826197,3.0030328224286684,2.491567473133941,25251.870805926952,SYNTHETIC_PROTOTYPE_DATA,False
wardah-lightening-micellar-003,wardah-lightening-micellar,micellar_water,0.9373673572798306,0.264534174422611,0.6779276501791702,1.303421597703714,3.5061291002059245,2.899188805465266,32333.96977935151,SYNTHETIC_PROTOTYPE_DATA,False
wardah-lightening-micellar-004,wardah-lightening-micellar,micellar_water,0.7114344449255067,0.6312794125818348,0.5942477001223252,1.4781390856743093,4.131167867561893,3.745840852458073,29874.38517141998,SYNTHETIC_PROTOTYPE_DATA,False
wardah-lightening-micellar-005,wardah-lightening-micellar,micellar_water,0.11454135660936615,0.19301742698298924,0.12266815109862694,1.0146561646980958,2.1470438263759593,1.8823140683196058,15034.231423716166,SYNTHETIC_PROTOTYPE_DATA,False
wardah-lightening-micellar-006,wardah-lightening-micellar,micellar_water,0.34140207910673026,0.3826717756345381,0.8095202575596187,1.310594579003486,3.6198435240969964,3.036014289493439,31406.642679081768,SYNTHETIC_PROTOTYPE_DATA,False
wardah-lightening-micellar-007,wardah-lightening-micellar,micellar_water,0.25094843436727143,0.30143456252480866,0.3262617247084334,1.14674238463308,2.7113342497124426,2.3496405074902538,20235.63737574155,SYNTHETIC_PROTOTYPE_DATA,False
wardah-lightening-micellar-008,wardah-lightening-micellar,micellar_water,0.5061268929467657,0.11899921019620666,0.3594742509898789,1.1032948048784468,2.533853783990656,2.035827664083286,21811.33340159769,SYNTHETIC_PROTOTYPE_DATA,False
wardah-lightening-micellar-009,wardah-lightening-micellar,micellar_water,0.6340444888053051,0.5074887519324969,0.20399891278893673,1.2979269835990093,3.2123969542564317,3.0330330792141083,20156.830140645452,SYNTHETIC_PROTOTYPE_DATA,False
wardah-lightening-micellar-010,wardah-lightening-micellar,micellar_water,0.09858600266738621,0.5107405025636186,0.7674878216889434,1.3420051213177047,3.7473354467921403,3.1941929379421174,29099.390084433722,SYNTHETIC_PROTOTYPE_DATA,False
wardah-lightening-micellar-011,wardah-lightening-micellar,micellar_water,0.9085163304947496,0.6765015256084401,0.12887339893768718,1.4277923714560596,3.6240113280690833,3.6228280736458123,20152.719385675256,SYNTHETIC_PROTOTYPE_DATA,False
wardah-lightening-micellar-012,wardah-lightening-micellar,micellar_water,0.5599846434016078,0.4858105704693586,0.537582458850103,1.3501066986799581,3.6400912160013585,3.1906569958370805,27212.709110427346,SYNTHETIC_PROTOTYPE_DATA,False
wardah-lightening-micellar-013,wardah-lightening-micellar,micellar_water,0.22603241165317955,0.10091403812716584,0.37074184154082573,1.0367527776137995,2.3704661141808367,1.8499489000451217,20774.470304267103,SYNTHETIC_PROTOTYPE_DATA,False
wardah-lightening-micellar-014,wardah-lightening-micellar,micellar_water,0.9331539302014253,0.6650103185674959,0.8145708477586434,1.5695780933633499,4.691401084971732,4.119717059895152,36548.59081913028,SYNTHETIC_PROTOTYPE_DATA,False
wardah-lightening-micellar-015,wardah-lightening-micellar,micellar_water,0.7312441849763224,0.2299775854095515,0.7684325470408514,1.2809604102699044,3.3977789251917803,2.7555657170954935,32863.78346267666,SYNTHETIC_PROTOTYPE_DATA,False
wardah-lightening-micellar-016,wardah-lightening-micellar,micellar_water,0.13293898286806172,0.053511438686181585,0.7803179784769537,1.082761396593633,2.689465706835609,2.0747358701252736,28509.967945943095,SYNTHETIC_PROTOTYPE_DATA,False
wardah-lightening-micellar-017,wardah-lightening-micellar,micellar_water,0.23213406596047917,0.5769584810211559,0.7434865096477447,1.409151166243511,3.945255789520031,3.367509223413962,29909.371414151676,SYNTHETIC_PROTOTYPE_DATA,False
wardah-lightening-micellar-018,wardah-lightening-micellar,micellar_water,0.5169113561711878,0.06875969123583797,0.5314924744781571,1.1105502215332326,2.602906543010924,2.0450126244720135,25694.53960103266,SYNTHETIC_PROTOTYPE_DATA,False
wardah-lightening-micellar-019,wardah-lightening-micellar,micellar_water,0.8992222101469058,0.10225158931908228,0.7314987916625153,1.2131753435063168,3.1513643433195035,2.4993559466865922,32943.84990306835,SYNTHETIC_PROTOTYPE_DATA,False
wardah-lightening-micellar-020,wardah-lightening-micellar,micellar_water,0.29207599877116797,0.4329986117864298,0.5631988983494032,1.2855585849902404,3.457548446697828,2.9336359663756295,25957.49928635032,SYNTHETIC_PROTOTYPE_DATA,False
wardah-lightening-micellar-021,wardah-lightening-micellar,micellar_water,0.5475496888458437,0.5224530646241536,0.18372204552191543,1.2872345732284978,3.2241164930002464,3.0390660586511458,19304.365363871842,SYNTHETIC_PROTOTYPE_DATA,False
wardah-lightening-micellar-022,wardah-lightening-micellar,micellar_water,0.6801325561397424,0.5788835624845684,0.6498914960397123,1.4481450681431645,4.095007523598123,3.634691322196979,30795.77757984386,SYNTHETIC_PROTOTYPE_DATA,False
wardah-lightening-micellar-023,wardah-lightening-micellar,micellar_water,0.8217980950437069,0.8527960824649629,0.14772708064275034,1.5011819199588643,4.036939017668902,4.0811994193553485,20658.185028790493,SYNTHETIC_PROTOTYPE_DATA,False
wardah-lightening-micellar-024,wardah-lightening-micellar,micellar_water,0.045823864168801895,0.10364332269694088,0.14267466770602727,0.968902867020994,1.9219456360364737,1.6264498826726284,15077.585673322283,SYNTHETIC_PROTOTYPE_DATA,False
wardah-lightening-micellar-025,wardah-lightening-micellar,micellar_water,0.5138277724562657,0.698131798608837,0.9575840689526043,1.563877812270582,4.717400015090306,4.108327137895741,36793.807310799944,SYNTHETIC_PROTOTYPE_DATA,False
wardah-lightening-micellar-026,wardah-lightening-micellar,micellar_water,0.8844747874253327,0.39428204050477916,0.054389871333965716,1.2477181325160558,2.965244563343876,2.7629569949960864,17497.6189737664,SYNTHETIC_PROTOTYPE_DATA,False
wardah-lightening-micellar-027,wardah-lightening-micellar,micellar_water,0.9574458561653257,0.761623821500145,0.1876614759594147,1.4832436720225575,3.9527975353233487,3.9167758311659147,21966.040730435056,SYNTHETIC_PROTOTYPE_DATA,False
wardah-lightening-micellar-028,wardah-lightening-micellar,micellar_water,0.940733801385684,0.554878135751022,0.1575783613633036,1.371534449540423,3.4125540537422374,3.3140859330321697,20700.14297413434,SYNTHETIC_PROTOTYPE_DATA,False
wardah-lightening-micellar-029,wardah-lightening-micellar,micellar_water,0.3044549321083919,0.3598802273995173,0.7942304136224871,1.2882197402498645,3.52741232867238,2.936127864459505,30770.826362038522,SYNTHETIC_PROTOTYPE_DATA,False
wardah-lightening-micellar-030,wardah-lightening-micellar,micellar_water,0.04032683792052482,0.4223042260187173,0.053503225339547975,1.1095713696917961,2.5389547587493806,2.3830700621938194,13879.116745530115,SYNTHETIC_PROTOTYPE_DATA,False
wardah-lightening-micellar-031,wardah-lightening-micellar,micellar_water,0.9440833337993931,0.14512230084422625,0.23091096619313856,1.154812099809716,2.6452661014566488,2.24646454947487,21443.48478005099,SYNTHETIC_PROTOTYPE_DATA,False
wardah-lightening-micellar-032,wardah-lightening-micellar,micellar_water,0.058441249907217566,0.37690212184131505,0.44783104591307643,1.1993028634112641,2.9732448794313453,2.562768019721861,21884.321024288296,SYNTHETIC_PROTOTYPE_DATA,False
wardah-lightening-micellar-033,wardah-lightening-micellar,micellar_water,0.9521811021682872,0.7658467980145771,0.258113164728056,1.508453290995021,4.0724911660281755,4.054819480446938,23516.699726434577,SYNTHETIC_PROTOTYPE_DATA,False
wardah-lightening-micellar-034,wardah-lightening-micellar,micellar_water,0.10594509272176533,0.3447348948576822,0.4842334455647501,1.1848605860180428,2.926950400375498,2.5839293200553084,23009.12567890747,SYNTHETIC_PROTOTYPE_DATA,False
wardah-lightening-micellar-035,wardah-lightening-micellar,micellar_water,0.17520450383814257,0.4641920505892307,0.4572899016539885,1.2735202124194347,3.21908641234958,2.877484843853111,22988.733490227874,SYNTHETIC_PROTOTYPE_DATA,False
wardah-lightening-micellar-036,wardah-lightening-micellar,micellar_water,0.5965428066303331,0.4109493481807814,0.49926858473139085,1.303670796621369,3.4228602780162953,2.990084126853966,26485.985741249755,SYNTHETIC_PROTOTYPE_DATA,False
wardah-lightening-micellar-037,wardah-lightening-micellar,micellar_water,0.28368686773216495,0.9083067204313378,0.06832040173651527,1.4090091738442136,3.6599250667693592,3.7660618385228135,16482.29770215082,SYNTHETIC_PROTOTYPE_DATA,False
wardah-lightening-micellar-038,wardah-lightening-micellar,micellar_water,0.26937844213556544,0.39712967596173104,0.6939334052916329,1.2959845349110357,3.4751038747366887,2.880526688168156,28547.2175183164,SYNTHETIC_PROTOTYPE_DATA,False
wardah-lightening-micellar-039,wardah-lightening-micellar,micellar_water,0.33197360436985485,0.7780802859631545,0.3828260018389612,1.4484273636255809,3.9896382346084835,3.716251894066009,23239.904602856277,SYNTHETIC_PROTOTYPE_DATA,False
wardah-lightening-micellar-040,wardah-lightening-micellar,micellar_water,0.07975636058282437,0.46481246791035863,0.5431693558007881,1.268194400284807,3.3579033103858626,2.843194862133228,24321.870770931306,SYNTHETIC_PROTOTYPE_DATA,False
wardah-lightening-micellar-041,wardah-lightening-micellar,micellar_water,0.6534785295502142,0.04915902656220247,0.2627188145800007,1.0636600477462308,2.3430115318198985,1.829711033070728,20354.051231297857,SYNTHETIC_PROTOTYPE_DATA,False
wardah-lightening-micellar-042,wardah-lightening-micellar,micellar_water,0.9231093322433269,0.6974981542503598,0.6794945075652156,1.5721470673779547,4.5179082601742016,4.100472295426971,33313.29170780324,SYNTHETIC_PROTOTYPE_DATA,False
wardah-lightening-micellar-043,wardah-lightening-micellar,micellar_water,0.6064392276205812,0.4390144676404238,0.3746873267352647,1.2750839839801476,3.3203112499311986,2.951316221822672,23605.091434755832,SYNTHETIC_PROTOTYPE_DATA,False
wardah-lightening-micellar-044,wardah-lightening-micellar,micellar_water,0.26953996131480007,0.08700768977546305,0.12202111400351456,0.9999964283347839,2.05192572664157,1.6746145859555235,15462.170573849202,SYNTHETIC_PROTOTYPE_DATA,False
wardah-lightening-micellar-045,wardah-lightening-micellar,micellar_water,0.5210144978202984,0.6260519795944662,0.21826576256342267,1.3417187115892715,3.468420162689511,3.277202726605254,20294.106168703,SYNTHETIC_PROTOTYPE_DATA,False
wardah-lightening-micellar-046,wardah-lightening-micellar,micellar_water,0.5647643125449169,0.3925019714335651,0.7190768899710228,1.343138192706828,3.6256008219811555,3.086925795219313,30988.67240228963,SYNTHETIC_PROTOTYPE_DATA,False
wardah-lightening-micellar-047,wardah-lightening-micellar,micellar_water,0.25489848770072704,0.8511537452865335,0.47498635606520606,1.5093169144739427,4.188869078324956,3.8937182227030034,24934.88773294215,SYNTHETIC_PROTOTYPE_DATA,False
wardah-lightening-micellar-048,wardah-lightening-micellar,micellar_water,0.9142195694755207,0.619552219420781,0.7209869287656824,1.5205140120894283,4.40961041155276,3.918750296468275,34131.426933080205,SYNTHETIC_PROTOTYPE_DATA,False
wardah-lightening-micellar-049,wardah-lightening-micellar,micellar_water,0.6879873655126908,0.0779910525341938,0.6761313700438251,1.160500668255222,2.8985978922129605,2.2776299527859627,30238.629569144345,SYNTHETIC_PROTOTYPE_DATA,False
wardah-lightening-micellar-050,wardah-lightening-micellar,micellar_water,0.369918198848106,0.1694729209764063,0.5121033891814324,1.1398957819048878,2.7655635177836917,2.2772354631990197,24559.165209695355,SYNTHETIC_PROTOTYPE_DATA,False
wardah-lightening-micellar-051,wardah-lightening-micellar,micellar_water,0.7185840346501886,0.10041905033757102,0.49651699070557087,1.1460155535701058,2.779844623717627,2.250973647070144,26255.172888079578,SYNTHETIC_PROTOTYPE_DATA,False
wardah-lightening-micellar-052,wardah-lightening-micellar,micellar_water,0.48509879397272737,0.31642305668999254,0.14763011524589517,1.1626576979194174,2.618462686249646,2.389175567465068,17530.400201232555,SYNTHETIC_PROTOTYPE_DATA,False
wardah-lightening-micellar-053,wardah-lightening-micellar,micellar_water,0.41008644384976467,0.7316072881851206,0.44983845920977783,1.432806764499917,3.962931121923937,3.677754354354109,25019.02670428497,SYNTHETIC_PROTOTYPE_DATA,False
wardah-lightening-micellar-054,wardah-lightening-micellar,micellar_water,0.7240982753807199,0.5160320428635692,0.8160252325828266,1.4587228332389945,4.165578297570432,3.6131613561133564,34712.13102481143,SYNTHETIC_PROTOTYPE_DATA,False
wardah-lightening-micellar-055,wardah-lightening-micellar,micellar_water,0.4406535415302815,0.5518312073522675,0.8500050850917945,1.4541106269089787,4.189459792474222,3.5076393027165405,33580.188563196694,SYNTHETIC_PROTOTYPE_DATA,False
wardah-lightening-micellar-056,wardah-lightening-micellar,micellar_water,0.5485025506893875,0.26811068938804977,0.4569646815043063,1.211664343363444,3.004065688447581,2.510589402338933,24783.211988573843,SYNTHETIC_PROTOTYPE_DATA,False
wardah-lightening-micellar-057,wardah-lightening-micellar,micellar_water,0.19858178728056736,0.3143033269599533,0.8655348451510071,1.2652704349084236,3.378878061210121,2.8162047143181286,31523.509536722788,SYNTHETIC_PROTOTYPE_DATA,False
wardah-lightening-micellar-058,wardah-lightening-micellar,micellar_water,0.902936786294525,0.4389503192985335,0.886843228313863,1.4458782088568458,4.185820149164028,3.566041203533141,37500.38506975093,SYNTHETIC_PROTOTYPE_DATA,False
wardah-lightening-micellar-059,wardah-lightening-micellar,micellar_water,0.9386970158066444,0.7347736944965143,0.4647001420550967,1.5316460551424405,4.299665070519148,4.09604784133559,28417.80176772232,SYNTHETIC_PROTOTYPE_DATA,False
wardah-lightening-micellar-060,wardah-lightening-micellar,micellar_water,0.07202278854653613,0.16160887100171906,0.24130975681979996,1.026813830029101,2.24694854432932,1.9035627862152382,17259.46999548756,SYNTHETIC_PROTOTYPE_DATA,False
wardah-lightening-micellar-061,wardah-lightening-micellar,micellar_water,0.3129738417195891,0.49359563966911835,0.25395646252317866,1.2441224420728645,3.1010077206611966,2.8758013870881185,19585.477466489596,SYNTHETIC_PROTOTYPE_DATA,False
wardah-lightening-micellar-062,wardah-lightening-micellar,micellar_water,0.5100876861948129,0.32922223244911947,0.5766846023268298,1.2616942590872544,3.262356677944101,2.763576902640171,27275.360851533256,SYNTHETIC_PROTOTYPE_DATA,False
wardah-lightening-micellar-063,wardah-lightening-micellar,micellar_water,0.6519383529520612,0.4327059984536526,0.9555650064443023,1.4118148405340192,4.1695560034533035,3.473406222936559,37085.87909075565,SYNTHETIC_PROTOTYPE_DATA,False
wardah-lightening-micellar-064,wardah-lightening-micellar,micellar_water,0.45207063205904124,0.23384224755871985,0.7651897442574873,1.2404428376515446,3.289403623095376,2.6412911206827214,30952.816076906656,SYNTHETIC_PROTOTYPE_DATA,False
wardah-lightening-micellar-065,wardah-lightening-micellar,micellar_water,0.1639937949442443,0.9301141569538621,0.08715982496418717,1.4112443942185984,3.6957785649775845,3.7125570185185044,16453.624489391732,SYNTHETIC_PROTOTYPE_DATA,False
wardah-lightening-micellar-066,wardah-lightening-micellar,micellar_water,0.2290088214644933,0.07985925459410231,0.574091852484547,1.063948009290309,2.6039087230417,2.0006171630685947,24846.900916141214,SYNTHETIC_PROTOTYPE_DATA,False
wardah-lightening-micellar-067,wardah-lightening-micellar,micellar_water,0.28560237064453514,0.6555574317905892,0.23961453234441052,1.3269395328916123,3.4767245238920297,3.2401483262492077,19569.762784685823,SYNTHETIC_PROTOTYPE_DATA,False
wardah-lightening-micellar-068,wardah-lightening-micellar,micellar_water,0.920711822640151,0.3014763241824538,0.5383950407657783,1.3029622547084894,3.408257121519805,2.875254857066625,28850.824648116362,SYNTHETIC_PROTOTYPE_DATA,False
wardah-lightening-micellar-069,wardah-lightening-micellar,micellar_water,0.17138649497157885,0.476895143932238,0.8241186317730386,1.3551673878626411,3.814040862670629,3.1479375416246946,30832.399799079874,SYNTHETIC_PROTOTYPE_DATA,False
wardah-lightening-micellar-070,wardah-lightening-micellar,micellar_water,0.363512189368732,0.9142904603551156,0.4638385590740544,1.547758790289483,4.378443673444945,4.159370404854842,25491.709411540516,SYNTHETIC_PROTOTYPE_DATA,False
wardah-lightening-micellar-071,wardah-lightening-micellar,micellar_water,0.8392273790934065,0.2524747749720327,0.7413909930981427,1.303764119066101,3.4941419039081025,2.8109824379474855,33124.16866005935,SYNTHETIC_PROTOTYPE_DATA,False
wardah-lightening-micellar-072,wardah-lightening-micellar,micellar_water,0.8489584262540478,0.7594494999245474,0.6777963683657537,1.5735257642536866,4.662361644388686,4.240172719412525,33053.06174257339,SYNTHETIC_PROTOTYPE_DATA,False
wardah-lightening-micellar-073,wardah-lightening-micellar,micellar_water,0.21146906497325882,0.4520740276459712,0.9140181973717948,1.3632776703906297,3.8794057576697196,3.273678830653411,32860.517217735454,SYNTHETIC_PROTOTYPE_DATA,False
wardah-lightening-micellar-074,wardah-lightening-micellar,micellar_water,0.047957742989978625,0.4991564530989915,0.7752057648967471,1.329756836315697,3.728750413511321,3.1378579932006287,28941.480003849058,SYNTHETIC_PROTOTYPE_DATA,False
wardah-lightening-micellar-075,wardah-lightening-micellar,micellar_water,0.801977762959734,0.10766045740999916,0.6237700397408702,1.1783322344998675,2.949637088863189,2.35689051798346,29693.991275256907,SYNTHETIC_PROTOTYPE_DATA,False
wardah-lightening-micellar-076,wardah-lightening-micellar,micellar_water,0.14790250239813413,0.9002528721052473,0.8392249448609176,1.6089946567283422,4.887272826962701,4.220899951009957,32068.895881094853,SYNTHETIC_PROTOTYPE_DATA,False
wardah-lightening-micellar-077,wardah-lightening-micellar,micellar_water,0.3246845526389952,0.26932566444140316,0.04967871062407022,1.0877511706628704,2.3703135174339187,2.141194447656947,14728.342481068457,SYNTHETIC_PROTOTYPE_DATA,False
wardah-lightening-micellar-078,wardah-lightening-micellar,micellar_water,0.3556782216854147,0.18475841767838835,0.4754501681433879,1.1268395076215487,2.7230634986411433,2.231417084315231,23897.44443747734,SYNTHETIC_PROTOTYPE_DATA,False
wardah-lightening-micellar-079,wardah-lightening-micellar,micellar_water,0.6806331401700936,0.11750014324365668,0.4960054401556179,1.1478568616292164,2.756599498897268,2.2044602741416566,25968.684985778218,SYNTHETIC_PROTOTYPE_DATA,False
wardah-lightening-micellar-080,wardah-lightening-micellar,micellar_water,0.37944815605407567,0.6110226254364555,0.8930226072687103,1.4781530756359023,4.362264483759295,3.695041982356583,34172.74393690454,SYNTHETIC_PROTOTYPE_DATA,False
wardah-lightening-micellar-081,wardah-lightening-micellar,micellar_water,0.519358885198477,0.5246930308452976,0.9310955746784351,1.4613094343508004,4.241556501820795,3.6168820360904324,35886.599569660204,SYNTHETIC_PROTOTYPE_DATA,False
wardah-lightening-micellar-082,wardah-lightening-micellar,micellar_water,0.5655549101679096,0.8029251249542212,0.6726026175197092,1.568184239171143,4.630089093875512,4.157649600452544,31085.908711604767,SYNTHETIC_PROTOTYPE_DATA,False
wardah-lightening-micellar-083,wardah-lightening-micellar,micellar_water,0.8200064622281744,0.3527690386285267,0.1460988887527073,1.235839700077768,2.9152375738548453,2.7189295088719163,19290.20488431194,SYNTHETIC_PROTOTYPE_DATA,False
wardah-lightening-micellar-084,wardah-lightening-micellar,micellar_water,0.7482285526798466,0.12723923581268726,0.07793753429396141,1.0829245403697172,2.315104995834297,1.9178909359971799,16874.895031510277,SYNTHETIC_PROTOTYPE_DATA,False
wardah-lightening-micellar-085,wardah-lightening-micellar,micellar_water,0.5984469408277339,0.19948048487017034,0.2655571312229888,1.1392063384480628,2.631330029822859,2.2149138180297636,20497.750951106274,SYNTHETIC_PROTOTYPE_DATA,False
wardah-lightening-micellar-086,wardah-lightening-micellar,micellar_water,0.6975332840509413,0.19419750089038298,0.8842932104263367,1.2771871607080114,3.474252645508053,2.7778904307576897,35290.38222536081,SYNTHETIC_PROTOTYPE_DATA,False
wardah-lightening-micellar-087,wardah-lightening-micellar,micellar_water,0.5000066896843127,0.26459121920351614,0.0594198356481578,1.1088471432447458,2.4424675724594795,2.219158000580572,15612.624440264115,SYNTHETIC_PROTOTYPE_DATA,False
wardah-lightening-micellar-088,wardah-lightening-micellar,micellar_water,0.14145856525174808,0.12838050167017243,0.28805091191867804,1.0239362146596163,2.235922616476009,1.8859682136588034,18515.134628037555,SYNTHETIC_PROTOTYPE_DATA,False
wardah-lightening-micellar-089,wardah-lightening-micellar,micellar_water,0.3132634707599541,0.16674246966526282,0.6117726538158753,1.1429664436515086,2.8742991057372755,2.3075331598744295,26443.381849649373,SYNTHETIC_PROTOTYPE_DATA,False
wardah-lightening-micellar-090,wardah-lightening-micellar,micellar_water,0.28699816382385673,0.4387122361584732,0.7509761116257428,1.335798488943682,3.608157528101151,3.116783516256469,30013.058076547793,SYNTHETIC_PROTOTYPE_DATA,False
wardah-lightening-micellar-091,wardah-lightening-micellar,micellar_water,0.3585616230403208,0.2704987280850654,0.08911565193709614,1.0870681398969486,2.4159530417733763,2.1171772011163785,15748.426212429513,SYNTHETIC_PROTOTYPE_DATA,False
wardah-lightening-micellar-092,wardah-lightening-micellar,micellar_water,0.326650744355637,0.04579206130970676,0.757351882698858,1.095143077364865,2.7163567859692415,2.1115731383225667,29234.50003058185,SYNTHETIC_PROTOTYPE_DATA,False
wardah-lightening-micellar-093,wardah-lightening-micellar,micellar_water,0.11936327190621987,0.23325617216869568,0.34538729479409636,1.0784989727313397,2.6068101202159197,2.119620713487452,19849.181977595952,SYNTHETIC_PROTOTYPE_DATA,False
wardah-lightening-micellar-094,wardah-lightening-micellar,micellar_water,0.8923534860899762,0.9035936975987822,0.8048614846553013,1.7044150010236225,5.25430509299241,4.802253872908179,36691.48693717373,SYNTHETIC_PROTOTYPE_DATA,False
wardah-lightening-micellar-095,wardah-lightening-micellar,micellar_water,0.5458286551498343,0.7461863648848329,0.13227856859538167,1.386127504223341,3.5569557763364257,3.6268034276823387,18587.736425735355,SYNTHETIC_PROTOTYPE_DATA,False
emina-skin-buddy-micellar-000,emina-skin-buddy-micellar,micellar_water,0.275,0.264,0.22,1.159168,2.6373940000000005,2.15497,18104.199999999997,SYNTHETIC_PROTOTYPE_DATA,False
emina-skin-buddy-micellar-001,emina-skin-buddy-micellar,micellar_water,0.3571425341829537,0.11681808781734382,0.6352069281537926,1.1807903935091286,2.8854717385497044,2.164412516287087,27114.90101487741,SYNTHETIC_PROTOTYPE_DATA,False
emina-skin-buddy-micellar-002,emina-skin-buddy-micellar,micellar_water,0.17372559814677271,0.7963590082623815,0.42399809331627886,1.4753965838171192,4.051323035708913,3.636544061063892,23363.982518061657,SYNTHETIC_PROTOTYPE_DATA,False
emina-skin-buddy-micellar-003,emina-skin-buddy-micellar,micellar_water,0.6689515936555616,0.5096154697647678,0.9242151185731613,1.5158295536608715,4.402496309432397,3.5975707910235584,36905.50528120329,SYNTHETIC_PROTOTYPE_DATA,False
emina-skin-buddy-micellar-004,emina-skin-buddy-micellar,micellar_water,0.051530932726140115,0.8160329767419251,0.10475795292653586,1.3847886692122298,3.5315208322301235,3.3441417562745905,16129.562836065212,SYNTHETIC_PROTOTYPE_DATA,False
emina-skin-buddy-micellar-005,emina-skin-buddy-micellar,micellar_water,0.3850794202588582,0.9524508943757507,0.29551865756023143,1.5662318174696974,4.340832409283414,4.104939420132735,22142.180446533497,SYNTHETIC_PROTOTYPE_DATA,False
emina-skin-buddy-micellar-006,emina-skin-buddy-micellar,micellar_water,0.727477795798933,0.4904116696549614,0.04340011067038331,1.3281744794057337,3.1233854079311554,2.864638404852493,17022.003928386832,SYNTHETIC_PROTOTYPE_DATA,False
emina-skin-buddy-micellar-007,emina-skin-buddy-micellar,micellar_water,0.8236607468373619,0.4348162454835966,0.7918887501626755,1.4754069700620656,4.105476742713697,3.3934933043824467,34697.39919866118,SYNTHETIC_PROTOTYPE_DATA,False
emina-skin-buddy-micellar-008,emina-skin-buddy-micellar,micellar_water,0.2756100396223076,0.23851358054103355,0.09209055467060319,1.1180330680559827,2.4453573049665334,2.0023563437603387,15261.539654901433,SYNTHETIC_PROTOTYPE_DATA,False
emina-skin-buddy-micellar-009,emina-skin-buddy-micellar,micellar_water,0.2677373389025349,0.7630333502439304,0.37706645662143584,1.4721666663886916,3.9667763287732676,3.566795104918061,22788.991626206884,SYNTHETIC_PROTOTYPE_DATA,False
emina-skin-buddy-micellar-010,emina-skin-buddy-micellar,micellar_water,0.5485970626300399,0.24909546211571781,0.13203446544604439,1.1804067523369746,2.6517342774652684,2.183991271004479,17433.32163178622,SYNTHETIC_PROTOTYPE_DATA,False
emina-skin-buddy-micellar-011,emina-skin-buddy-micellar,micellar_water,0.5268146173641772,0.630309699509031,0.7864375898166651,1.537044731093486,4.371445345772338,3.739331260282974,32979.125803617484,SYNTHETIC_PROTOTYPE_DATA,False
emina-skin-buddy-micellar-012,emina-skin-buddy-micellar,micellar_water,0.4195621543618209,0.8878583634854879,0.9362478980103425,1.7204160369721655,5.2368123247615035,4.471520438293163,36205.15185496674,SYNTHETIC_PROTOTYPE_DATA,False
emina-skin-buddy-micellar-013,emina-skin-buddy-micellar,micellar_water,0.7923366405584161,0.13786187039366038,0.24436910450351593,1.1799558771512861,2.649597055696034,2.097566121021013,21028.906817934454,SYNTHETIC_PROTOTYPE_DATA,False
emina-skin-buddy-micellar-014,emina-skin-buddy-micellar,micellar_water,0.5783089227948892,0.1792090979256345,0.8715365629912917,1.2865543829483799,3.4414624047924516,2.590670252539475,34117.94409752935,SYNTHETIC_PROTOTYPE_DATA,False
emina-skin-buddy-micellar-015,emina-skin-buddy-micellar,micellar_water,0.12688020447511197,0.11877183043188774,0.9425452395134178,1.197318814060703,3.0836689393687067,2.294718294138614,32141.51900825682,SYNTHETIC_PROTOTYPE_DATA,False
emina-skin-buddy-micellar-016,emina-skin-buddy-micellar,micellar_water,0.4754862331288174,0.4400698904928329,0.9335761704687422,1.4494751066822256,4.090826171486135,3.2894107627575258,35480.80896089538,SYNTHETIC_PROTOTYPE_DATA,False
emina-skin-buddy-micellar-017,emina-skin-buddy-micellar,micellar_water,0.3119133893963342,0.5025910085580163,0.6755057804476077,1.40902379042152,3.8457537926433,3.1459663226125647,28764.50622460917,SYNTHETIC_PROTOTYPE_DATA,False
emina-skin-buddy-micellar-018,emina-skin-buddy-micellar,micellar_water,0.507869922308308,0.15699935314496805,0.5097741101696094,1.188850085504098,2.879697218250439,2.230347044496378,25366.04985844092,SYNTHETIC_PROTOTYPE_DATA,False
emina-skin-buddy-micellar-019,emina-skin-buddy-micellar,micellar_water,0.8747263347661585,0.3596095232557624,0.19633637358445116,1.3024163271203262,3.148729268379359,2.710290781132193,20860.362175770624,SYNTHETIC_PROTOTYPE_DATA,False
emina-skin-buddy-micellar-020,emina-skin-buddy-micellar,micellar_water,0.6387850621539198,0.6673217544439058,0.949547014256879,1.6120892757892011,4.820721853598816,4.041272187948749,37557.297435926994,SYNTHETIC_PROTOTYPE_DATA,False
emina-skin-buddy-micellar-021,emina-skin-buddy-micellar,micellar_water,0.26844063488555364,0.599760488387974,0.34048349546300133,1.3668056948653948,3.534639558672082,3.106548669808619,21568.237451400986,SYNTHETIC_PROTOTYPE_DATA,False
emina-skin-buddy-micellar-022,emina-skin-buddy-micellar,micellar_water,0.6022850656730767,0.5943605230784434,0.7749765419332278,1.5210071903877147,4.349258223255294,3.6522744947977936,33193.65018608294,SYNTHETIC_PROTOTYPE_DATA,False
emina-skin-buddy-micellar-023,emina-skin-buddy-micellar,micellar_water,0.7868880266247049,0.6587771498953849,0.7612987270372339,1.5911779852416772,4.567799209480767,3.9498663817308746,34370.957492268506,SYNTHETIC_PROTOTYPE_DATA,False
emina-skin-buddy-micellar-024,emina-skin-buddy-micellar,micellar_water,0.9221134123421987,0.5946769344847878,0.5179370277725613,1.5236544139311734,4.1852115215164405,3.630260632533997,29306.834728021433,SYNTHETIC_PROTOTYPE_DATA,False
emina-skin-buddy-micellar-025,emina-skin-buddy-micellar,micellar_water,0.8883479646256637,0.8932316191622266,0.299340451016684,1.618827406620019,4.485057295019931,4.275061675775001,24750.522905182293,SYNTHETIC_PROTOTYPE_DATA,False
emina-skin-buddy-micellar-026,emina-skin-buddy-micellar,micellar_water,0.14066028507194508,0.841353064661705,0.14871354032920556,1.4207516004119207,3.6754749743207435,3.517446795179227,17495.92618121806,SYNTHETIC_PROTOTYPE_DATA,False
emina-skin-buddy-micellar-027,emina-skin-buddy-micellar,micellar_water,0.9400330334987551,0.4655418768599413,0.4821796104341086,1.4452230437348976,3.81399137329307,3.314042559923025,28147.36636238836,SYNTHETIC_PROTOTYPE_DATA,False
emina-skin-buddy-micellar-028,emina-skin-buddy-micellar,micellar_water,0.36437045424297626,0.05292735749337132,0.10956104357089352,1.036658513714123,2.0978815392290198,1.4823040061962172,15538.995136692853,SYNTHETIC_PROTOTYPE_DATA,False
emina-skin-buddy-micellar-029,emina-skin-buddy-micellar,micellar_water,0.38357395002396316,0.9339486734793817,0.3073655215730103,1.5726966275707355,4.285294597453399,4.063318210314781,22342.313961389766,SYNTHETIC_PROTOTYPE_DATA,False
emina-skin-buddy-micellar-030,emina-skin-buddy-micellar,micellar_water,0.8257417901142529,0.32053547168906327,0.30836656801114526,1.3011455242587475,3.151894993807475,2.6604289946951662,23079.64225714808,SYNTHETIC_PROTOTYPE_DATA,False
emina-skin-buddy-micellar-031,emina-skin-buddy-micellar,micellar_water,0.5468388378588096,0.10145528408289214,0.4350044346058751,1.1600005271500933,2.684791056824145,2.049692458792313,23809.73004453843,SYNTHETIC_PROTOTYPE_DATA,False
emina-skin-buddy-micellar-032,emina-skin-buddy-micellar,micellar_water,0.25179324137153003,0.6873230294250783,0.08460621061065794,1.3583248592707275,3.3674232832952957,3.0765131914605526,16110.141559677737,SYNTHETIC_PROTOTYPE_DATA,False
emina-skin-buddy-micellar-033,emina-skin-buddy-micellar,micellar_water,0.24697305630587468,0.4579428658405552,0.07578001933844417,1.235118065022861,2.8521962054537426,2.5609228376303346,15373.041013136688,SYNTHETIC_PROTOTYPE_DATA,False
emina-skin-buddy-micellar-034,emina-skin-buddy-micellar,micellar_water,0.6755266546989304,0.37765829633169273,0.4059250341725918,1.325172992510099,3.3556481006013446,2.828126591540449,24691.449339108658,SYNTHETIC_PROTOTYPE_DATA,False
emina-skin-buddy-micellar-035,emina-skin-buddy-micellar,micellar_water,0.7452601719027822,0.5697205169771009,0.4523623455952497,1.4614139047018677,3.932976733139179,3.424161549961658,26593.356307743015,SYNTHETIC_PROTOTYPE_DATA,False
emina-skin-buddy-micellar-036,emina-skin-buddy-micellar,micellar_water,0.6968230611067431,0.5696259168432424,0.8605417921619355,1.5323040198872215,4.486151883064639,3.73474913045635,35756.70846650282,SYNTHETIC_PROTOTYPE_DATA,False
emina-skin-buddy-micellar-037,emina-skin-buddy-micellar,micellar_water,0.9337183360141382,0.30939185054309115,0.43827203799899445,1.3427528101225858,3.3630923704655835,2.761114095802989,26638.615866342338,SYNTHETIC_PROTOTYPE_DATA,False
emina-skin-buddy-micellar-038,emina-skin-buddy-micellar,micellar_water,0.30551582843093744,0.6934593137414664,0.9299800450253608,1.5716527557544542,4.670691192261809,3.9136259341449455,34699.72867525868,SYNTHETIC_PROTOTYPE_DATA,False
emina-skin-buddy-micellar-039,emina-skin-buddy-micellar,micellar_water,0.8318994465185325,0.6247493607588004,0.9390545514881186,1.6185223138596097,4.818908152080521,4.075366299584853,38737.572975438714,SYNTHETIC_PROTOTYPE_DATA,False
emina-skin-buddy-micellar-040,emina-skin-buddy-micellar,micellar_water,0.12688156811205753,0.5160536094738263,0.727923379104795,1.3973480197821,3.8341584665185025,3.118602053657651,28597.722713001785,SYNTHETIC_PROTOTYPE_DATA,False
emina-skin-buddy-micellar-041,emina-skin-buddy-micellar,micellar_water,0.19378379633830964,0.30930276904950266,0.4050624513341043,1.2072232034183419,2.9428374755498963,2.3747572551567337,21826.352487588243,SYNTHETIC_PROTOTYPE_DATA,False
emina-skin-buddy-micellar-042,emina-skin-buddy-micellar,micellar_water,0.18732836247735846,0.4807806524365589,0.18198253291298908,1.2447383370031704,3.0708051235685354,2.598627436741484,17408.61746271061,SYNTHETIC_PROTOTYPE_DATA,False
emina-skin-buddy-micellar-043,emina-skin-buddy-micellar,micellar_water,0.8904528954719167,0.2810304179071812,0.4318848199429121,1.3182603458693227,3.3020002072753942,2.671275972358623,26326.995932508846,SYNTHETIC_PROTOTYPE_DATA,False
emina-skin-buddy-micellar-044,emina-skin-buddy-micellar,micellar_water,0.48321781948715237,0.8504750137998709,0.5384175254970232,1.5962410389369672,4.57895736983189,4.133385457191881,27724.456144170777,SYNTHETIC_PROTOTYPE_DATA,False
emina-skin-buddy-micellar-045,emina-skin-buddy-micellar,micellar_water,0.17349982064088668,0.3999846239001361,0.4271958567250929,1.2625605048802524,3.17387367061953,2.6356372481924892,22354.394219372236,SYNTHETIC_PROTOTYPE_DATA,False
emina-skin-buddy-micellar-046,emina-skin-buddy-micellar,micellar_water,0.9570247700954296,0.6062126973373261,0.4589460357877396,1.5267751939135519,4.098123278152881,3.7012954430531293,28183.87056330372,SYNTHETIC_PROTOTYPE_DATA,False
emina-skin-buddy-micellar-047,emina-skin-buddy-micellar,micellar_water,0.3128030769340344,0.04457072797244733,0.6950180379931925,1.1448477104506078,2.7427979169818384,1.9661856546973495,27993.193769545458,SYNTHETIC_PROTOTYPE_DATA,False
emina-skin-buddy-micellar-048,emina-skin-buddy-micellar,micellar_water,0.5816310158513797,0.08357626174815963,0.09948311410444677,1.0900295806476226,2.2742782385689297,1.781240614542206,16351.121359426426,SYNTHETIC_PROTOTYPE_DATA,False
emina-skin-buddy-micellar-049,emina-skin-buddy-micellar,micellar_water,0.8548464905395508,0.2418266143169684,0.6930578546329094,1.333686604517122,3.4921282726706884,2.7503312450747655,32049.050014138018,SYNTHETIC_PROTOTYPE_DATA,False
emina-skin-buddy-micellar-050,emina-skin-buddy-micellar,micellar_water,0.5228396285424628,0.4225692521901499,0.175470875998283,1.27492718002996,3.0420024606005223,2.636847742178535,18702.05104729931,SYNTHETIC_PROTOTYPE_DATA,False
emina-skin-buddy-micellar-051,emina-skin-buddy-micellar,micellar_water,0.09929096608473861,0.7855222980640064,0.36416894228789426,1.4379062883647193,3.9279999924072695,3.442380359712561,21574.530967101826,SYNTHETIC_PROTOTYPE_DATA,False
emina-skin-buddy-micellar-052,emina-skin-buddy-micellar,micellar_water,0.3253041787912873,0.7435578755985159,0.1322751075284882,1.4063249034693142,3.565141570569826,3.3831357701680553,17814.95010517341,SYNTHETIC_PROTOTYPE_DATA,False
emina-skin-buddy-micellar-053,emina-skin-buddy-micellar,micellar_water,0.8152505836027059,0.6972272474281498,0.5704415938038669,1.5652290602775942,4.427131156730238,3.896124095784522,30056.811408471367,SYNTHETIC_PROTOTYPE_DATA,False
emina-skin-buddy-micellar-054,emina-skin-buddy-micellar,micellar_water,0.2239623057299194,0.20350889588194807,0.7657510666275456,1.238317402457595,3.116905342584175,2.379748491605138,29346.120314913584,SYNTHETIC_PROTOTYPE_DATA,False
emina-skin-buddy-micellar-055,emina-skin-buddy-micellar,micellar_water,0.7765440455933844,0.9329492348701515,0.16030305029520228,1.5927067410833209,4.208299191715447,4.225668708503182,20829.226272690557,SYNTHETIC_PROTOTYPE_DATA,False
emina-skin-buddy-micellar-056,emina-skin-buddy-micellar,micellar_water,0.7556222394082424,0.41490794632994915,0.4875631470259288,1.3752061512384677,3.545332391328338,3.0052337106562557,27162.69086466269,SYNTHETIC_PROTOTYPE_DATA,False
emina-skin-buddy-micellar-057,emina-skin-buddy-micellar,micellar_water,0.6184410931906074,0.22901407411187677,0.15284328329144103,1.1885857946299612,2.6639221230172576,2.178061837765424,18223.562572416253,SYNTHETIC_PROTOTYPE_DATA,False
emina-skin-buddy-micellar-058,emina-skin-buddy-micellar,micellar_water,0.7258276178915382,0.04986404117168439,0.8067822443144725,1.2282624379576152,3.1000232555574563,2.241801026106523,33335.4214532127,SYNTHETIC_PROTOTYPE_DATA,False
emina-skin-buddy-micellar-059,emina-skin-buddy-micellar,micellar_water,0.3765005019584371,0.3368461612004015,0.11613169706670129,1.1931951865325234,2.6834051527776657,2.2985840210385917,16460.096078035258,SYNTHETIC_PROTOTYPE_DATA,False
emina-skin-buddy-micellar-060,emina-skin-buddy-micellar,micellar_water,0.6955971167333055,0.9327614391055591,0.4745111193276253,1.6580694098701445,4.729554525118845,4.405821113771298,27743.485167558123,SYNTHETIC_PROTOTYPE_DATA,False
emina-skin-buddy-micellar-061,emina-skin-buddy-micellar,micellar_water,0.4685611612787173,0.40449198356335303,0.8421141627105715,1.4017534495557373,3.856393253678741,3.11781261034619,33208.72118091023,SYNTHETIC_PROTOTYPE_DATA,False
emina-skin-buddy-micellar-062,emina-skin-buddy-micellar,micellar_water,0.33119617535807305,0.41199058630564245,0.7025314917946107,1.3650352238398544,3.6476205338522436,2.9499565995589765,29316.34299087193,SYNTHETIC_PROTOTYPE_DATA,False
emina-skin-buddy-micellar-063,emina-skin-buddy-micellar,micellar_water,0.08601877538307431,0.21128667423360603,0.38583126737724605,1.1303391555202136,2.6395460791313514,2.086299577953701,20453.879074739612,SYNTHETIC_PROTOTYPE_DATA,False
emina-skin-buddy-micellar-064,emina-skin-buddy-micellar,micellar_water,0.38540282858013,0.18811510845285295,0.6362613229764842,1.2219656548274775,3.090505939266399,2.334892295781139,27548.336138978895,SYNTHETIC_PROTOTYPE_DATA,False
emina-skin-buddy-micellar-065,emina-skin-buddy-micellar,micellar_water,0.8906472713012316,0.3860843588175611,0.08038995558461823,1.3018433642992657,3.0600420870054332,2.671784614810933,18195.436526778525,SYNTHETIC_PROTOTYPE_DATA,False
emina-skin-buddy-micellar-066,emina-skin-buddy-micellar,micellar_water,0.5322654763066903,0.05406289558489307,0.30287475627655347,1.1006929927099653,2.4313957928933965,1.7634707024322689,20754.40239789528,SYNTHETIC_PROTOTYPE_DATA,False
emina-skin-buddy-micellar-067,emina-skin-buddy-micellar,micellar_water,0.11178954391372362,0.18538897809414565,0.12765111390952077,1.0756837373499177,2.2113373991308305,1.8245005944240698,15070.94720239446,SYNTHETIC_PROTOTYPE_DATA,False
emina-skin-buddy-micellar-068,emina-skin-buddy-micellar,micellar_water,0.15562030253418507,0.5614141766226652,0.5721060049198526,1.3944337978325787,3.7430467255484507,3.145095497658772,25653.466621961576,SYNTHETIC_PROTOTYPE_DATA,False
emina-skin-buddy-micellar-069,emina-skin-buddy-micellar,micellar_water,0.6427993730551433,0.32108693918397563,0.332919233476457,1.2898499257140175,3.1169405414045817,2.619097365899553,22623.53202008352,SYNTHETIC_PROTOTYPE_DATA,False
emina-skin-buddy-micellar-070,emina-skin-buddy-micellar,micellar_water,0.8596524595821703,0.9026983891619971,0.0443836018560324,1.552763155623433,4.052982763173499,4.133648006722989,18590.974755635314,SYNTHETIC_PROTOTYPE_DATA,False
emina-skin-buddy-micellar-071,emina-skin-buddy-micellar,micellar_water,0.5494258357361076,0.6148043604473429,0.2706597173361414,1.4088241525814502,3.663122210089213,3.2684703192311897,21565.68093008589,SYNTHETIC_PROTOTYPE_DATA,False
emina-skin-buddy-micellar-072,emina-skin-buddy-micellar,micellar_water,0.5504171006493483,0.7451127677831039,0.5635169791629407,1.5494043445117085,4.3671721349311925,3.8405763132196182,28473.869524150792,SYNTHETIC_PROTOTYPE_DATA,False
emina-skin-buddy-micellar-073,emina-skin-buddy-micellar,micellar_water,0.13882081025961832,0.46968967113246074,0.5709843555795701,1.341868681080272,3.5003003520581295,2.8798421026347754,25320.35589190257,SYNTHETIC_PROTOTYPE_DATA,False
emina-skin-buddy-micellar-074,emina-skin-buddy-micellar,micellar_water,0.6838174380467268,0.27481355694984727,0.43090085710257714,1.275005467745507,3.1214197247251225,2.62547761471295,25141.23953188611,SYNTHETIC_PROTOTYPE_DATA,False
emina-skin-buddy-micellar-075,emina-skin-buddy-micellar,micellar_water,0.4989992398168043,0.1827467530359395,0.9245382634965813,1.2949137521162168,3.468036773586937,2.6247707840043675,34667.44935706799,SYNTHETIC_PROTOTYPE_DATA,False
emina-skin-buddy-micellar-076,emina-skin-buddy-micellar,micellar_water,0.5192952902151123,0.6487155566294961,0.23073917741306194,1.4144004343628747,3.5943860593858905,3.3414955772689376,20544.238027158975,SYNTHETIC_PROTOTYPE_DATA,False
emina-skin-buddy-micellar-077,emina-skin-buddy-micellar,micellar_water,0.20461697287122327,0.7160972877579841,0.649463370321437,1.5097401083580835,4.233489941010076,3.6135602485400082,27929.529726445122,SYNTHETIC_PROTOTYPE_DATA,False
emina-skin-buddy-micellar-078,emina-skin-buddy-micellar,micellar_water,0.7364427330681849,0.42408205418597494,0.11740245453885698,1.2938335673829595,3.0743629724358135,2.741194917079091,18435.61905013607,SYNTHETIC_PROTOTYPE_DATA,False
emina-skin-buddy-micellar-079,emina-skin-buddy-micellar,micellar_water,0.7316133956210085,0.3911182493522196,0.057535533277729145,1.2659523004319961,2.9626042299189272,2.6306063903325794,16967.1300564214,SYNTHETIC_PROTOTYPE_DATA,False
emina-skin-buddy-micellar-080,emina-skin-buddy-micellar,micellar_water,0.6381634829226548,0.5322514492298321,0.24114732236672407,1.370478639403923,3.444207166313835,3.10047992019287,21078.09652803228,SYNTHETIC_PROTOTYPE_DATA,False
emina-skin-buddy-micellar-081,emina-skin-buddy-micellar,micellar_water,0.9268858531019261,0.10984145447795726,0.8013515761130388,1.292455273802044,3.4394830784341903,2.4641728284016224,34828.840743292676,SYNTHETIC_PROTOTYPE_DATA,False
emina-skin-buddy-micellar-082,emina-skin-buddy-micellar,micellar_water,0.1851048847061311,0.39907265368501577,0.24309756262126048,1.2184483476663257,2.9042728364503687,2.4760723173781733,18548.807105534437,SYNTHETIC_PROTOTYPE_DATA,False
emina-skin-buddy-micellar-083,emina-skin-buddy-micellar,micellar_water,0.6789763029100424,0.7148899969251621,0.42193761830503207,1.5332280536456555,4.14933464700607,3.750369799110243,25965.557380145867,SYNTHETIC_PROTOTYPE_DATA,False
emina-skin-buddy-micellar-084,emina-skin-buddy-micellar,micellar_water,0.2359580908979257,0.19908380682189283,0.19036189416043747,1.1165080775000495,2.4366906403259634,1.9024866496209467,17144.27473257853,SYNTHETIC_PROTOTYPE_DATA,False
emina-skin-buddy-micellar-085,emina-skin-buddy-micellar,micellar_water,0.8791102670900116,0.9538888647517915,0.2984067084720682,1.6679520571492772,4.596267628774629,4.488856179873709,24667.28893807827,SYNTHETIC_PROTOTYPE_DATA,False
emina-skin-buddy-micellar-086,emina-skin-buddy-micellar,micellar_water,0.7379292781711921,0.1040170707582142,0.2942525871296148,1.1649195878550742,2.6251830163574748,1.959550318056828,21802.703330879096,SYNTHETIC_PROTOTYPE_DATA,False
emina-skin-buddy-micellar-087,emina-skin-buddy-micellar,micellar_water,0.044915795966066506,0.04758988884831416,0.18851432446459887,0.9957594712330265,1.9985972508059324,1.5130255007323385,15738.35301495522,SYNTHETIC_PROTOTYPE_DATA,False
emina-skin-buddy-micellar-088,emina-skin-buddy-micellar,micellar_water,0.9172704094533902,0.9054809903834403,0.7516303636312825,1.7567789410478396,5.2122905638767385,4.717051721097521,35654.2371681529,SYNTHETIC_PROTOTYPE_DATA,False
emina-skin-buddy-micellar-089,emina-skin-buddy-micellar,micellar_water,0.5391098832851849,0.23906442331780797,0.04757330824541594,1.15806142365773,2.4857976307970446,2.087368616218745,15478.262089101516,SYNTHETIC_PROTOTYPE_DATA,False
emina-skin-buddy-micellar-090,emina-skin-buddy-micellar,micellar_water,0.23996291283447285,0.6146478385869965,0.29604591021975785,1.3549513082647566,3.4954573571910887,3.088337839020121,20491.62297312214,SYNTHETIC_PROTOTYPE_DATA,False
emina-skin-buddy-micellar-091,emina-skin-buddy-micellar,micellar_water,0.7655467346419474,0.20443165390129436,0.1073274053560235,1.1907364184534694,2.6576985649123372,2.210680092079548,17849.00266092964,SYNTHETIC_PROTOTYPE_DATA,False
emina-skin-buddy-micellar-092,emina-skin-buddy-micellar,micellar_water,0.6907036625447296,0.19540723640509516,0.5914238176915295,1.2665235947887328,3.2286059194250134,2.462974888759155,28462.957445243825,SYNTHETIC_PROTOTYPE_DATA,False
emina-skin-buddy-micellar-093,emina-skin-buddy-micellar,micellar_water,0.6537255921889534,0.7213562190596141,0.7531500486406264,1.5967649620485564,4.671845250470199,4.052227590826899,33274.91351549859,SYNTHETIC_PROTOTYPE_DATA,False
emina-skin-buddy-micellar-094,emina-skin-buddy-micellar,micellar_water,0.7260188683656519,0.2231925129142815,0.4146414711559538,1.2529736926373913,3.065292249370517,2.426074581861632,24783.51147221806,SYNTHETIC_PROTOTYPE_DATA,False
emina-skin-buddy-micellar-095,emina-skin-buddy-micellar,micellar_water,0.19494583792893058,0.0702708698512494,0.5935338795368023,1.1155686139053513,2.599837231359688,1.9745986859678644,25123.965018197956,SYNTHETIC_PROTOTYPE_DATA,False
wardah-anti-dandruff-shampoo-000,wardah-anti-dandruff-shampoo,shampoo,0.5,0.3333333333333333,0.24,1.2095333333333336,2.918333333333333,2.5886666666666667,20628.666666666664,SYNTHETIC_PROTOTYPE_DATA,False
wardah-anti-dandruff-shampoo-001,wardah-anti-dandruff-shampoo,shampoo,0.700392057951502,0.33472515792859064,0.11513890221841738,1.2168377706803897,2.8407842542586184,2.6038278983722756,18820.013039258218,SYNTHETIC_PROTOTYPE_DATA,False
wardah-anti-dandruff-shampoo-002,wardah-anti-dandruff-shampoo,shampoo,0.34116923055351095,0.7931525378679124,0.40795327910897783,1.480393220048362,4.117840556443568,3.8404118344469524,24592.687543864304,SYNTHETIC_PROTOTYPE_DATA,False
wardah-anti-dandruff-shampoo-003,wardah-anti-dandruff-shampoo,shampoo,0.8182339603971879,0.05430834558711749,0.5856416493180321,1.1810054980741045,2.89646582196281,2.2504544252745804,29558.06493910138,SYNTHETIC_PROTOTYPE_DATA,False
wardah-anti-dandruff-shampoo-004,wardah-anti-dandruff-shampoo,shampoo,0.4756283112443147,0.6177351889322703,0.3909355994185988,1.3943250935158993,3.76670606558498,3.448166357456632,24606.584711895433,SYNTHETIC_PROTOTYPE_DATA,False
wardah-anti-dandruff-shampoo-005,wardah-anti-dandruff-shampoo,shampoo,0.3915161287007008,0.5473317097738576,0.3095454017027619,1.3295103685107421,3.4957801138639994,3.153456189726137,22055.83308154973,SYNTHETIC_PROTOTYPE_DATA,False
wardah-anti-dandruff-shampoo-006,wardah-anti-dandruff-shampoo,shampoo,0.20798771808088184,0.17847513466033163,0.7841322159522253,1.196359783836554,3.142936967683609,2.5229987320107985,30205.581205835108,SYNTHETIC_PROTOTYPE_DATA,False
wardah-anti-dandruff-shampoo-007,wardah-anti-dandruff-shampoo,shampoo,0.1420399120789106,0.36800995390533026,0.8247526544699861,1.3112038735634521,3.602821088001969,2.976108912614208,31168.13791096081,SYNTHETIC_PROTOTYPE_DATA,False
wardah-anti-dandruff-shampoo-008,wardah-anti-dandruff-shampoo,shampoo,0.17062234008894553,0.6089139389398041,0.24605358437190755,1.300242220296131,3.314917406384932,3.093308302283176,19827.122362500613,SYNTHETIC_PROTOTYPE_DATA,False
wardah-anti-dandruff-shampoo-009,wardah-anti-dandruff-shampoo,shampoo,0.4004968407199168,0.6825192441682106,0.6110997561225155,1.4737830374604735,4.1964999809793895,3.752929686216505,29089.58825402513,SYNTHETIC_PROTOTYPE_DATA,False
wardah-anti-dandruff-shampoo-010,wardah-anti-dandruff-shampoo,shampoo,0.34466433868993274,0.33054081612863817,0.43137280288056296,1.2273756469581218,3.032706370968244,2.622370164882511,23995.21898833306,SYNTHETIC_PROTOTYPE_DATA,False
wardah-anti-dandruff-shampoo-011,wardah-anti-dandruff-shampoo,shampoo,0.09418936132195364,0.6883826190439984,0.3203082377129433,1.343712348777235,3.5758306601465764,3.345845707420406,21264.351010234015,SYNTHETIC_PROTOTYPE_DATA,False
wardah-anti-dandruff-shampoo-012,wardah-anti-dandruff-shampoo,shampoo,0.5004589071993929,0.2858212910411172,0.39981229657588874,1.2071073829298533,3.024902020287348,2.6113896823152234,24024.233522889972,SYNTHETIC_PROTOTYPE_DATA,False
wardah-anti-dandruff-shampoo-013,wardah-anti-dandruff-shampoo,shampoo,0.24930256287834274,0.6054149193652343,0.10058138243991,1.2789664815270758,3.179747181715623,3.0436682759393254,17067.07862675317,SYNTHETIC_PROTOTYPE_DATA,False
wardah-anti-dandruff-shampoo-014,wardah-anti-dandruff-shampoo,shampoo,0.20713502472418702,0.20357268742719348,0.06230251298676477,1.050800326433406,2.2500885114741878,1.9740369603420516,14928.11470870833,SYNTHETIC_PROTOTYPE_DATA,False
wardah-anti-dandruff-shampoo-015,wardah-anti-dandruff-shampoo,shampoo,0.5578056133217889,0.2044273467192207,0.8390615277166149,1.260967770731357,3.431337125906197,2.7810613672188724,34025.27808236035,SYNTHETIC_PROTOTYPE_DATA,False
wardah-anti-dandruff-shampoo-016,wardah-anti-dandruff-shampoo,shampoo,0.7782881261079626,0.8921981382672629,0.6134873669699457,1.6640922632036605,4.920457063004244,4.603579988739228,32240.64066720722,SYNTHETIC_PROTOTYPE_DATA,False
wardah-anti-dandruff-shampoo-017,wardah-anti-dandruff-shampoo,shampoo,0.11958840395980289,0.4501826941786621,0.9549856460388405,1.3725603178719714,3.9487638583359104,3.2412022715291258,33987.5063075835,SYNTHETIC_PROTOTYPE_DATA,False
wardah-anti-dandruff-shampoo-018,wardah-anti-dandruff-shampoo,shampoo,0.22473892290344227,0.45054716088341784,0.6396051457777288,1.317975540677698,3.5980883469184874,3.0466436193540773,28053.255861101126,SYNTHETIC_PROTOTYPE_DATA,False
wardah-anti-dandruff-shampoo-019,wardah-anti-dandruff-shampoo,shampoo,0.9492958135321817,0.8462270400336911,0.6481299868639857,1.67454836494333,4.93301040971581,4.635272627004529,33965.70907008523,SYNTHETIC_PROTOTYPE_DATA,False
wardah-anti-dandruff-shampoo-020,wardah-anti-dandruff-shampoo,shampoo,0.8764598938640941,0.6578752129591129,0.7020155062106328,1.5543163820813306,4.540647108937244,4.0856620644690596,34458.69633155633,SYNTHETIC_PROTOTYPE_DATA,False
wardah-anti-dandruff-shampoo-021,wardah-anti-dandruff-shampoo,shampoo,0.7508721564859113,0.3235803249848147,0.1575191084076032,1.2312062630431126,2.911650720048929,2.6705276156664692,19978.010632443056,SYNTHETIC_PROTOTYPE_DATA,False
wardah-anti-dandruff-shampoo-022,wardah-anti-dandruff-shampoo,shampoo,0.7415133810692001,0.4362865058317661,0.839844611543165,1.4294175712024717,4.072023881998502,3.4752113961271127,35992.14320915111,SYNTHETIC_PROTOTYPE_DATA,False
wardah-anti-dandruff-shampoo-023,wardah-anti-dandruff-shampoo,shampoo,0.28440835355751937,0.9055757616315788,0.24574930381441154,1.4877031480078011,4.0767368766788765,3.941086979164183,21202.43492578691,SYNTHETIC_PROTOTYPE_DATA,False
wardah-anti-dandruff-shampoo-024,wardah-anti-dandruff-shampoo,shampoo,0.12214253867372526,0.14752023959192398,0.18834118843294914,1.0325996088741431,2.250966558776539,1.9220097390310622,17233.45804298856,SYNTHETIC_PROTOTYPE_DATA,False
wardah-anti-dandruff-shampoo-025,wardah-anti-dandruff-shampoo,shampoo,0.5594916658322648,0.2568996479899931,0.5361080404076363,1.2338198037363255,3.158171079491223,2.657094159454496,27361.31226186468,SYNTHETIC_PROTOTYPE_DATA,False
wardah-anti-dandruff-shampoo-026,wardah-anti-dandruff-shampoo,shampoo,0.5080814310640275,0.06426038661277056,0.2054615926120353,1.0618595156974293,2.320461035684151,1.8318191924977643,19108.185660647647,SYNTHETIC_PROTOTYPE_DATA,False
wardah-anti-dandruff-shampoo-027,wardah-anti-dandruff-shampoo,shampoo,0.28666185790044224,0.07145817853455763,0.21995897788657248,1.029436183134436,2.172766489023013,1.7421855063551468,18387.813789259486,SYNTHETIC_PROTOTYPE_DATA,False
wardah-anti-dandruff-shampoo-028,wardah-anti-dandruff-shampoo,shampoo,0.864925434117351,0.7314173928921311,0.30194771314217767,1.505225180908853,4.114738741166263,4.018394613094766,24927.70013288673,SYNTHETIC_PROTOTYPE_DATA,False
wardah-anti-dandruff-shampoo-029,wardah-anti-dandruff-shampoo,shampoo,0.16247563616802654,0.25189826819796596,0.05928978978606175,1.067874456937874,2.321954391333944,2.0732125025590546,14866.294830571103,SYNTHETIC_PROTOTYPE_DATA,False
wardah-anti-dandruff-shampoo-030,wardah-anti-dandruff-shampoo,shampoo,0.6206268544627609,0.8542889175948009,0.5855341232330741,1.6054536762926699,4.663435028510663,4.336863270557559,30372.86409291371,SYNTHETIC_PROTOTYPE_DATA,False
wardah-anti-dandruff-shampoo-031,wardah-anti-dandruff-shampoo,shampoo,0.8018120491644942,0.47263391380532777,0.3587175437266101,1.3733619801161214,3.5473997705602995,3.2493316141332595,25234.078679494713,SYNTHETIC_PROTOTYPE_DATA,False
wardah-anti-dandruff-shampoo-032,wardah-anti-dandruff-shampoo,shampoo,0.5242851302089393,0.3623067360391403,0.8936102853037535,1.354177611490319,3.880865840215892,3.1812953912825632,35460.75292662307,SYNTHETIC_PROTOTYPE_DATA,False
wardah-anti-dandruff-shampoo-033,wardah-anti-dandruff-shampoo,shampoo,0.634988891423273,0.07307153923716209,0.22777476608550626,1.0896978917516844,2.380037369409904,1.9268118590928922,20435.98200119812,SYNTHETIC_PROTOTYPE_DATA,False
wardah-anti-dandruff-shampoo-034,wardah-anti-dandruff-shampoo,shampoo,0.2247706913640509,0.9500747429802746,0.5681456518217776,1.5906610390918052,4.6669947968310375,4.298120421107293,27891.751542589092,SYNTHETIC_PROTOTYPE_DATA,False
wardah-anti-dandruff-shampoo-035,wardah-anti-dandruff-shampoo,shampoo,0.08317994267263898,0.16199213769658588,0.35406723728262013,1.07272315473713,2.493117145908021,2.028795532868953,20456.066043291245,SYNTHETIC_PROTOTYPE_DATA,False
wardah-anti-dandruff-shampoo-036,wardah-anti-dandruff-shampoo,shampoo,0.7555989380436594,0.3385241112368428,0.21144795319898052,1.2581788614610692,3.023981598362449,2.7102192752855,21287.226958872343,SYNTHETIC_PROTOTYPE_DATA,False
wardah-anti-dandruff-shampoo-037,wardah-anti-dandruff-shampoo,shampoo,0.7925653831670684,0.8738023928603919,0.22782485968177812,1.5630631311398375,4.225935503516369,4.277686708681384,23222.599937920528,SYNTHETIC_PROTOTYPE_DATA,False
wardah-anti-dandruff-shampoo-038,wardah-anti-dandruff-shampoo,shampoo,0.9589227982825876,0.6554966199333041,0.41362302048783917,1.5052907201887114,4.189306674191228,3.871340671170742,27901.02240391912,SYNTHETIC_PROTOTYPE_DATA,False
wardah-anti-dandruff-shampoo-039,wardah-anti-dandruff-shampoo,shampoo,0.1409892575915134,0.40818400993375165,0.5185986980901505,1.2645663612610052,3.261844478316036,2.8416719572528044,24859.778266551002,SYNTHETIC_PROTOTYPE_DATA,False
wardah-anti-dandruff-shampoo-040,wardah-anti-dandruff-shampoo,shampoo,0.10428094282187272,0.3850620576130314,0.7902987045054002,1.3042377972097374,3.5879761682836064,2.9540130530917743,30244.146631890093,SYNTHETIC_PROTOTYPE_DATA,False
wardah-anti-dandruff-shampoo-041,wardah-anti-dandruff-shampoo,shampoo,0.7732511867138218,0.5073615554846078,0.3614180048143814,1.3807840007011118,3.6474404267033256,3.3323458468271676,25221.209757522978,SYNTHETIC_PROTOTYPE_DATA,False
wardah-anti-dandruff-shampoo-042,wardah-anti-dandruff-shampoo,shampoo,0.2283122315371686,0.7967754335252436,0.43305254629814954,1.4716682186005137,4.08576309482867,3.784767056085062,24642.813909177556,SYNTHETIC_PROTOTYPE_DATA,False
wardah-anti-dandruff-shampoo-043,wardah-anti-dandruff-shampoo,shampoo,0.2374316167625979,0.09748933063436585,0.2766416968619358,1.0318419032486226,2.3235970267434256,1.8404797281743042,19347.57389655246,SYNTHETIC_PROTOTYPE_DATA,False
wardah-anti-dandruff-shampoo-044,wardah-anti-dandruff-shampoo,shampoo,0.21912982534736566,0.9458327369364687,0.05563966906626172,1.4485283434804446,3.79735363430417,3.8414394803353464,16889.69836286973,SYNTHETIC_PROTOTYPE_DATA,False
wardah-anti-dandruff-shampoo-045,wardah-anti-dandruff-shampoo,shampoo,0.0794306412547805,0.0667155726686824,0.6215196235505068,1.0733550704749406,2.5658504691222275,1.9999104534724867,25771.04449820277,SYNTHETIC_PROTOTYPE_DATA,False
wardah-anti-dandruff-shampoo-046,wardah-anti-dandruff-shampoo,shampoo,0.4701043232370163,0.1302623800769171,0.33307205452878674,1.1171865478425842,2.56124220662477,2.1082194440852944,21930.5884481801,SYNTHETIC_PROTOTYPE_DATA,False
wardah-anti-dandruff-shampoo-047,wardah-anti-dandruff-shampoo,shampoo,0.7928697516298912,0.5745080564053794,0.5007446679551532,1.4518123544427903,3.9883412519189414,3.6179707043030627,28816.10812698775,SYNTHETIC_PROTOTYPE_DATA,False
wardah-anti-dandruff-shampoo-048,wardah-anti-dandruff-shampoo,shampoo,0.20360929436768072,0.6034801566088175,0.9191594524532744,1.4655223255590786,4.357717211870292,3.6391504130048262,34315.70747097882,SYNTHETIC_PROTOTYPE_DATA,False
wardah-anti-dandruff-shampoo-049,wardah-anti-dandruff-shampoo,shampoo,0.16156502875157186,0.29506768683259055,0.12826429664708422,1.1030699396945978,2.478275137299969,2.1973295216665862,16493.28889661367,SYNTHETIC_PROTOTYPE_DATA,False
wardah-anti-dandruff-shampoo-050,wardah-anti-dandruff-shampoo,shampoo,0.5380736399739396,0.4583021596641146,0.7305614670274644,1.394934660154943,3.9017791561083968,3.2899464769228235,32199.573969090787,SYNTHETIC_PROTOTYPE_DATA,False
wardah-anti-dandruff-shampoo-051,wardah-anti-dandruff-shampoo,shampoo,0.655004095532833,0.11387814643345476,0.09874085730504484,1.0811991132977565,2.3507528628087173,1.9529459163426754,17547.325159516015,SYNTHETIC_PROTOTYPE_DATA,False
wardah-anti-dandruff-shampoo-052,wardah-anti-dandruff-shampoo,shampoo,0.7352258039952527,0.17603257303071046,0.6817406160837831,1.2472508655600518,3.247022623572282,2.644205096137762,31719.640811442583,SYNTHETIC_PROTOTYPE_DATA,False
wardah-anti-dandruff-shampoo-053,wardah-anti-dandruff-shampoo,shampoo,0.16730969389120073,0.3804457873462992,0.9434216545889107,1.3491351155546638,3.7442005368221274,3.0879790489741112,33777.74860557005,SYNTHETIC_PROTOTYPE_DATA,False
wardah-anti-dandruff-shampoo-054,wardah-anti-dandruff-shampoo,shampoo,0.8331894021050207,0.4971541080096187,0.059157800494761506,1.3189386850047158,3.1704783809311463,3.1034462918782886,18521.924369250337,SYNTHETIC_PROTOTYPE_DATA,False
wardah-anti-dandruff-shampoo-055,wardah-anti-dandruff-shampoo,shampoo,0.06065073782295455,0.4518231837984257,0.5595572726029701,1.2679106368502784,3.3993557026050087,2.871907269227179,25324.00540125194,SYNTHETIC_PROTOTYPE_DATA,False
wardah-anti-dandruff-shampoo-056,wardah-anti-dandruff-shampoo,shampoo,0.8022100816052493,0.957174621889086,0.617919930532053,1.6979382440469024,5.061290835523022,4.833285704164678,32622.611442933852,SYNTHETIC_PROTOTYPE_DATA,False
wardah-anti-dandruff-shampoo-057,wardah-anti-dandruff-shampoo,shampoo,0.5994299651898404,0.23549860151423244,0.2346769005513647,1.1739796903131434,2.6922445812281506,2.421574591918163,20720.579262092648,SYNTHETIC_PROTOTYPE_DATA,False
wardah-anti-dandruff-shampoo-058,wardah-anti-dandruff-shampoo,shampoo,0.6465730276008327,0.2057812003531275,0.16484182184972715,1.1587091384283488,2.6228483803936444,2.282404207812747,19301.788692286864,SYNTHETIC_PROTOTYPE_DATA,False
wardah-anti-dandruff-shampoo-059,wardah-anti-dandruff-shampoo,shampoo,0.9357326705261634,0.36684469071114706,0.34352074033186836,1.3260158444916286,3.36651421841954,3.014665567598044,25365.779698596747,SYNTHETIC_PROTOTYPE_DATA,False
wardah-anti-dandruff-shampoo-060,wardah-anti-dandruff-shampoo,shampoo,0.6709918241091363,0.7218109090593402,0.1500197793359004,1.424790392913133,3.7431423557497445,3.637910355554813,20394.54441092917,SYNTHETIC_PROTOTYPE_DATA,False
wardah-anti-dandruff-shampoo-061,wardah-anti-dandruff-shampoo,shampoo,0.13498542456099902,0.23272031175713492,0.7592885002745713,1.2156045563010422,3.1669125955241983,2.5544554016647436,29378.41272673802,SYNTHETIC_PROTOTYPE_DATA,False
wardah-anti-dandruff-shampoo-062,wardah-anti-dandruff-shampoo,shampoo,0.7928800690725178,0.5078747615809661,0.05717656151462326,1.315671251881802,3.220212488358035,3.088663341264396,18300.92758646288,SYNTHETIC_PROTOTYPE_DATA,False
wardah-anti-dandruff-shampoo-063,wardah-anti-dandruff-shampoo,shampoo,0.5885682464907015,0.9088444499889429,0.3212075755299354,1.553933813340294,4.342104344783177,4.255001046985753,24385.239152765836,SYNTHETIC_PROTOTYPE_DATA,False
wardah-anti-dandruff-shampoo-064,wardah-anti-dandruff-shampoo,shampoo,0.04160708370645777,0.3900633999509293,0.5785499198576742,1.238852909653516,3.2606690001634617,2.734065763155765,25493.930854538474,SYNTHETIC_PROTOTYPE_DATA,False
wardah-anti-dandruff-shampoo-065,wardah-anti-dandruff-shampoo,shampoo,0.3571766757436277,0.3547586835019526,0.16755400580540605,1.1796990367313378,2.811742127561894,2.5112388625925566,18415.63259644691,SYNTHETIC_PROTOTYPE_DATA,False
wardah-anti-dandruff-shampoo-066,wardah-anti-dandruff-shampoo,shampoo,0.9336198646837752,0.40595945537012307,0.9239925949571692,1.4597337728060165,4.2410838033405405,3.578385713364887,39406.97841381805,SYNTHETIC_PROTOTYPE_DATA,False
wardah-anti-dandruff-shampoo-067,wardah-anti-dandruff-shampoo,shampoo,0.7784540430439886,0.5969822595685305,0.40677678654867105,1.446848219043523,3.9102730732795257,3.637848246179739,26560.606441251923,SYNTHETIC_PROTOTYPE_DATA,False
wardah-anti-dandruff-shampoo-068,wardah-anti-dandruff-shampoo,shampoo,0.9364931171184405,0.9167231584794484,0.26990966897756247,1.6092937503125702,4.493437250697581,4.505223391140226,25102.212037770973,SYNTHETIC_PROTOTYPE_DATA,False
wardah-anti-dandruff-shampoo-069,wardah-anti-dandruff-shampoo,shampoo,0.04267754587950598,0.32843505752676255,0.6971176079658227,1.2371275133328539,3.2548221830414596,2.703397596718905,27662.743132074353,SYNTHETIC_PROTOTYPE_DATA,False
wardah-anti-dandruff-shampoo-070,wardah-anti-dandruff-shampoo,shampoo,0.7268005782564486,0.12436295456860619,0.633946248100719,1.202659230606374,3.0996994530560364,2.471649240086627,30358.164880708115,SYNTHETIC_PROTOTYPE_DATA,False
wardah-anti-dandruff-shampoo-071,wardah-anti-dandruff-shampoo,shampoo,0.19176754942729957,0.45467136294767,0.6594746785504401,1.3154692590085937,3.5852752409250064,3.061910872652184,28286.10255972586,SYNTHETIC_PROTOTYPE_DATA,False
wardah-anti-dandruff-shampoo-072,wardah-anti-dandruff-shampoo,shampoo,0.2520837330628968,0.3220754229324371,0.21460808710343438,1.1552685711129607,2.7113499037743334,2.378255964391239,18740.985747938234,SYNTHETIC_PROTOTYPE_DATA,False
wardah-anti-dandruff-shampoo-073,wardah-anti-dandruff-shampoo,shampoo,0.748166993711267,0.6050709577198499,0.12420034211544737,1.3725620132352658,3.4486103323392707,3.3464287861810393,19927.738146160627,SYNTHETIC_PROTOTYPE_DATA,False
wardah-anti-dandruff-shampoo-074,wardah-anti-dandruff-shampoo,shampoo,0.8507582653510518,0.8236240041144557,0.37555665381084347,1.5728528098010301,4.405319962840695,4.229649891265356,26818.043249066828,SYNTHETIC_PROTOTYPE_DATA,False
wardah-anti-dandruff-shampoo-075,wardah-anti-dandruff-shampoo,shampoo,0.803572245197091,0.41570904224096367,0.8327708434171935,1.4411850322807134,4.036278046104318,3.4544256774474325,36281.828339268475,SYNTHETIC_PROTOTYPE_DATA,False
wardah-anti-dandruff-shampoo-076,wardah-anti-dandruff-shampoo,shampoo,0.7374314547630781,0.6673467242004492,0.09671017087421527,1.3892499250060626,3.543285502086021,3.4912535848658153,19378.56098282982,SYNTHETIC_PROTOTYPE_DATA,False
wardah-anti-dandruff-shampoo-077,wardah-anti-dandruff-shampoo,shampoo,0.846480506629023,0.24986035292401287,0.7893481900853634,1.3322936734531405,3.615139442934025,2.9770946840006713,35028.87698823685,SYNTHETIC_PROTOTYPE_DATA,False
wardah-anti-dandruff-shampoo-078,wardah-anti-dandruff-shampoo,shampoo,0.3573129449365774,0.815166097527952,0.3268295750856954,1.4663371550986668,4.036003142148138,3.8373090772328737,23035.335081535697,SYNTHETIC_PROTOTYPE_DATA,False
wardah-anti-dandruff-shampoo-079,wardah-anti-dandruff-shampoo,shampoo,0.8399172796552592,0.8272371699076835,0.9029129579779217,1.7053056706573642,5.226061888118583,4.654151494059949,39298.56253272926,SYNTHETIC_PROTOTYPE_DATA,False
wardah-anti-dandruff-shampoo-080,wardah-anti-dandruff-shampoo,shampoo,0.581343307859885,0.30278265337318017,0.23319949610757376,1.202916616358236,2.9200690633387363,2.550293052986127,20769.53332633499,SYNTHETIC_PROTOTYPE_DATA,False
wardah-anti-dandruff-shampoo-081,wardah-anti-dandruff-shampoo,shampoo,0.8249450160274548,0.2111910091799669,0.8357081989807265,1.310481128820449,3.6186555910317004,2.9281210292831004,35936.18689746241,SYNTHETIC_PROTOTYPE_DATA,False
wardah-anti-dandruff-shampoo-082,wardah-anti-dandruff-shampoo,shampoo,0.6253792399685515,0.7727838017287653,0.11758014004870296,1.4414071159139876,3.7886315113211664,3.7169910592622872,19642.483240548532,SYNTHETIC_PROTOTYPE_DATA,False
wardah-anti-dandruff-shampoo-083,wardah-anti-dandruff-shampoo,shampoo,0.8442021701827208,0.7739196087299333,0.875336708259547,1.6540659456076063,5.106034514552445,4.605123879808408,38378.81541138596,SYNTHETIC_PROTOTYPE_DATA,False
wardah-anti-dandruff-shampoo-084,wardah-anti-dandruff-shampoo,shampoo,0.07777482736929697,0.4761686680096395,0.39867773709324755,1.2589874748685486,3.257594619247926,2.8775032295547693,22147.05335719743,SYNTHETIC_PROTOTYPE_DATA,False
wardah-anti-dandruff-shampoo-085,wardah-anti-dandruff-shampoo,shampoo,0.9076390445516965,0.20261838341062294,0.8764033017653927,1.331020931624889,3.646714778710369,2.941589108042026,37436.072181463154,SYNTHETIC_PROTOTYPE_DATA,False
wardah-anti-dandruff-shampoo-086,wardah-anti-dandruff-shampoo,shampoo,0.5011827929983967,0.41950793446970697,0.6206686717997267,1.3373684894614106,3.62950682601442,3.105427277543842,29390.288874034646,SYNTHETIC_PROTOTYPE_DATA,False
wardah-anti-dandruff-shampoo-087,wardah-anti-dandruff-shampoo,shampoo,0.6930565038233873,0.6101327225699203,0.1761228261398149,1.3709928477995157,3.5014827053878963,3.427965238631946,20791.378268927056,SYNTHETIC_PROTOTYPE_DATA,False
wardah-anti-dandruff-shampoo-088,wardah-anti-dandruff-shampoo,shampoo,0.08615671423039817,0.18988015333592004,0.07439835501532058,1.0331915085876102,2.1533221386400876,1.9142732516550836,14673.33590769421,SYNTHETIC_PROTOTYPE_DATA,False
wardah-anti-dandruff-shampoo-089,wardah-anti-dandruff-shampoo,shampoo,0.12600814724773873,0.8672097420679771,0.7117533662084069,1.566893831026519,4.606882515233365,4.101564283647885,30093.217992482103,SYNTHETIC_PROTOTYPE_DATA,False
wardah-anti-dandruff-shampoo-090,wardah-anti-dandruff-shampoo,shampoo,0.49201787084542603,0.16297348231952427,0.7536993967823128,1.2172450214885289,3.1615544329602585,2.540012155944752,31601.789938070382,SYNTHETIC_PROTOTYPE_DATA,False
wardah-anti-dandruff-shampoo-091,wardah-anti-dandruff-shampoo,shampoo,0.5414878988354734,0.7235257142757047,0.9109591106772607,1.5917699197590023,4.830389115476959,4.164232042577181,37036.76231085605,SYNTHETIC_PROTOTYPE_DATA,False
wardah-anti-dandruff-shampoo-092,wardah-anti-dandruff-shampoo,shampoo,0.11963036636590196,0.3868410861765929,0.11252269645803278,1.1404332095835665,2.6017034877860206,2.4087473121932867,16192.152919436352,SYNTHETIC_PROTOTYPE_DATA,False
wardah-anti-dandruff-shampoo-093,wardah-anti-dandruff-shampoo,shampoo,0.9266567522658554,0.5689717070776422,0.7854519786461444,1.5192144257486488,4.4879389264832765,3.9205360502630127,36391.3071079183,SYNTHETIC_PROTOTYPE_DATA,False
wardah-anti-dandruff-shampoo-094,wardah-anti-dandruff-shampoo,shampoo,0.0788372693901043,0.6191590351001107,0.9004005191254878,1.4679896125108458,4.322100415926732,3.602059312300295,32929.466109118985,SYNTHETIC_PROTOTYPE_DATA,False
wardah-anti-dandruff-shampoo-095,wardah-anti-dandruff-shampoo,shampoo,0.4336516194627686,0.06866162277744454,0.888162563122073,1.1852476195968469,3.0420132888651206,2.380136713408897,33905.76947250451,SYNTHETIC_PROTOTYPE_DATA,False
putri-ginseng-shampoo-000,putri-ginseng-shampoo,shampoo,0.45999999999999996,0.3066666666666667,0.22080000000000002,1.2341351466666666,2.9128282666666667,2.4312533333333337,19986.37813333333,SYNTHETIC_PROTOTYPE_DATA,False
putri-ginseng-shampoo-001,putri-ginseng-shampoo,shampoo,0.8801421183401582,0.572266731789322,0.6187313103241461,1.537306463191363,4.284701469376162,3.7248729756213734,32082.08520713061,SYNTHETIC_PROTOTYPE_DATA,False
putri-ginseng-shampoo-002,putri-ginseng-shampoo,shampoo,0.31580057334234873,0.48275600490537274,0.932679167301313,1.473696758965551,4.245889229831701,3.3657000788358418,35116.960483382645,SYNTHETIC_PROTOTYPE_DATA,False
putri-ginseng-shampoo-003,putri-ginseng-shampoo,shampoo,0.7248637594272443,0.6096760862124492,0.5660531320974405,1.5289931096598692,4.2053088528913,3.708760677171255,30099.942337605422,SYNTHETIC_PROTOTYPE_DATA,False
putri-ginseng-shampoo-004,putri-ginseng-shampoo,shampoo,0.47167932017000047,0.812069109702461,0.6087478161535766,1.60731182001166,4.646810994327801,4.0875206247715505,30023.43737763463,SYNTHETIC_PROTOTYPE_DATA,False
putri-ginseng-shampoo-005,putri-ginseng-shampoo,shampoo,0.6864627370462286,0.6438696023569874,0.37124591146539426,1.4868124239203562,3.9902528107172146,3.5449631897973988,25489.73400453168,SYNTHETIC_PROTOTYPE_DATA,False
putri-ginseng-shampoo-006,putri-ginseng-shampoo,shampoo,0.7267448397142362,0.6153707875855198,0.3251958401170262,1.4684525896789025,3.9160117509340013,3.5218118895655524,24493.839406550076,SYNTHETIC_PROTOTYPE_DATA,False
putri-ginseng-shampoo-007,putri-ginseng-shampoo,shampoo,0.3701552836409329,0.2079146698387598,0.32834858853543153,1.1794746284558524,2.769974818953617,2.237797075752072,21576.96885523421,SYNTHETIC_PROTOTYPE_DATA,False
putri-ginseng-shampoo-008,putri-ginseng-shampoo,shampoo,0.13905808220124619,0.05143068559056121,0.2720777608865777,1.0572639389960767,2.2716625383560887,1.6785788358327074,18843.160677075175,SYNTHETIC_PROTOTYPE_DATA,False
putri-ginseng-shampoo-009,putri-ginseng-shampoo,shampoo,0.8840423317512094,0.898766967319117,0.1766786139626039,1.6210513534910584,4.360804219052971,4.290177085598241,22581.4164096788,SYNTHETIC_PROTOTYPE_DATA,False
putri-ginseng-shampoo-010,putri-ginseng-shampoo,shampoo,0.8440298705669512,0.5802534736917624,0.6207299296602656,1.5341005635017304,4.354151270450713,3.6997636082354695,32033.03010276372,SYNTHETIC_PROTOTYPE_DATA,False
putri-ginseng-shampoo-011,putri-ginseng-shampoo,shampoo,0.42712291121435975,0.7741825932733081,0.6496243456816381,1.5964866921019814,4.542500040494226,3.9798097184714365,30567.70820834614,SYNTHETIC_PROTOTYPE_DATA,False
putri-ginseng-shampoo-012,putri-ginseng-shampoo,shampoo,0.3523462713109906,0.5402825593313786,0.5606197569953867,1.4311545247858084,3.855164614820329,3.262010262133278,27418.593817821184,SYNTHETIC_PROTOTYPE_DATA,False
putri-ginseng-shampoo-013,putri-ginseng-shampoo,shampoo,0.8917869245960304,0.18224570359584885,0.4418965648936848,1.2781012792285884,3.165162445541631,2.4708511860714317,27105.73266970146,SYNTHETIC_PROTOTYPE_DATA,False
putri-ginseng-shampoo-014,putri-ginseng-shampoo,shampoo,0.3354301509986665,0.5188000218153125,0.6127407030246862,1.4088702952576027,3.8789844341343027,3.216545428027227,28517.566589641014,SYNTHETIC_PROTOTYPE_DATA,False
putri-ginseng-shampoo-015,putri-ginseng-shampoo,shampoo,0.12233610128383737,0.45079371428486253,0.9425858799830193,1.4233797331754143,4.0748475281788314,3.235989450427775,33825.12726096131,SYNTHETIC_PROTOTYPE_DATA,False
putri-ginseng-shampoo-016,putri-ginseng-shampoo,shampoo,0.46441227763956583,0.894133961334482,0.8371896955190845,1.7152349574098846,5.179558935429238,4.477168811903164,35131.05971189335,SYNTHETIC_PROTOTYPE_DATA,False
putri-ginseng-shampoo-017,putri-ginseng-shampoo,shampoo,0.8234522274228256,0.7661433735530685,0.5478951312085457,1.6229263223752388,4.6302037271480545,4.175535155795435,30687.065504207316,SYNTHETIC_PROTOTYPE_DATA,False
putri-ginseng-shampoo-018,putri-ginseng-shampoo,shampoo,0.17220862283232402,0.3011922334159515,0.3036568627812035,1.1990566570594856,2.8714705229186595,2.3238401343230928,20293.71836243352,SYNTHETIC_PROTOTYPE_DATA,False
putri-ginseng-shampoo-019,putri-ginseng-shampoo,shampoo,0.3406319489768024,0.8778511583988973,0.6404156106318248,1.64822938327377,4.8114558037714525,4.223901897844265,30031.649107935405,SYNTHETIC_PROTOTYPE_DATA,False
putri-ginseng-shampoo-020,putri-ginseng-shampoo,shampoo,0.36675342739285244,0.5833647154687418,0.2444984062503671,1.3582638875895372,3.5064114233132946,3.1161655994091833,20719.732835076837,SYNTHETIC_PROTOTYPE_DATA,False
putri-ginseng-shampoo-021,putri-ginseng-shampoo,shampoo,0.18244334815786872,0.625169331014746,0.6433665180233206,1.4607829486101398,4.071663928009317,3.414027704492616,28297.980479761536,SYNTHETIC_PROTOTYPE_DATA,False
putri-ginseng-shampoo-022,putri-ginseng-shampoo,shampoo,0.5999320235177059,0.5498226531391285,0.29943448461143923,1.406206252768765,3.5924181218839015,3.244589456101258,23140.70915990171,SYNTHETIC_PROTOTYPE_DATA,False
putri-ginseng-shampoo-023,putri-ginseng-shampoo,shampoo,0.4773207543557015,0.6581041548963776,0.6361117438723032,1.5293145222748832,4.3025863445465236,3.7398814429293576,30268.49848728148,SYNTHETIC_PROTOTYPE_DATA,False
putri-ginseng-shampoo-024,putri-ginseng-shampoo,shampoo,0.8977237462905107,0.12969711752032617,0.37788113159898334,1.2467934770794058,2.9386548832149244,2.289201998477711,25479.27997536132,SYNTHETIC_PROTOTYPE_DATA,False
putri-ginseng-shampoo-025,putri-ginseng-shampoo,shampoo,0.17474510618712588,0.6856331499177213,0.06458841476833824,1.3551584709918054,3.344509389851741,3.12123947408033,16160.167863855211,SYNTHETIC_PROTOTYPE_DATA,False
putri-ginseng-shampoo-026,putri-ginseng-shampoo,shampoo,0.41677333452769566,0.2901521015472904,0.7931554673324125,1.3301335386384199,3.6116632199181624,2.821988571074291,32286.700521978055,SYNTHETIC_PROTOTYPE_DATA,False
putri-ginseng-shampoo-027,putri-ginseng-shampoo,shampoo,0.17938326389802703,0.6453379656749181,0.7623974034399912,1.5123007205662533,4.337617145479277,3.5827514951747244,30978.74647722612,SYNTHETIC_PROTOTYPE_DATA,False
putri-ginseng-shampoo-028,putri-ginseng-shampoo,shampoo,0.2700427721949257,0.4015848181028627,0.34580152004586856,1.280056297520739,3.2069755315363184,2.6552343987030294,21836.004390785914,SYNTHETIC_PROTOTYPE_DATA,False
putri-ginseng-shampoo-029,putri-ginseng-shampoo,shampoo,0.4832959715665721,0.6026967128388221,0.8781886388171545,1.5559466504027974,4.564974394873104,3.7395353319555142,35473.94055337946,SYNTHETIC_PROTOTYPE_DATA,False
putri-ginseng-shampoo-030,putri-ginseng-shampoo,shampoo,0.1406465399596387,0.8589370567093474,0.27087895950241503,1.4894383024349842,4.003286330039139,3.710656626172615,20919.755288838238,SYNTHETIC_PROTOTYPE_DATA,False
putri-ginseng-shampoo-031,putri-ginseng-shampoo,shampoo,0.3636621579282307,0.21812205422798714,0.5636529650848804,1.2378662838580958,3.1055149731865206,2.3930140230609154,26840.69843526375,SYNTHETIC_PROTOTYPE_DATA,False
putri-ginseng-shampoo-032,putri-ginseng-shampoo,shampoo,0.8729235493584718,0.7756002959641389,0.9128338289120981,1.7239373844920811,5.235305977976566,4.494302065241558,39537.953072297845,SYNTHETIC_PROTOTYPE_DATA,False
putri-ginseng-shampoo-033,putri-ginseng-shampoo,shampoo,0.6859455029055416,0.24876959240202362,0.06414830795440728,1.2174557525680691,2.673444983775757,2.231772258833108,17352.898596114763,SYNTHETIC_PROTOTYPE_DATA,False
putri-ginseng-shampoo-034,putri-ginseng-shampoo,shampoo,0.5594448849885211,0.09208170468370802,0.4293007417981887,1.1832117214176834,2.77025779214146,2.0349291211317153,24670.72701875158,SYNTHETIC_PROTOTYPE_DATA,False
putri-ginseng-shampoo-035,putri-ginseng-shampoo,shampoo,0.8915056865219901,0.9134483510233371,0.0583132468201126,1.5997504716231459,4.201169153257288,4.227538254893609,19824.3413949857,SYNTHETIC_PROTOTYPE_DATA,False
putri-ginseng-shampoo-036,putri-ginseng-shampoo,shampoo,0.6645659132775708,0.6340662991075041,0.2848045069409287,1.459949304265368,3.7842319270772076,3.4852604013810145,23343.371452816333,SYNTHETIC_PROTOTYPE_DATA,False
putri-ginseng-shampoo-037,putri-ginseng-shampoo,shampoo,0.07373807247526848,0.17597600039663414,0.4740768782443746,1.1589877617153974,2.7929790096890605,2.0809167528558237,23021.62185992897,SYNTHETIC_PROTOTYPE_DATA,False
putri-ginseng-shampoo-038,putri-ginseng-shampoo,shampoo,0.9105473444547332,0.5942217025875525,0.2308148682987229,1.4672998720082853,3.8356394554242907,3.4802104809444145,23148.123723906723,SYNTHETIC_PROTOTYPE_DATA,False
putri-ginseng-shampoo-039,putri-ginseng-shampoo,shampoo,0.8373290852358988,0.2128181830410045,0.7359885079746324,1.3550916933798605,3.5374834217906375,2.770221610216879,33737.21705966383,SYNTHETIC_PROTOTYPE_DATA,False
putri-ginseng-shampoo-040,putri-ginseng-shampoo,shampoo,0.9048147193985433,0.8342487972377824,0.6229969489966882,1.692986725700025,4.95053895921314,4.48084880927588,32969.62438250032,SYNTHETIC_PROTOTYPE_DATA,False
putri-ginseng-shampoo-041,putri-ginseng-shampoo,shampoo,0.2404798625717704,0.2245573420797944,0.7533812861213425,1.266589643172429,3.275713088197815,2.5367281357370404,30147.80319953417,SYNTHETIC_PROTOTYPE_DATA,False
putri-ginseng-shampoo-042,putri-ginseng-shampoo,shampoo,0.8600524632678442,0.20854078092911946,0.5221683596002323,1.2948888983986946,3.288023556049388,2.545880337385206,28844.17960797124,SYNTHETIC_PROTOTYPE_DATA,False
putri-ginseng-shampoo-043,putri-ginseng-shampoo,shampoo,0.9362107438382482,0.585441987128031,0.8084150850880687,1.5982938188700844,4.650774127112092,3.9859982111956196,37222.70377031005,SYNTHETIC_PROTOTYPE_DATA,False
putri-ginseng-shampoo-044,putri-ginseng-shampoo,shampoo,0.9101425340602429,0.43848455620875815,0.840194496051859,1.507019985495268,4.3132254710772395,3.525712744542271,37251.75937027619,SYNTHETIC_PROTOTYPE_DATA,False
putri-ginseng-shampoo-045,putri-ginseng-shampoo,shampoo,0.34664717738316964,0.08337789400205387,0.6099130848700574,1.1667486938688305,2.840725068437143,2.0191820653399515,27198.435651846507,SYNTHETIC_PROTOTYPE_DATA,False
putri-ginseng-shampoo-046,putri-ginseng-shampoo,shampoo,0.21592805141083057,0.6685662048294818,0.23783095456746917,1.405753299092608,3.5682687070186447,3.2236798351237375,20076.247940371723,SYNTHETIC_PROTOTYPE_DATA,False
putri-ginseng-shampoo-047,putri-ginseng-shampoo,shampoo,0.514727058071979,0.2834310791947063,0.1527912433232945,1.2221359377404384,2.7820240163291077,2.2964750365591207,18689.285047972156,SYNTHETIC_PROTOTYPE_DATA,False
putri-ginseng-shampoo-048,putri-ginseng-shampoo,shampoo,0.13572031728052206,0.31667403159440805,0.5781007989589142,1.2634808087164255,3.211074961819962,2.5555323241683476,25867.866988835947,SYNTHETIC_PROTOTYPE_DATA,False
putri-ginseng-shampoo-049,putri-ginseng-shampoo,shampoo,0.8372247812879289,0.43557407900310324,0.6985631086943843,1.4541233822516402,4.029004491527643,3.379048124382686,33413.371093416354,SYNTHETIC_PROTOTYPE_DATA,False
putri-ginseng-shampoo-050,putri-ginseng-shampoo,shampoo,0.21774955692523057,0.5176136012524312,0.5102036934937397,1.3842349835782728,3.6722683873263886,3.0856666632566285,25539.93013677725,SYNTHETIC_PROTOTYPE_DATA,False
putri-ginseng-shampoo-051,putri-ginseng-shampoo,shampoo,0.9545129280176172,0.9265519699665228,0.9256567314048415,1.8249433212252812,5.713026913946185,5.017448870177985,40868.84892586174,SYNTHETIC_PROTOTYPE_DATA,False
putri-ginseng-shampoo-052,putri-ginseng-shampoo,shampoo,0.8971743646699343,0.5645262249469956,0.10400857770378696,1.422959854257062,3.552614200548303,3.2865046489567042,20202.896537365392,SYNTHETIC_PROTOTYPE_DATA,False
putri-ginseng-shampoo-053,putri-ginseng-shampoo,shampoo,0.4306851717489544,0.4593175276866418,0.8342463087906504,1.4581062641348113,4.069849151469744,3.3062377796612847,33699.03705360298,SYNTHETIC_PROTOTYPE_DATA,False
putri-ginseng-shampoo-054,putri-ginseng-shampoo,shampoo,0.5635256152371874,0.386784587452758,0.041072712237683315,1.255089350272404,2.8677226530550284,2.569288891910239,16667.395257285443,SYNTHETIC_PROTOTYPE_DATA,False
putri-ginseng-shampoo-055,putri-ginseng-shampoo,shampoo,0.373563189767026,0.7452318921544538,0.6877389525616414,1.5801225602959508,4.490675585116254,3.9006371897933563,30932.727540304564,SYNTHETIC_PROTOTYPE_DATA,False
putri-ginseng-shampoo-056,putri-ginseng-shampoo,shampoo,0.8700305258702279,0.7580262021867564,0.20260585632016914,1.5444846963395755,4.081976555611899,3.892145431325815,22667.604149788483,SYNTHETIC_PROTOTYPE_DATA,False
putri-ginseng-shampoo-057,putri-ginseng-shampoo,shampoo,0.7939823851900881,0.905963710584458,0.6331743230335096,1.7183172487592158,5.099479306866933,4.618772382893277,32719.293024148785,SYNTHETIC_PROTOTYPE_DATA,False
putri-ginseng-shampoo-058,putri-ginseng-shampoo,shampoo,0.73792204560436,0.5267326461556442,0.7470064310795924,1.519241365306673,4.304076172185564,3.5921092139162214,34120.304270808396,SYNTHETIC_PROTOTYPE_DATA,False
putri-ginseng-shampoo-059,putri-ginseng-shampoo,shampoo,0.5251766166912445,0.5734961651695509,0.9356094434461603,1.570196344873269,4.5501040091433556,3.7650679249355057,36912.41928749241,SYNTHETIC_PROTOTYPE_DATA,False
putri-ginseng-shampoo-060,putri-ginseng-shampoo,shampoo,0.24018545074706057,0.07200478257662923,0.5024850946571707,1.1263141770425584,2.6276215176632722,1.9497031558297577,24420.250793546504,SYNTHETIC_PROTOTYPE_DATA,False
putri-ginseng-shampoo-061,putri-ginseng-shampoo,shampoo,0.2904972555431954,0.5777310931349572,0.517202774370097,1.4163674304438332,3.8914560804003124,3.30985606518996,26140.63377996032,SYNTHETIC_PROTOTYPE_DATA,False
putri-ginseng-shampoo-062,putri-ginseng-shampoo,shampoo,0.266580832575761,0.22987170465725829,0.866436147424782,1.3030860926347707,3.4288910864934645,2.64453050045494,32700.431998139364,SYNTHETIC_PROTOTYPE_DATA,False
putri-ginseng-shampoo-063,putri-ginseng-shampoo,shampoo,0.1434184149205619,0.5929708264682975,0.3945355063196741,1.3880319864734798,3.654023394745838,3.1807410455672596,23007.75010512875,SYNTHETIC_PROTOTYPE_DATA,False
putri-ginseng-shampoo-064,putri-ginseng-shampoo,shampoo,0.7021504149982855,0.20083180604368503,0.883727429089221,1.3493890803588755,3.6561500600329175,2.8168865690140734,36097.3568303866,SYNTHETIC_PROTOTYPE_DATA,False
putri-ginseng-shampoo-065,putri-ginseng-shampoo,shampoo,0.07442528794413072,0.941836980250146,0.36329119758170625,1.561115932328708,4.302891186922803,3.9465476270111366,22642.120335904492,SYNTHETIC_PROTOTYPE_DATA,False
putri-ginseng-shampoo-066,putri-ginseng-shampoo,shampoo,0.18505888487772718,0.4055669347839779,0.6819818718633067,1.3491610071543998,3.610455353053315,2.897969879448102,28663.835584231725,SYNTHETIC_PROTOTYPE_DATA,False
putri-ginseng-shampoo-067,putri-ginseng-shampoo,shampoo,0.44874887844540856,0.5179363014274847,0.22124441399617298,1.3459632061512898,3.3622829021357226,2.992665538847106,20470.71896943615,SYNTHETIC_PROTOTYPE_DATA,False
putri-ginseng-shampoo-068,putri-ginseng-shampoo,shampoo,0.1811740746659721,0.5625677054159366,0.12345179649126423,1.300962706160624,3.1645054464374187,2.8486511515604347,17182.104385388076,SYNTHETIC_PROTOTYPE_DATA,False
putri-ginseng-shampoo-069,putri-ginseng-shampoo,shampoo,0.602465769490955,0.2680448534912942,0.3677724670172301,1.2697276984720849,3.0876451941243754,2.4753322444218404,23851.369633014827,SYNTHETIC_PROTOTYPE_DATA,False
putri-ginseng-shampoo-070,putri-ginseng-shampoo,shampoo,0.8986077003890728,0.92508913840423,0.6601095902519459,1.7565644232861393,5.243551585044694,4.768485160895843,34226.09865691674,SYNTHETIC_PROTOTYPE_DATA,False
putri-ginseng-shampoo-071,putri-ginseng-shampoo,shampoo,0.06017204221549692,0.5584608883258659,0.7583738883621866,1.4383281320249983,3.985667979359979,3.28134464546898,29850.660498650464,SYNTHETIC_PROTOTYPE_DATA,False
putri-ginseng-shampoo-072,putri-ginseng-shampoo,shampoo,0.5360778614676657,0.8915609074568464,0.412943438005225,1.6199118885184804,4.514876730198642,4.182835044707009,26202.519723597918,SYNTHETIC_PROTOTYPE_DATA,False
putri-ginseng-shampoo-073,putri-ginseng-shampoo,shampoo,0.9436615209883382,0.6613768714641914,0.4199246462312196,1.562704966476873,4.222226070629084,3.8920280864697725,28088.783977211064,SYNTHETIC_PROTOTYPE_DATA,False
putri-ginseng-shampoo-074,putri-ginseng-shampoo,shampoo,0.8204324759162972,0.31103870525854294,0.6616039566764068,1.3820598689133012,3.7099456387073597,3.006728747461445,32164.52844975364,SYNTHETIC_PROTOTYPE_DATA,False
putri-ginseng-shampoo-075,putri-ginseng-shampoo,shampoo,0.855201742150905,0.7984882545562998,0.8085408902856489,1.714012095745578,5.121911796557392,4.528938854218327,37056.721803839486,SYNTHETIC_PROTOTYPE_DATA,False
putri-ginseng-shampoo-076,putri-ginseng-shampoo,shampoo,0.505894027008467,0.2672666717990739,0.4468539897336633,1.2712130434766942,3.166284504421462,2.5358746458812873,25137.997107586467,SYNTHETIC_PROTOTYPE_DATA,False
putri-ginseng-shampoo-077,putri-ginseng-shampoo,shampoo,0.7325571458767064,0.2680409227437054,0.3236808722759661,1.2756283043192747,3.0923392777220418,2.538992488224205,23542.451708007426,SYNTHETIC_PROTOTYPE_DATA,False
putri-ginseng-shampoo-078,putri-ginseng-shampoo,shampoo,0.5284016467530961,0.5620389877204677,0.19186326095250386,1.3798311862418977,3.458674665747782,3.080104735850517,20248.6701040408,SYNTHETIC_PROTOTYPE_DATA,False
putri-ginseng-shampoo-079,putri-ginseng-shampoo,shampoo,0.3498391525894563,0.3582043341841858,0.9599035425487336,1.405770526269429,3.9195581222272335,3.1066399470463906,35564.141380573725,SYNTHETIC_PROTOTYPE_DATA,False
putri-ginseng-shampoo-080,putri-ginseng-shampoo,shampoo,0.3283415569814141,0.34888206686812195,0.5456243534411688,1.310823425011185,3.418448334781049,2.7421945429085843,26392.96381673696,SYNTHETIC_PROTOTYPE_DATA,False
putri-ginseng-shampoo-081,putri-ginseng-shampoo,shampoo,0.8206865863959033,0.6163534202459908,0.27747771610840244,1.4708789673329399,3.845506066634747,3.5470598022680964,23872.48018748672,SYNTHETIC_PROTOTYPE_DATA,False
putri-ginseng-shampoo-082,putri-ginseng-shampoo,shampoo,0.26236075510492096,0.2484319348191105,0.07053680201777995,1.1355408492371493,2.4923086185935492,2.092066859190578,15646.225311177752,SYNTHETIC_PROTOTYPE_DATA,False
putri-ginseng-shampoo-083,putri-ginseng-shampoo,shampoo,0.676754324510833,0.8598077846086141,0.6205331539859755,1.6683119699179474,4.854811317314418,4.3591565389082545,31782.36497118714,SYNTHETIC_PROTOTYPE_DATA,False
putri-ginseng-shampoo-084,putri-ginseng-shampoo,shampoo,0.055703425717247214,0.929972566621774,0.7500272227466016,1.666060536921042,4.907746398292217,4.1493233863009555,30595.622795098105,SYNTHETIC_PROTOTYPE_DATA,False
putri-ginseng-shampoo-085,putri-ginseng-shampoo,shampoo,0.32550947563476307,0.33205885140377833,0.9520821246347217,1.3900090003219894,3.886327043998486,3.002543088904458,35217.297310776106,SYNTHETIC_PROTOTYPE_DATA,False
putri-ginseng-shampoo-086,putri-ginseng-shampoo,shampoo,0.7494803384601006,0.2551419203377057,0.36722290553284753,1.2786382272868326,3.125477642113659,2.571559910048111,24534.924598740814,SYNTHETIC_PROTOTYPE_DATA,False
putri-ginseng-shampoo-087,putri-ginseng-shampoo,shampoo,0.3590006193471968,0.2430417548952723,0.46458756745408103,1.239500501306856,3.021041895854594,2.4144770141372756,24533.6583959374,SYNTHETIC_PROTOTYPE_DATA,False
putri-ginseng-shampoo-088,putri-ginseng-shampoo,shampoo,0.30096397022028637,0.33369094962664236,0.48121908539389247,1.2861908413140586,3.2367809765169815,2.63670312432915,24916.158285201574,SYNTHETIC_PROTOTYPE_DATA,False
putri-ginseng-shampoo-089,putri-ginseng-shampoo,shampoo,0.2073359763059547,0.11906889089228387,0.0675888629531487,1.0578278841036268,2.186558576304474,1.709531903904315,14929.727524856236,SYNTHETIC_PROTOTYPE_DATA,False
putri-ginseng-shampoo-090,putri-ginseng-shampoo,shampoo,0.37441599482757965,0.48333221706770363,0.059935128444309496,1.28543241631361,2.9958648902959277,2.7300618199601105,16641.17960135831,SYNTHETIC_PROTOTYPE_DATA,False
putri-ginseng-shampoo-091,putri-ginseng-shampoo,shampoo,0.7399787782566868,0.4732976570326718,0.544333587871,1.4465215659357462,3.8703887043999745,3.2468557677915744,29217.28991278997,SYNTHETIC_PROTOTYPE_DATA,False
putri-ginseng-shampoo-092,putri-ginseng-shampoo,shampoo,0.27635626323609647,0.6849107694711386,0.6209114259305163,1.5133181020403172,4.256477961072727,3.649202512521724,28608.96840974226,SYNTHETIC_PROTOTYPE_DATA,False
putri-ginseng-shampoo-093,putri-ginseng-shampoo,shampoo,0.5103357552178858,0.47902459969174693,0.6130307745819772,1.4243524977367645,3.8910125930010895,3.1982897595075372,29352.442885832563,SYNTHETIC_PROTOTYPE_DATA,False
putri-ginseng-shampoo-094,putri-ginseng-shampoo,shampoo,0.6360776509558312,0.1964193186435877,0.3301654916498143,1.2189438561259807,2.921216661707379,2.272602195926014,22967.39185853557,SYNTHETIC_PROTOTYPE_DATA,False
putri-ginseng-shampoo-095,putri-ginseng-shampoo,shampoo,0.4097014545836588,0.2894097241844844,0.30311350759410377,1.2299086235099939,2.926139990569992,2.4167182009549215,21438.094000055655,SYNTHETIC_PROTOTYPE_DATA,False
kahf-brightening-cooling-body-wash-000,kahf-brightening-cooling-body-wash,body_wash,0.5,0.4,0.3125,1.28175,2.923125,2.8949999999999996,23248.75,SYNTHETIC_PROTOTYPE_DATA,False
kahf-brightening-cooling-body-wash-001,kahf-brightening-cooling-body-wash,body_wash,0.670953274386359,0.7472768438503619,0.3171714973274961,1.5072204843582804,3.737477698415383,3.930341983948035,25179.3626910704,SYNTHETIC_PROTOTYPE_DATA,False
kahf-brightening-cooling-body-wash-002,kahf-brightening-cooling-body-wash,body_wash,0.2781820065000834,0.8795534925597879,0.23241918079612975,1.4843722508952768,3.7764201640684805,3.9599565044540244,21513.680403781134,SYNTHETIC_PROTOTYPE_DATA,False
kahf-brightening-cooling-body-wash-003,kahf-brightening-cooling-body-wash,body_wash,0.22374578186973598,0.791003350847998,0.6969307787612294,1.5467556601134813,4.266455988963045,4.026952245824657,31063.656168225993,SYNTHETIC_PROTOTYPE_DATA,False
kahf-brightening-cooling-body-wash-004,kahf-brightening-cooling-body-wash,body_wash,0.9406491050441775,0.6452310424293695,0.6770879401300907,1.5610378075276032,4.235218191214163,4.133987286770505,35027.36081017914,SYNTHETIC_PROTOTYPE_DATA,False
kahf-brightening-cooling-body-wash-005,kahf-brightening-cooling-body-wash,body_wash,0.046716202371707455,0.08594842682466255,0.44290798099398515,1.0692665258680032,2.1679556844504453,1.985187385589331,22652.053808993594,SYNTHETIC_PROTOTYPE_DATA,False
kahf-brightening-cooling-body-wash-006,kahf-brightening-cooling-body-wash,body_wash,0.4985798674073458,0.4652385703936042,0.35904606345782114,1.326365829396191,3.1213580840050605,3.102925808913952,24405.300101604196,SYNTHETIC_PROTOTYPE_DATA,False
kahf-brightening-cooling-body-wash-007,kahf-brightening-cooling-body-wash,body_wash,0.6592970515230413,0.1872750007932569,0.16624814817168349,1.1631227635040515,2.3108430061733434,2.276078806895656,20244.40740093679,SYNTHETIC_PROTOTYPE_DATA,False
kahf-brightening-cooling-body-wash-008,kahf-brightening-cooling-body-wash,body_wash,0.250052343073838,0.06441602684241055,0.9436929532448012,1.1831132257253378,2.7974828483872964,2.4023226383571576,34451.698387486955,SYNTHETIC_PROTOTYPE_DATA,False
kahf-brightening-cooling-body-wash-009,kahf-brightening-cooling-body-wash,body_wash,0.9367386696289236,0.4191390281940307,0.3795258609293041,1.37430841626403,3.3323368298660268,3.24494257046744,27238.56706923403,SYNTHETIC_PROTOTYPE_DATA,False
kahf-brightening-cooling-body-wash-010,kahf-brightening-cooling-body-wash,body_wash,0.8395369870288496,0.6222374156835407,0.07138557874249334,1.4050896896520275,3.2101693339047044,3.5216788941539625,19840.764542845656,SYNTHETIC_PROTOTYPE_DATA,False
kahf-brightening-cooling-body-wash-011,kahf-brightening-cooling-body-wash,body_wash,0.16043075789554015,0.5897474432992956,0.5050679080605389,1.372279991753698,3.472609655854903,3.336239539168512,25883.868182553517,SYNTHETIC_PROTOTYPE_DATA,False
kahf-brightening-cooling-body-wash-012,kahf-brightening-cooling-body-wash,body_wash,0.8206120998168948,0.08638960621129158,0.2716090778759121,1.1542036817193142,2.351103651484878,2.1791672186511652,23181.93676808,SYNTHETIC_PROTOTYPE_DATA,False
kahf-brightening-cooling-body-wash-013,kahf-brightening-cooling-body-wash,body_wash,0.6795484568938001,0.2692643820302533,0.5466016712545086,1.286517118924701,2.9752360559768745,2.8613834546657446,29360.53924054985,SYNTHETIC_PROTOTYPE_DATA,False
kahf-brightening-cooling-body-wash-014,kahf-brightening-cooling-body-wash,body_wash,0.05247238489942028,0.40187420374625193,0.06834498081169191,1.1454004405446603,2.367399570059053,2.467480061481862,15795.627372907407,SYNTHETIC_PROTOTYPE_DATA,False
kahf-brightening-cooling-body-wash-015,kahf-brightening-cooling-body-wash,body_wash,0.14475592482755997,0.5975390869223312,0.9107922441532863,1.4825011814172218,4.046164008708271,3.6289036562104284,34449.938836956506,SYNTHETIC_PROTOTYPE_DATA,False
kahf-brightening-cooling-body-wash-016,kahf-brightening-cooling-body-wash,body_wash,0.38395854340843144,0.11326550809063776,0.14873168014903604,1.0742875033917316,1.9919005398054577,1.968964063144317,18299.663896699196,SYNTHETIC_PROTOTYPE_DATA,False
kahf-brightening-cooling-body-wash-017,kahf-brightening-cooling-body-wash,body_wash,0.27471314442079026,0.30100440212057067,0.052509652473509964,1.1373651669695353,2.232402406605144,2.282940254496697,16246.074636635136,SYNTHETIC_PROTOTYPE_DATA,False
kahf-brightening-cooling-body-wash-018,kahf-brightening-cooling-body-wash,body_wash,0.3069676042465257,0.4612368168607374,0.5061030643709561,1.3314831923510155,3.2125487284322127,3.04578346879697,26556.078298791163,SYNTHETIC_PROTOTYPE_DATA,False
kahf-brightening-cooling-body-wash-019,kahf-brightening-cooling-body-wash,body_wash,0.8302274275270873,0.6931710590842989,0.6980356199364096,1.5934614602925357,4.345495251056703,4.2144832840479225,34898.54965072159,SYNTHETIC_PROTOTYPE_DATA,False
kahf-brightening-cooling-body-wash-020,kahf-brightening-cooling-body-wash,body_wash,0.4193315095727529,0.3623926964847131,0.3417567099079311,1.2469264942692735,2.846281100600092,2.7813588736272696,23518.000170562264,SYNTHETIC_PROTOTYPE_DATA,False
kahf-brightening-cooling-body-wash-021,kahf-brightening-cooling-body-wash,body_wash,0.61714736889104,0.6908543177290992,0.7188715882440584,1.557509494788038,4.242475240361394,4.109869386828875,33776.8603187756,SYNTHETIC_PROTOTYPE_DATA,False
kahf-brightening-cooling-body-wash-022,kahf-brightening-cooling-body-wash,body_wash,0.13957082793248962,0.8301158471678114,0.04459042554798982,1.3851816896647826,3.2531134279221914,3.5620300237589237,16893.435740207336,SYNTHETIC_PROTOTYPE_DATA,False
kahf-brightening-cooling-body-wash-023,kahf-brightening-cooling-body-wash,body_wash,0.7890684078479016,0.19492729995056846,0.7940043349946427,1.3103096563449588,3.23360292381956,2.887932545450317,35481.88970617672,SYNTHETIC_PROTOTYPE_DATA,False
kahf-brightening-cooling-body-wash-024,kahf-brightening-cooling-body-wash,body_wash,0.21993002757840477,0.3383752009929619,0.7293026154461824,1.2934736390239407,3.1898328606064803,2.8967307912046696,30413.61167397095,SYNTHETIC_PROTOTYPE_DATA,False
kahf-brightening-cooling-body-wash-025,kahf-brightening-cooling-body-wash,body_wash,0.8259265333723146,0.2997575919128138,0.18234699242320554,1.246863948572929,2.7337991672181294,2.716141560977694,21598.147176021055,SYNTHETIC_PROTOTYPE_DATA,False
kahf-brightening-cooling-body-wash-026,kahf-brightening-cooling-body-wash,body_wash,0.25856869774675373,0.19871549867421467,0.7580743858086223,1.2197555031486498,2.9245242309489554,2.568632355664122,30942.005759802592,SYNTHETIC_PROTOTYPE_DATA,False
kahf-brightening-cooling-body-wash-027,kahf-brightening-cooling-body-wash,body_wash,0.38578937254691215,0.09086203614904229,0.38447804945590636,1.1086100803305619,2.2553134071774057,2.0955246299178287,23416.865097728976,SYNTHETIC_PROTOTYPE_DATA,False
kahf-brightening-cooling-body-wash-028,kahf-brightening-cooling-body-wash,body_wash,0.33941543400591107,0.8961120213131017,0.10253423039379736,1.48583711149922,3.5917270628887774,3.9148092106681625,19219.20571226286,SYNTHETIC_PROTOTYPE_DATA,False
kahf-brightening-cooling-body-wash-029,kahf-brightening-cooling-body-wash,body_wash,0.10392593133773514,0.04363302893201848,0.6183740946078826,1.0859711450090734,2.3021172350107757,2.0026093257996416,26578.343806210687,SYNTHETIC_PROTOTYPE_DATA,False
kahf-brightening-cooling-body-wash-030,kahf-brightening-cooling-body-wash,body_wash,0.23808463333648533,0.05389909242661804,0.8471480392026882,1.158461559353492,2.672004773037529,2.303448822204603,32232.331121964533,SYNTHETIC_PROTOTYPE_DATA,False
kahf-brightening-cooling-body-wash-031,kahf-brightening-cooling-body-wash,body_wash,0.5274793230664049,0.6103510214235177,0.36219163482354905,1.408723654031668,3.527880348336716,3.4811031846838887,25124.164306325423,SYNTHETIC_PROTOTYPE_DATA,False
kahf-brightening-cooling-body-wash-032,kahf-brightening-cooling-body-wash,body_wash,0.05875209658992136,0.7793972352506798,0.8684350438044631,1.5692100593027065,4.399256487995061,4.014894927613777,33325.13433388147,SYNTHETIC_PROTOTYPE_DATA,False
kahf-brightening-cooling-body-wash-033,kahf-brightening-cooling-body-wash,body_wash,0.8495353222357825,0.17475252313207404,0.45058134861752985,1.2398232758422183,2.822528200163971,2.5750850401850545,27820.669320949633,SYNTHETIC_PROTOTYPE_DATA,False
kahf-brightening-cooling-body-wash-034,kahf-brightening-cooling-body-wash,body_wash,0.19116504811945165,0.10774075215699797,0.21043807690201138,1.0505073328142995,1.9632312795933653,1.890237260135378,18737.91944478506,SYNTHETIC_PROTOTYPE_DATA,False
kahf-brightening-cooling-body-wash-035,kahf-brightening-cooling-body-wash,body_wash,0.2280647213785141,0.9327918252475882,0.44093867287703964,1.5604847400144797,4.194767871622,4.137674652039713,25980.843096599627,SYNTHETIC_PROTOTYPE_DATA,False
kahf-brightening-cooling-body-wash-036,kahf-brightening-cooling-body-wash,body_wash,0.7385414019107379,0.7929094438377461,0.06696591332024128,1.4658881897256608,3.5319711943479732,3.912214860059864,19855.60558907984,SYNTHETIC_PROTOTYPE_DATA,False
kahf-brightening-cooling-body-wash-037,kahf-brightening-cooling-body-wash,body_wash,0.7415118858252734,0.7216206373788872,0.930652951765863,1.6533150129946825,4.759290872147554,4.43386218760436,39728.452979674745,SYNTHETIC_PROTOTYPE_DATA,False
kahf-brightening-cooling-body-wash-038,kahf-brightening-cooling-body-wash,body_wash,0.09953415737284779,0.243331754846658,0.07271171602533061,1.0760348296780462,2.0967187732698194,2.1175402554615825,15734.168953153267,SYNTHETIC_PROTOTYPE_DATA,False
kahf-brightening-cooling-body-wash-039,kahf-brightening-cooling-body-wash,body_wash,0.6959804774735903,0.6654926763078494,0.7483520208443156,1.5602222147763676,4.275521493164726,4.062977571098393,34924.530100067175,SYNTHETIC_PROTOTYPE_DATA,False
kahf-brightening-cooling-body-wash-040,kahf-brightening-cooling-body-wash,body_wash,0.733911468747907,0.9004140263926226,0.1621978222608235,1.559485686861899,3.935319433279368,4.295786360808591,22296.421319972316,SYNTHETIC_PROTOTYPE_DATA,False
kahf-brightening-cooling-body-wash-041,kahf-brightening-cooling-body-wash,body_wash,0.6792849167980307,0.7427202336976411,0.3562073110937092,1.5103785984909273,3.8592309256787103,3.9513469005549,26114.85081228727,SYNTHETIC_PROTOTYPE_DATA,False
kahf-brightening-cooling-body-wash-042,kahf-brightening-cooling-body-wash,body_wash,0.08515701389735039,0.6654163417000188,0.1381377815869029,1.299038246553266,3.0247581933798857,3.209336541054822,18227.856358612935,SYNTHETIC_PROTOTYPE_DATA,False
kahf-brightening-cooling-body-wash-043,kahf-brightening-cooling-body-wash,body_wash,0.8771898994473409,0.6273030499563793,0.6060820436571279,1.5346087314745127,4.128918016399915,3.9578251197547814,32679.720156748564,SYNTHETIC_PROTOTYPE_DATA,False
kahf-brightening-cooling-body-wash-044,kahf-brightening-cooling-body-wash,body_wash,0.6841226597750508,0.6961106910758355,0.06479512099342859,1.4087426797710672,3.3219748288802076,3.62397996313175,19255.43854571296,SYNTHETIC_PROTOTYPE_DATA,False
kahf-brightening-cooling-body-wash-045,kahf-brightening-cooling-body-wash,body_wash,0.7057063194735205,0.3776095796089152,0.49574206691485473,1.3431203168781558,3.198184044612325,3.068806726290735,28431.297746327768,SYNTHETIC_PROTOTYPE_DATA,False
kahf-brightening-cooling-body-wash-046,kahf-brightening-cooling-body-wash,body_wash,0.1698698335930604,0.35224970348440504,0.6457822976344102,1.2832676675709327,3.055120542906032,2.8673208705973487,28307.981146178063,SYNTHETIC_PROTOTYPE_DATA,False
kahf-brightening-cooling-body-wash-047,kahf-brightening-cooling-body-wash,body_wash,0.6206930378447445,0.0619450151057705,0.3097786994964999,1.1207499416158933,2.2491812763506416,2.061374545812176,22845.092288024523,SYNTHETIC_PROTOTYPE_DATA,False
kahf-brightening-cooling-body-wash-048,kahf-brightening-cooling-body-wash,body_wash,0.6281079525423442,0.7556410352409412,0.34040036156186443,1.4970120734238077,3.8257342352548793,3.9753031563747583,25453.67606119529,SYNTHETIC_PROTOTYPE_DATA,False
kahf-brightening-cooling-body-wash-049,kahf-brightening-cooling-body-wash,body_wash,0.8761557565458099,0.7517581197365456,0.5470899026595608,1.5925256187096284,4.294564197916881,4.255384196586181,31782.489557417623,SYNTHETIC_PROTOTYPE_DATA,False
kahf-brightening-cooling-body-wash-050,kahf-brightening-cooling-body-wash,body_wash,0.04381085230438249,0.2629131087799034,0.45685498133589825,1.15671039776993,2.537223746169456,2.3991150889096176,23406.948695262767,SYNTHETIC_PROTOTYPE_DATA,False
kahf-brightening-cooling-body-wash-051,kahf-brightening-cooling-body-wash,body_wash,0.40898104206677277,0.5797545251822968,0.42121625387368566,1.3966320633675535,3.4113444469067042,3.447325513439838,25538.457082790468,SYNTHETIC_PROTOTYPE_DATA,False
kahf-brightening-cooling-body-wash-052,kahf-brightening-cooling-body-wash,body_wash,0.13564235235122213,0.2147911089142783,0.7756323701153249,1.2120523701981156,2.885736255475274,2.5805813830468183,30520.73589430143,SYNTHETIC_PROTOTYPE_DATA,False
kahf-brightening-cooling-body-wash-053,kahf-brightening-cooling-body-wash,body_wash,0.6143213693364675,0.12139598389275774,0.4536646177384273,1.1750038661395754,2.5492098858922834,2.323752794793426,26404.076147675296,SYNTHETIC_PROTOTYPE_DATA,False
kahf-brightening-cooling-body-wash-054,kahf-brightening-cooling-body-wash,body_wash,0.17290826429709932,0.8064355471482818,0.8604130722541223,1.6003565228062437,4.528850865280119,4.176763605048561,34202.73321981952,SYNTHETIC_PROTOTYPE_DATA,False
kahf-brightening-cooling-body-wash-055,kahf-brightening-cooling-body-wash,body_wash,0.30530591554487013,0.5358054430249751,0.21064590284957949,1.3073379076574834,2.9778847459287374,3.0199374400417396,20376.62186520221,SYNTHETIC_PROTOTYPE_DATA,False
kahf-brightening-cooling-body-wash-056,kahf-brightening-cooling-body-wash,body_wash,0.10157328093483678,0.23133404850217826,0.4104462649775924,1.149035936874662,2.474866606818243,2.3581856521937694,22846.547871276358,SYNTHETIC_PROTOTYPE_DATA,False
kahf-brightening-cooling-body-wash-057,kahf-brightening-cooling-body-wash,body_wash,0.8186479357320343,0.5741987581637218,0.34806409137482025,1.440115791232612,3.4954412494920266,3.6113264177028075,26295.16554144098,SYNTHETIC_PROTOTYPE_DATA,False
kahf-brightening-cooling-body-wash-058,kahf-brightening-cooling-body-wash,body_wash,0.16500851134592523,0.11939007366940094,0.21707341659740856,1.0586390881855854,1.9768072447704177,1.9072977636123245,18647.28074325362,SYNTHETIC_PROTOTYPE_DATA,False
kahf-brightening-cooling-body-wash-059,kahf-brightening-cooling-body-wash,body_wash,0.713038718392149,0.6572659678604776,0.31679588897166544,1.463558994129234,3.649096780338358,3.738166623263296,25176.69754999021,SYNTHETIC_PROTOTYPE_DATA,False
kahf-brightening-cooling-body-wash-060,kahf-brightening-cooling-body-wash,body_wash,0.941337345091337,0.5219717803625273,0.4120172961719872,1.4398188867890362,3.54189018084954,3.5929415916292746,28267.829468233344,SYNTHETIC_PROTOTYPE_DATA,False
kahf-brightening-cooling-body-wash-061,kahf-brightening-cooling-body-wash,body_wash,0.3910684126784054,0.7120563497850284,0.44196916232995076,1.4690417938333546,3.7683112778445356,3.741670969311775,26387.244135248795,SYNTHETIC_PROTOTYPE_DATA,False
kahf-brightening-cooling-body-wash-062,kahf-brightening-cooling-body-wash,body_wash,0.20650679787603868,0.4526643915355624,0.1888684583679582,1.2389417871597208,2.6741438698484004,2.7800860901271487,19110.063926293467,SYNTHETIC_PROTOTYPE_DATA,False
kahf-brightening-cooling-body-wash-063,kahf-brightening-cooling-body-wash,body_wash,0.45993960011355833,0.5682010753179328,0.22561735272849343,1.3459502519842426,3.104455977868026,3.248384670367948,21617.718132208905,SYNTHETIC_PROTOTYPE_DATA,False
kahf-brightening-cooling-body-wash-064,kahf-brightening-cooling-body-wash,body_wash,0.44440154924458614,0.2143121331021307,0.6863361151395513,1.249252782878604,2.9802239433135536,2.644727932006739,30786.35273652096,SYNTHETIC_PROTOTYPE_DATA,False
kahf-brightening-cooling-body-wash-065,kahf-brightening-cooling-body-wash,body_wash,0.5197914336423027,0.33023964687207286,0.27215302331590774,1.2266024489949985,2.7587674093633856,2.653853835137653,22316.181490097748,SYNTHETIC_PROTOTYPE_DATA,False
kahf-brightening-cooling-body-wash-066,kahf-brightening-cooling-body-wash,body_wash,0.4332408990738047,0.8297615403253981,0.09328689172311158,1.4421683995273058,3.476306496950924,3.8368269488160576,19213.131786575057,SYNTHETIC_PROTOTYPE_DATA,False
kahf-brightening-cooling-body-wash-067,kahf-brightening-cooling-body-wash,body_wash,0.40564312687553483,0.6853535562695691,0.05546734210425613,1.353871582910911,3.1286063859990607,3.402610614161226,17867.31054954177,SYNTHETIC_PROTOTYPE_DATA,False
kahf-brightening-cooling-body-wash-068,kahf-brightening-cooling-body-wash,body_wash,0.9153833739917394,0.24993306127820852,0.3685165367094241,1.2747228764317584,2.877998139564795,2.7611537386271148,26442.29545947609,SYNTHETIC_PROTOTYPE_DATA,False
kahf-brightening-cooling-body-wash-069,kahf-brightening-cooling-body-wash,body_wash,0.8060985018875607,0.6997013320833689,0.2986542372533978,1.5023653131010863,3.7041277581565293,3.896651551559168,25269.55924394718,SYNTHETIC_PROTOTYPE_DATA,False
kahf-brightening-cooling-body-wash-070,kahf-brightening-cooling-body-wash,body_wash,0.8399141044696274,0.3150655194213054,0.3870408055443242,1.2996072238209608,3.0181846982687572,2.947392138650612,26678.809889340337,SYNTHETIC_PROTOTYPE_DATA,False
kahf-brightening-cooling-body-wash-071,kahf-brightening-cooling-body-wash,body_wash,0.5102549073245028,0.9546338248207182,0.3698461381732132,1.6066669920836505,4.229822855733003,4.465641887801548,26112.794919055028,SYNTHETIC_PROTOTYPE_DATA,False
kahf-brightening-cooling-body-wash-072,kahf-brightening-cooling-body-wash,body_wash,0.8661525204814534,0.7473883253232901,0.2763169282770313,1.5284641830825658,3.836109889100844,4.095200011319146,25319.724391902142,SYNTHETIC_PROTOTYPE_DATA,False
kahf-brightening-cooling-body-wash-073,kahf-brightening-cooling-body-wash,body_wash,0.35061372880042113,0.526881475053655,0.0760859207041312,1.2602075837678313,2.786874833006798,2.964554996770841,17621.08220652238,SYNTHETIC_PROTOTYPE_DATA,False
kahf-brightening-cooling-body-wash-074,kahf-brightening-cooling-body-wash,body_wash,0.3351445893849018,0.07332999501874696,0.7502202548850027,1.1600382208832254,2.580794232057481,2.3562716157534696,31002.980878338298,SYNTHETIC_PROTOTYPE_DATA,False
kahf-brightening-cooling-body-wash-075,kahf-brightening-cooling-body-wash,body_wash,0.09213191729025515,0.6368228329463411,0.8053174116574414,1.4779271806330905,3.9767942355040296,3.6276106020626355,31939.946709988686,SYNTHETIC_PROTOTYPE_DATA,False
kahf-brightening-cooling-body-wash-076,kahf-brightening-cooling-body-wash,body_wash,0.4255012249862863,0.7067367568129966,0.3068656670417289,1.4341362726089106,3.598242725875668,3.6222059396222486,23541.05581544697,SYNTHETIC_PROTOTYPE_DATA,False
kahf-brightening-cooling-body-wash-077,kahf-brightening-cooling-body-wash,body_wash,0.8291264638610634,0.6924159275678332,0.8123878949146341,1.6011282897951318,4.51693316953256,4.273489526834731,37493.96729772313,SYNTHETIC_PROTOTYPE_DATA,False
kahf-brightening-cooling-body-wash-078,kahf-brightening-cooling-body-wash,body_wash,0.41700582574807965,0.053737349760417774,0.1641246551104827,1.046510014490646,1.9280040190463505,1.8325894010592192,18731.421420092323,SYNTHETIC_PROTOTYPE_DATA,False
kahf-brightening-cooling-body-wash-079,kahf-brightening-cooling-body-wash,body_wash,0.932974092524383,0.14876109235153007,0.9195701153417508,1.3190047408400225,3.368314649592203,2.8940497337847617,39424.49588326412,SYNTHETIC_PROTOTYPE_DATA,False
kahf-brightening-cooling-body-wash-080,kahf-brightening-cooling-body-wash,body_wash,0.4550658158674363,0.5464011472265725,0.1183728925990592,1.3172585445150822,2.929350108103381,3.0688363033502988,19041.19644770391,SYNTHETIC_PROTOTYPE_DATA,False
kahf-brightening-cooling-body-wash-081,kahf-brightening-cooling-body-wash,body_wash,0.319932643588749,0.29856258975985644,0.19710767947393446,1.1684874538259091,2.4372147866634455,2.3831878570592204,19430.936762949674,SYNTHETIC_PROTOTYPE_DATA,False
kahf-brightening-cooling-body-wash-082,kahf-brightening-cooling-body-wash,body_wash,0.4598077870972285,0.09794345467250515,0.8810006546817709,1.2126481850802784,2.911780580160644,2.502538749051927,34825.726617718465,SYNTHETIC_PROTOTYPE_DATA,False
kahf-brightening-cooling-body-wash-083,kahf-brightening-cooling-body-wash,body_wash,0.5363321031131626,0.7978846823353712,0.371500962404672,1.5153494731963617,3.904538263040153,3.969783178772659,25844.07090794482,SYNTHETIC_PROTOTYPE_DATA,False
kahf-brightening-cooling-body-wash-084,kahf-brightening-cooling-body-wash,body_wash,0.7222664540872097,0.3366723494765497,0.2081121662669418,1.2553547983010223,2.7477689359190545,2.771078028731182,21849.474296668766,SYNTHETIC_PROTOTYPE_DATA,False
kahf-brightening-cooling-body-wash-085,kahf-brightening-cooling-body-wash,body_wash,0.7256382072430744,0.22091153239317454,0.38744734169182016,1.2354368238669466,2.746856852535001,2.5595905134559875,25803.092788672813,SYNTHETIC_PROTOTYPE_DATA,False
kahf-brightening-cooling-body-wash-086,kahf-brightening-cooling-body-wash,body_wash,0.6964017227787908,0.4059612397722401,0.5755984907526117,1.3674447752683496,3.4314499480242655,3.2223344930555866,30303.003640054878,SYNTHETIC_PROTOTYPE_DATA,False
kahf-brightening-cooling-body-wash-087,kahf-brightening-cooling-body-wash,body_wash,0.8436416469745021,0.8935582466291229,0.30877021835961216,1.6196311315865395,4.25314474790124,4.5136025478599695,26323.35006334484,SYNTHETIC_PROTOTYPE_DATA,False
kahf-brightening-cooling-body-wash-088,kahf-brightening-cooling-body-wash,body_wash,0.4837278226407355,0.3979352111892497,0.09846689178333293,1.2236066670417973,2.656230361473753,2.723424357729942,18422.653727882847,SYNTHETIC_PROTOTYPE_DATA,False
kahf-brightening-cooling-body-wash-089,kahf-brightening-cooling-body-wash,body_wash,0.44695718878878204,0.3354615101348925,0.33386042322963433,1.23353044739854,2.7281462240821885,2.7169930093808956,23235.363372211683,SYNTHETIC_PROTOTYPE_DATA,False
kahf-brightening-cooling-body-wash-090,kahf-brightening-cooling-body-wash,body_wash,0.43350339189458686,0.5068748654329048,0.3904628380054331,1.3437755080944422,3.228349513113362,3.1827434367115788,24963.063894626444,SYNTHETIC_PROTOTYPE_DATA,False
kahf-brightening-cooling-body-wash-091,kahf-brightening-cooling-body-wash,body_wash,0.436544433789023,0.6430189262870413,0.7758267572435403,1.5238868102485617,4.118870200328079,3.8815109197480737,33723.09530147992,SYNTHETIC_PROTOTYPE_DATA,False
kahf-brightening-cooling-body-wash-092,kahf-brightening-cooling-body-wash,body_wash,0.8982986291641949,0.3418208834560142,0.3943057389599224,1.3305506095951978,3.1150030441228784,2.9970221284153666,26961.70075161753,SYNTHETIC_PROTOTYPE_DATA,False
kahf-brightening-cooling-body-wash-093,kahf-brightening-cooling-body-wash,body_wash,0.8675136024785487,0.36662054371030817,0.9192412821392284,1.4498961310047807,3.827210921596263,3.450083389456781,39444.36672363053,SYNTHETIC_PROTOTYPE_DATA,False
kahf-brightening-cooling-body-wash-094,kahf-brightening-cooling-body-wash,body_wash,0.7365600246962578,0.8977927178122193,0.3831223179810137,1.6058231725082015,4.283481601424105,4.504349526719273,27430.46179189029,SYNTHETIC_PROTOTYPE_DATA,False
kahf-brightening-cooling-body-wash-095,kahf-brightening-cooling-body-wash,body_wash,0.7706027047286385,0.7171462820726654,0.39952501936964635,1.525508714406035,3.893836294970501,3.963716248700793,27702.339822124883,SYNTHETIC_PROTOTYPE_DATA,False
biodef-mint-green-tea-body-wash-000,biodef-mint-green-tea-body-wash,body_wash,0.44999999999999996,0.36,0.28125,1.2945124999999997,2.8646249999999993,2.6859,22242.25,SYNTHETIC_PROTOTYPE_DATA,False
biodef-mint-green-tea-body-wash-001,biodef-mint-green-tea-body-wash,body_wash,0.21412305017940383,0.4347032821218352,0.1328353838282275,1.2633422136509553,2.696498413819226,2.627189353059512,17979.595094375363,SYNTHETIC_PROTOTYPE_DATA,False
biodef-mint-green-tea-body-wash-002,biodef-mint-green-tea-body-wash,body_wash,0.7786090427414165,0.8204838386271663,0.7160897897444305,1.710247898208981,4.721160211868567,4.4837065019659414,35299.92249278095,SYNTHETIC_PROTOTYPE_DATA,False
biodef-mint-green-tea-body-wash-003,biodef-mint-green-tea-body-wash,body_wash,0.4887067956296033,0.09621229162400322,0.7631689080523099,1.2524336401665372,2.8970079304337553,2.3713489266047243,32569.31685690444,SYNTHETIC_PROTOTYPE_DATA,False
biodef-mint-green-tea-body-wash-004,biodef-mint-green-tea-body-wash,body_wash,0.10828742976274511,0.13162525158825084,0.7678369808695517,1.2149205219857502,2.75827565102969,2.3304525237139506,30045.433874991882,SYNTHETIC_PROTOTYPE_DATA,False
biodef-mint-green-tea-body-wash-005,biodef-mint-green-tea-body-wash,body_wash,0.8126642989130719,0.22037369324645278,0.29744606856293904,1.2854821410647632,2.8054449516877966,2.5441770038918667,24075.55695208439,SYNTHETIC_PROTOTYPE_DATA,False
biodef-mint-green-tea-body-wash-006,biodef-mint-green-tea-body-wash,body_wash,0.7026093826299888,0.7038824270849378,0.09524378232972242,1.4810987225998544,3.4460985421074284,3.603842270867081,20103.60911030229,SYNTHETIC_PROTOTYPE_DATA,False
biodef-mint-green-tea-body-wash-007,biodef-mint-green-tea-body-wash,body_wash,0.30152867187894655,0.04121695883789862,0.37805522704734545,1.1136485636401388,2.1912845829324916,1.8321301881651535,22773.841658748785,SYNTHETIC_PROTOTYPE_DATA,False
biodef-mint-green-tea-body-wash-008,biodef-mint-green-tea-body-wash,body_wash,0.3390295289406509,0.694263785863537,0.5102314758529994,1.5161078532208836,3.8670845480786684,3.690397865656972,27500.211960624438,SYNTHETIC_PROTOTYPE_DATA,False
biodef-mint-green-tea-body-wash-009,biodef-mint-green-tea-body-wash,body_wash,0.2842399493116447,0.05891215082881039,0.9082267387287765,1.22675370924639,2.859927646044781,2.2994925063999183,34067.80181763778,SYNTHETIC_PROTOTYPE_DATA,False
biodef-mint-green-tea-body-wash-010,biodef-mint-green-tea-body-wash,body_wash,0.5607823888996115,0.5499755435979613,0.6908378426986906,1.5130900384929655,3.90173644606304,3.5746947874161092,32574.04435446093,SYNTHETIC_PROTOTYPE_DATA,False
biodef-mint-green-tea-body-wash-011,biodef-mint-green-tea-body-wash,body_wash,0.2553291817283472,0.8075094477885562,0.13409795599586352,1.4599140892543208,3.486687781270209,3.5805897742751123,19174.410466077657,SYNTHETIC_PROTOTYPE_DATA,False
biodef-mint-green-tea-body-wash-012,biodef-mint-green-tea-body-wash,body_wash,0.2755142887250796,0.3908635654400249,0.1301107222421968,1.2467717098355113,2.670926785617226,2.6042315022336937,18149.18486734919,SYNTHETIC_PROTOTYPE_DATA,False
biodef-mint-green-tea-body-wash-013,biodef-mint-green-tea-body-wash,body_wash,0.5466362333122483,0.8554860884545167,0.4547581518347904,1.6428293222335666,4.284652486063438,4.21692411049351,27931.01876859684,SYNTHETIC_PROTOTYPE_DATA,False
biodef-mint-green-tea-body-wash-014,biodef-mint-green-tea-body-wash,body_wash,0.5079838635007545,0.8275946871117935,0.8132345548033101,1.6994980346307345,4.797153018304356,4.4249520082907985,35701.28506975499,SYNTHETIC_PROTOTYPE_DATA,False
biodef-mint-green-tea-body-wash-015,biodef-mint-green-tea-body-wash,body_wash,0.44385036455502436,0.3307058806669795,0.29948680782674547,1.2803744532623327,2.819449383756281,2.6132422100343673,22514.81526662781,SYNTHETIC_PROTOTYPE_DATA,False
biodef-mint-green-tea-body-wash-016,biodef-mint-green-tea-body-wash,body_wash,0.45242936133625145,0.29704098248698235,0.7288993377993968,1.3584884315788874,3.3499401314766764,2.9000189465514943,31998.571128724532,SYNTHETIC_PROTOTYPE_DATA,False
biodef-mint-green-tea-body-wash-017,biodef-mint-green-tea-body-wash,body_wash,0.4488297702480728,0.539396530963343,0.43832688828077837,1.4280495298089866,3.503029325029628,3.268843060259985,26238.04542867975,SYNTHETIC_PROTOTYPE_DATA,False
biodef-mint-green-tea-body-wash-018,biodef-mint-green-tea-body-wash,body_wash,0.5379462263831049,0.6341682414406293,0.11339948065950409,1.4258426399227646,3.2512418458174066,3.3642637565326594,19664.772950212915,SYNTHETIC_PROTOTYPE_DATA,False
biodef-mint-green-tea-body-wash-019,biodef-mint-green-tea-body-wash,body_wash,0.4370946527243002,0.37205969745365536,0.6673454379331963,1.3831282973884285,3.410877886838147,2.9925766507202094,30736.567510205175,SYNTHETIC_PROTOTYPE_DATA,False
biodef-mint-green-tea-body-wash-020,biodef-mint-green-tea-body-wash,body_wash,0.6490469367988895,0.7101454140669388,0.7477603352450769,1.621682857441533,4.447268331864595,4.079927543275328,34942.63283409168,SYNTHETIC_PROTOTYPE_DATA,False
biodef-mint-green-tea-body-wash-021,biodef-mint-green-tea-body-wash,body_wash,0.7001587306900499,0.344813355084787,0.5275986949546996,1.3874440009694187,3.3547091699824585,2.9410998880791217,29268.555440952856,SYNTHETIC_PROTOTYPE_DATA,False
biodef-mint-green-tea-body-wash-022,biodef-mint-green-tea-body-wash,body_wash,0.47868762537410564,0.2005990059394271,0.17712848206821477,1.1962743956361508,2.389148877441432,2.1865804002374385,19616.681918794802,SYNTHETIC_PROTOTYPE_DATA,False
biodef-mint-green-tea-body-wash-023,biodef-mint-green-tea-body-wash,body_wash,0.1736113570115435,0.791666189789569,0.908511010350568,1.6602798055065233,4.680114524159704,4.113372219569351,35096.76264733594,SYNTHETIC_PROTOTYPE_DATA,False
biodef-mint-green-tea-body-wash-024,biodef-mint-green-tea-body-wash,body_wash,0.7339455289310441,0.19157990986871568,0.8799338964163875,1.3712481762149558,3.450973471212571,2.839840247298039,37155.81219462798,SYNTHETIC_PROTOTYPE_DATA,False
biodef-mint-green-tea-body-wash-025,biodef-mint-green-tea-body-wash,body_wash,0.4226578451822129,0.7236830576548927,0.2664787974009968,1.489212701862763,3.6856172694825724,3.6215992345860357,22745.810020817513,SYNTHETIC_PROTOTYPE_DATA,False
biodef-mint-green-tea-body-wash-026,biodef-mint-green-tea-body-wash,body_wash,0.18501839382695662,0.052884523813482964,0.8605997016534778,1.1963096677465002,2.75235067185201,2.2413487232637817,32317.03989849598,SYNTHETIC_PROTOTYPE_DATA,False
biodef-mint-green-tea-body-wash-027,biodef-mint-green-tea-body-wash,body_wash,0.3430633591340932,0.1819868808661822,0.9525286979881495,1.3155168027883926,3.1845701020581116,2.7170705050845045,35837.68247130584,SYNTHETIC_PROTOTYPE_DATA,False
biodef-mint-green-tea-body-wash-028,biodef-mint-green-tea-body-wash,body_wash,0.07751948506800077,0.43450352986467666,0.8819824657094659,1.402516051609182,3.673861554680994,3.1393087852237533,33013.12573862011,SYNTHETIC_PROTOTYPE_DATA,False
biodef-mint-green-tea-body-wash-029,biodef-mint-green-tea-body-wash,body_wash,0.26326632741561823,0.6767939928397166,0.799354112789096,1.5719042184130685,4.268642748484832,3.8216725724614484,33169.462477797526,SYNTHETIC_PROTOTYPE_DATA,False
biodef-mint-green-tea-body-wash-030,biodef-mint-green-tea-body-wash,body_wash,0.2927230606568071,0.592964560384473,0.7971371986383041,1.5326888197247495,4.072234933783526,3.6098933743830854,33086.47084856618,SYNTHETIC_PROTOTYPE_DATA,False
biodef-mint-green-tea-body-wash-031,biodef-mint-green-tea-body-wash,body_wash,0.22327856623134992,0.30839644108314196,0.41465193590314897,1.256909545605365,2.768632664710557,2.560177522009603,23812.023525253226,SYNTHETIC_PROTOTYPE_DATA,False
biodef-mint-green-tea-body-wash-032,biodef-mint-green-tea-body-wash,body_wash,0.7660419282829476,0.8859204747736884,0.33210999800237395,1.6406172242051427,4.281375435028916,4.375579016257779,26591.89501073574,SYNTHETIC_PROTOTYPE_DATA,False
biodef-mint-green-tea-body-wash-033,biodef-mint-green-tea-body-wash,body_wash,0.4158955520504817,0.9529103744013263,0.6471208469077676,1.7125513596434454,4.767999585035719,4.511156238405596,31585.825627579823,SYNTHETIC_PROTOTYPE_DATA,False
biodef-mint-green-tea-body-wash-034,biodef-mint-green-tea-body-wash,body_wash,0.08063306513334881,0.6147009388842807,0.1431685910197872,1.32870982353307,3.0481645644858393,3.0173895802140036,18068.55336680876,SYNTHETIC_PROTOTYPE_DATA,False
biodef-mint-green-tea-body-wash-035,biodef-mint-green-tea-body-wash,body_wash,0.5297549384992166,0.48745521161858796,0.23585727724264546,1.3648275683850999,3.157659907294189,3.0147867799318666,21873.592827536926,SYNTHETIC_PROTOTYPE_DATA,False
biodef-mint-green-tea-body-wash-036,biodef-mint-green-tea-body-wash,body_wash,0.5286707502695618,0.8433553784601125,0.22190064631338435,1.5648195338665989,3.8433968912409275,3.9604247172261546,22482.6061189309,SYNTHETIC_PROTOTYPE_DATA,False
biodef-mint-green-tea-body-wash-037,biodef-mint-green-tea-body-wash,body_wash,0.897185665918354,0.69465531578354,0.6282615715615861,1.6218002284501292,4.369180022942449,4.185552815466756,33661.08761355653,SYNTHETIC_PROTOTYPE_DATA,False
biodef-mint-green-tea-body-wash-038,biodef-mint-green-tea-body-wash,body_wash,0.380308686797589,0.16080946276297592,0.06656225050558447,1.1269115769026978,2.116837034484243,1.9457815653573869,16667.87038780005,SYNTHETIC_PROTOTYPE_DATA,False
biodef-mint-green-tea-body-wash-039,biodef-mint-green-tea-body-wash,body_wash,0.6612538341936539,0.6219975010947083,0.7820115785269677,1.5901526320326913,4.285397473914773,3.9473941091111175,35460.505015594805,SYNTHETIC_PROTOTYPE_DATA,False
biodef-mint-green-tea-body-wash-040,biodef-mint-green-tea-body-wash,body_wash,0.34842243477662116,0.9140932033003091,0.8652133866418095,1.7417195443630469,4.994580910558419,4.517974706478458,35822.113371160274,SYNTHETIC_PROTOTYPE_DATA,False
biodef-mint-green-tea-body-wash-041,biodef-mint-green-tea-body-wash,body_wash,0.47024826392129354,0.9475907642369632,0.28664769917848826,1.6221919153459665,4.168042132023562,4.271257233565098,24006.08510200913,SYNTHETIC_PROTOTYPE_DATA,False
biodef-mint-green-tea-body-wash-042,biodef-mint-green-tea-body-wash,body_wash,0.4143175393212482,0.1669474655831619,0.3008866134632709,1.1843537469518917,2.4388458555963197,2.1482486876087714,21891.67327385775,SYNTHETIC_PROTOTYPE_DATA,False
biodef-mint-green-tea-body-wash-043,biodef-mint-green-tea-body-wash,body_wash,0.3228326426152514,0.5913044595438118,0.45048229491817565,1.4357988052516455,3.61572405749783,3.30872381526216,25794.64751012597,SYNTHETIC_PROTOTYPE_DATA,False
biodef-mint-green-tea-body-wash-044,biodef-mint-green-tea-body-wash,body_wash,0.672163877164006,0.8260523543437563,0.16573810816565593,1.5490852412149851,3.7909204168746173,4.005180368886949,22020.71784795155,SYNTHETIC_PROTOTYPE_DATA,False
biodef-mint-green-tea-body-wash-045,biodef-mint-green-tea-body-wash,body_wash,0.6476826396653952,0.7304675479678671,0.22516541835254306,1.5227134877824609,3.701642335149865,3.726563553477091,22885.012145014312,SYNTHETIC_PROTOTYPE_DATA,False
biodef-mint-green-tea-body-wash-046,biodef-mint-green-tea-body-wash,body_wash,0.9093751763253909,0.3368505787300219,0.23274553365141024,1.348013783438236,2.950893951795071,2.7858530194170648,23362.003302681536,SYNTHETIC_PROTOTYPE_DATA,False
biodef-mint-green-tea-body-wash-047,biodef-mint-green-tea-body-wash,body_wash,0.08195334070414596,0.7676773934231963,0.07686291676689355,1.4036772474500672,3.2838666075130694,3.3581292219759398,17090.806004574788,SYNTHETIC_PROTOTYPE_DATA,False
biodef-mint-green-tea-body-wash-048,biodef-mint-green-tea-body-wash,body_wash,0.6755078240929697,0.7833783913190243,0.4153982752095053,1.5977122792038219,4.156312743974788,4.047164336084947,27619.818660359866,SYNTHETIC_PROTOTYPE_DATA,False
biodef-mint-green-tea-body-wash-049,biodef-mint-green-tea-body-wash,body_wash,0.04165337504118471,0.10022818326882245,0.47849322600598376,1.122296416661129,2.3114861109773788,1.9340788331264136,23479.0548234445,SYNTHETIC_PROTOTYPE_DATA,False
biodef-mint-green-tea-body-wash-050,biodef-mint-green-tea-body-wash,body_wash,0.74664202610707,0.17471414785108388,0.12484840807466713,1.2123682653110477,2.449178701125075,2.243529913606706,19588.135795217302,SYNTHETIC_PROTOTYPE_DATA,False
biodef-mint-green-tea-body-wash-051,biodef-mint-green-tea-body-wash,body_wash,0.5026813589171731,0.687279662409284,0.08883147258371413,1.442971576671306,3.336179607920759,3.4220453853850032,19069.73998776926,SYNTHETIC_PROTOTYPE_DATA,False
biodef-mint-green-tea-body-wash-052,biodef-mint-green-tea-body-wash,body_wash,0.4959241872785614,0.8791921785025645,0.06361519597886188,1.5305623759547242,3.706516833383059,3.953504962740241,19079.128839139714,SYNTHETIC_PROTOTYPE_DATA,False
biodef-mint-green-tea-body-wash-053,biodef-mint-green-tea-body-wash,body_wash,0.1540865836875512,0.4326204674826962,0.419962810459859,1.3173181363618194,3.0259674547354067,2.8181027566747825,23805.098877948312,SYNTHETIC_PROTOTYPE_DATA,False
biodef-mint-green-tea-body-wash-054,biodef-mint-green-tea-body-wash,body_wash,0.7597477527463993,0.362778714473758,0.16873037785129757,1.3233918211675317,2.9233990939661116,2.750335124373091,21166.55617176072,SYNTHETIC_PROTOTYPE_DATA,False
biodef-mint-green-tea-body-wash-055,biodef-mint-green-tea-body-wash,body_wash,0.5976209680577754,0.8613665085621849,0.19140956979051316,1.567906928062125,3.9487470530348507,4.093063292902516,22247.488176955343,SYNTHETIC_PROTOTYPE_DATA,False
biodef-mint-green-tea-body-wash-056,biodef-mint-green-tea-body-wash,body_wash,0.574358466403097,0.2824093225264825,0.5995084347746146,1.3408793839834348,3.233922885639373,2.7957528919637045,29997.0993494953,SYNTHETIC_PROTOTYPE_DATA,False
biodef-mint-green-tea-body-wash-057,biodef-mint-green-tea-body-wash,body_wash,0.35988021955004723,0.7600292589290291,0.6285087130579711,1.600434801931925,4.227844239380419,3.9639952692484997,30309.222565046464,SYNTHETIC_PROTOTYPE_DATA,False
biodef-mint-green-tea-body-wash-058,biodef-mint-green-tea-body-wash,body_wash,0.35387767659125235,0.15181975178163193,0.87860963618072,1.2899693012602425,3.10866913243619,2.5814956622737517,34286.949801961826,SYNTHETIC_PROTOTYPE_DATA,False
biodef-mint-green-tea-body-wash-059,biodef-mint-green-tea-body-wash,body_wash,0.7428311563070895,0.7657219933634629,0.34744545523055104,1.5835846436342176,4.023117985461392,4.015932395645603,26350.437572334045,SYNTHETIC_PROTOTYPE_DATA,False
biodef-mint-green-tea-body-wash-060,biodef-mint-green-tea-body-wash,body_wash,0.46670864970352505,0.3720194193834266,0.9232051923416575,1.4430275853318464,3.76451297544636,3.2745172570342955,36662.15924505559,SYNTHETIC_PROTOTYPE_DATA,False
biodef-mint-green-tea-body-wash-061,biodef-mint-green-tea-body-wash,body_wash,0.4758244073562765,0.08852029370001535,0.2217790260592614,1.1360836364929687,2.1779757294723865,1.9564126794116934,20485.881578613797,SYNTHETIC_PROTOTYPE_DATA,False
biodef-mint-green-tea-body-wash-062,biodef-mint-green-tea-body-wash,body_wash,0.706913118771265,0.2763113952682071,0.2609978386446822,1.2855418739778344,2.770665371478508,2.5858639087556363,22913.837926467873,SYNTHETIC_PROTOTYPE_DATA,False
biodef-mint-green-tea-body-wash-063,biodef-mint-green-tea-body-wash,body_wash,0.6322726841220679,0.09235430368809315,0.20048888956642297,1.1616209242212079,2.2835366331447466,1.9847742287627825,20560.638998425497,SYNTHETIC_PROTOTYPE_DATA,False
biodef-mint-green-tea-body-wash-064,biodef-mint-green-tea-body-wash,body_wash,0.7113000263345227,0.41466904306491614,0.20025016060189316,1.3482825198804798,2.988410051050478,2.8736202168153024,21816.92340492467,SYNTHETIC_PROTOTYPE_DATA,False
biodef-mint-green-tea-body-wash-065,biodef-mint-green-tea-body-wash,body_wash,0.4133387078771066,0.8131625704020709,0.17973571976602754,1.5120481971849926,3.660472000423691,3.767554185477137,21044.509437823195,SYNTHETIC_PROTOTYPE_DATA,False
biodef-mint-green-tea-body-wash-066,biodef-mint-green-tea-body-wash,body_wash,0.4125296016943681,0.9272676787283314,0.1822442920193205,1.578305425832123,3.9229956492213227,4.081753587532349,21344.38545705118,SYNTHETIC_PROTOTYPE_DATA,False
biodef-mint-green-tea-body-wash-067,biodef-mint-green-tea-body-wash,body_wash,0.833438987231588,0.24705634538340054,0.6522036602796658,1.3712245846219728,3.316123278104159,2.8277954591183248,32710.03476706477,SYNTHETIC_PROTOTYPE_DATA,False
biodef-mint-green-tea-body-wash-068,biodef-mint-green-tea-body-wash,body_wash,0.883961434985491,0.11262923976101682,0.884744869316992,1.3378476218038307,3.2849561949928368,2.6520205408503896,38353.881283872615,SYNTHETIC_PROTOTYPE_DATA,False
biodef-mint-green-tea-body-wash-069,biodef-mint-green-tea-body-wash,body_wash,0.27639997634404634,0.13045511189509107,0.10088783647663388,1.0989743763175037,2.0584280190718554,1.8780103302844349,16819.99370869488,SYNTHETIC_PROTOTYPE_DATA,False
biodef-mint-green-tea-body-wash-070,biodef-mint-green-tea-body-wash,body_wash,0.7243774350287306,0.1794803563621396,0.290722477829833,1.2506015617102761,2.659186201203393,2.302540654433143,23370.70627733979,SYNTHETIC_PROTOTYPE_DATA,False
biodef-mint-green-tea-body-wash-071,biodef-mint-green-tea-body-wash,body_wash,0.2812597313237364,0.7760519999661956,0.3194297541448737,1.5070948011895207,3.7167867400176458,3.728815427237822,23230.254591977962,SYNTHETIC_PROTOTYPE_DATA,False
biodef-mint-green-tea-body-wash-072,biodef-mint-green-tea-body-wash,body_wash,0.9044975389536003,0.20210667183803513,0.16854175296439952,1.2573660049998288,2.7019875733780383,2.390261490896391,21536.756113121097,SYNTHETIC_PROTOTYPE_DATA,False
biodef-mint-green-tea-body-wash-073,biodef-mint-green-tea-body-wash,body_wash,0.7752120863489999,0.4916625983525129,0.8435538170681086,1.5424575185175036,4.151805851210448,3.652082704902508,37393.74936101119,SYNTHETIC_PROTOTYPE_DATA,False
biodef-mint-green-tea-body-wash-074,biodef-mint-green-tea-body-wash,body_wash,0.9108479580039466,0.39055570087916347,0.3004833778381734,1.3909152137115286,3.1809245382280356,3.0578864944829167,25278.275755887527,SYNTHETIC_PROTOTYPE_DATA,False
biodef-mint-green-tea-body-wash-075,biodef-mint-green-tea-body-wash,body_wash,0.6833351160417546,0.5675027601142907,0.5247813199436638,1.5057607613043955,3.793761413624588,3.6014500283224975,29628.471998530425,SYNTHETIC_PROTOTYPE_DATA,False
biodef-mint-green-tea-body-wash-076,biodef-mint-green-tea-body-wash,body_wash,0.2585322158106056,0.6358032497467309,0.29839562929725805,1.4123659361737673,3.4206481737756795,3.3077312487789285,22196.100907682507,SYNTHETIC_PROTOTYPE_DATA,False
biodef-mint-green-tea-body-wash-077,biodef-mint-green-tea-body-wash,body_wash,0.8362044556747216,0.704779480076435,0.8426409650223083,1.6874483310421764,4.7298372603192655,4.313838845051794,38388.168209433956,SYNTHETIC_PROTOTYPE_DATA,False
biodef-mint-green-tea-body-wash-078,biodef-mint-green-tea-body-wash,body_wash,0.2723455740269776,0.5119370459418697,0.35191484996653705,1.3693574830596174,3.1999533745867317,3.095772528133354,23162.11184249474,SYNTHETIC_PROTOTYPE_DATA,False
biodef-mint-green-tea-body-wash-079,biodef-mint-green-tea-body-wash,body_wash,0.26080375592696664,0.6466679588817532,0.8931499396915746,1.568955685109035,4.310963468626515,3.8012110877399476,35062.80113735917,SYNTHETIC_PROTOTYPE_DATA,False
biodef-mint-green-tea-body-wash-080,biodef-mint-green-tea-body-wash,body_wash,0.215433088194768,0.7244943001636925,0.6888952395353769,1.5574844136236836,4.203779889907755,3.815833723922457,30732.84967546516,SYNTHETIC_PROTOTYPE_DATA,False
biodef-mint-green-tea-body-wash-081,biodef-mint-green-tea-body-wash,body_wash,0.8280124625438908,0.13457941871200724,0.5796784136878778,1.289678448852805,2.9249635341388185,2.493962049138457,30738.68350072587,SYNTHETIC_PROTOTYPE_DATA,False
biodef-mint-green-tea-body-wash-082,biodef-mint-green-tea-body-wash,body_wash,0.28186781356440727,0.5944628487313748,0.3644239781072036,1.4145810013637186,3.420330034342236,3.299197288050518,23674.84914897319,SYNTHETIC_PROTOTYPE_DATA,False
biodef-mint-green-tea-body-wash-083,biodef-mint-green-tea-body-wash,body_wash,0.760128205333801,0.7896440494876459,0.8873511967469248,1.729255371203897,4.925068054411865,4.553618338613422,39014.39273227603,SYNTHETIC_PROTOTYPE_DATA,False
biodef-mint-green-tea-body-wash-084,biodef-mint-green-tea-body-wash,body_wash,0.29188677131909335,0.29118175669790985,0.6589017159328682,1.3144782577986833,3.103979434706874,2.7888698399363143,29349.229944531235,SYNTHETIC_PROTOTYPE_DATA,False
biodef-mint-green-tea-body-wash-085,biodef-mint-green-tea-body-wash,body_wash,0.4618263266022454,0.5473539693644397,0.11186862180015919,1.358782896674755,3.031213322497197,3.0364184119454505,19029.939147298737,SYNTHETIC_PROTOTYPE_DATA,False
biodef-mint-green-tea-body-wash-086,biodef-mint-green-tea-body-wash,body_wash,0.42566813405513293,0.4748733431595533,0.6152545072002336,1.4344326287970346,3.547535352689472,3.276257976684188,29776.88380348424,SYNTHETIC_PROTOTYPE_DATA,False
biodef-mint-green-tea-body-wash-087,biodef-mint-green-tea-body-wash,body_wash,0.9534135563602736,0.09258169687797893,0.3644796418811421,1.2548318387268382,2.609886352664887,2.2890075677373334,26144.69565133226,SYNTHETIC_PROTOTYPE_DATA,False
biodef-mint-green-tea-body-wash-088,biodef-mint-green-tea-body-wash,body_wash,0.3163099424251922,0.6394061639496335,0.8381313111601187,1.5645494834337723,4.209047923670491,3.738693554062094,34206.259563610016,SYNTHETIC_PROTOTYPE_DATA,False
biodef-mint-green-tea-body-wash-089,biodef-mint-green-tea-body-wash,body_wash,0.7452143441960897,0.3240498864219364,0.20442130091532773,1.3091302655953516,2.811640493566824,2.6880653490367648,21939.161339454055,SYNTHETIC_PROTOTYPE_DATA,False
biodef-mint-green-tea-body-wash-090,biodef-mint-green-tea-body-wash,body_wash,0.6623619909502109,0.1767373002500834,0.7216112045290708,1.3216427220988027,3.1168537284837003,2.698616020557222,32974.29091633103,SYNTHETIC_PROTOTYPE_DATA,False
biodef-mint-green-tea-body-wash-091,biodef-mint-green-tea-body-wash,body_wash,0.06823231925380466,0.6015566211771218,0.9318770288524584,1.5198927405980744,4.166188682441026,3.5872523101669516,34417.37117371607,SYNTHETIC_PROTOTYPE_DATA,False
biodef-mint-green-tea-body-wash-092,biodef-mint-green-tea-body-wash,body_wash,0.15062151606235114,0.26478390303817617,0.7337597959246107,1.279741415384782,3.073429494780649,2.6460131068251567,29916.37767367651,SYNTHETIC_PROTOTYPE_DATA,False
biodef-mint-green-tea-body-wash-093,biodef-mint-green-tea-body-wash,body_wash,0.6044897913712401,0.31095588124994555,0.7299863112472481,1.3819341003762036,3.452049617633864,3.015618931245072,33010.427571527034,SYNTHETIC_PROTOTYPE_DATA,False
biodef-mint-green-tea-body-wash-094,biodef-mint-green-tea-body-wash,body_wash,0.4251151072049963,0.7828545604474708,0.8699813947807259,1.6794428679161157,4.702411309093826,4.276168500260852,36222.552125550224,SYNTHETIC_PROTOTYPE_DATA,False
biodef-mint-green-tea-body-wash-095,biodef-mint-green-tea-body-wash,body_wash,0.07385579015725133,0.7307709981686894,0.18157123136474093,1.4152782500778862,3.3105732364316327,3.3447295483389503,19054.41882718033,SYNTHETIC_PROTOTYPE_DATA,False
wardah-colorfit-matte-foundation-000,wardah-colorfit-matte-foundation,foundation,0.56,0.4444444444444444,0.4,1.355728888888889,3.256888888888889,3.188688888888889,26483.955555555556,SYNTHETIC_PROTOTYPE_DATA,False
wardah-colorfit-matte-foundation-001,wardah-colorfit-matte-foundation,foundation,0.21556369794818087,0.10449977481019379,0.6169772123643139,1.1528094662096793,2.5677418335716875,2.3010962979358753,28195.809167736028,SYNTHETIC_PROTOTYPE_DATA,False
wardah-colorfit-matte-foundation-002,wardah-colorfit-matte-foundation,foundation,0.11398150369901447,0.586413260987943,0.294086732220489,1.3414066733358823,3.230274233468299,3.183080789347953,22159.604264011414,SYNTHETIC_PROTOTYPE_DATA,False
wardah-colorfit-matte-foundation-003,wardah-colorfit-matte-foundation,foundation,0.8616382334665053,0.12601706049200734,0.1830012083606431,1.1827202661517915,2.3971034218410527,2.3112286402350803,22227.729352319195,SYNTHETIC_PROTOTYPE_DATA,False
wardah-colorfit-matte-foundation-004,wardah-colorfit-matte-foundation,foundation,0.5470900841619423,0.10536439387887425,0.3696926783976217,1.1570909590354372,2.464482564588085,2.2844272257072338,24813.547525133527,SYNTHETIC_PROTOTYPE_DATA,False
wardah-colorfit-matte-foundation-005,wardah-colorfit-matte-foundation,foundation,0.9233595695942091,0.575425390201659,0.24153416492850122,1.4527790546451853,3.465597032479075,3.6242628170009032,25005.165794372773,SYNTHETIC_PROTOTYPE_DATA,False
wardah-colorfit-matte-foundation-006,wardah-colorfit-matte-foundation,foundation,0.36014641365991634,0.14137105072115638,0.2594111103878842,1.1355062092226744,2.2910968235772313,2.1567750715337874,21344.909587369613,SYNTHETIC_PROTOTYPE_DATA,False
wardah-colorfit-matte-foundation-007,wardah-colorfit-matte-foundation,foundation,0.21082345674191671,0.28908467617061295,0.23740985628046532,1.178210301572394,2.4872919877479487,2.4557354905991122,20596.238242027706,SYNTHETIC_PROTOTYPE_DATA,False
wardah-colorfit-matte-foundation-008,wardah-colorfit-matte-foundation,foundation,0.3975762587074994,0.7348195529629751,0.5363586349859251,1.5228549733309296,4.072779197452545,3.9742734156815755,29339.218874105205,SYNTHETIC_PROTOTYPE_DATA,False
wardah-colorfit-matte-foundation-009,wardah-colorfit-matte-foundation,foundation,0.3826655541473505,0.7150177279948241,0.8659253391419032,1.5942787196441537,4.476889955774308,4.157314576440296,36328.18221239609,SYNTHETIC_PROTOTYPE_DATA,False
wardah-colorfit-matte-foundation-010,wardah-colorfit-matte-foundation,foundation,0.6315135861007265,0.5080927278817904,0.15163569743110064,1.3477101531371922,3.1187954824259005,3.2546251639513426,21426.08556252881,SYNTHETIC_PROTOTYPE_DATA,False
wardah-colorfit-matte-foundation-011,wardah-colorfit-matte-foundation,foundation,0.7027984861035262,0.46050249778620644,0.1700228654750279,1.3344132107296525,3.005291060796523,3.1064197595892122,22039.894039213163,SYNTHETIC_PROTOTYPE_DATA,False
wardah-colorfit-matte-foundation-012,wardah-colorfit-matte-foundation,foundation,0.11313173348299874,0.6400142170938645,0.5525663790146806,1.431441249835904,3.670219654372222,3.541574760860456,27615.21414694911,SYNTHETIC_PROTOTYPE_DATA,False
wardah-colorfit-matte-foundation-013,wardah-colorfit-matte-foundation,foundation,0.3415404316874678,0.06925669935706728,0.463896235971662,1.1210791765212502,2.358415238610512,2.1574260322081016,25554.350287853023,SYNTHETIC_PROTOTYPE_DATA,False
wardah-colorfit-matte-foundation-014,wardah-colorfit-matte-foundation,foundation,0.59345433225508,0.7260958826493364,0.2765174643307056,1.4899676879916517,3.7053347901027456,3.909123987783379,24606.85534684634,SYNTHETIC_PROTOTYPE_DATA,False
wardah-colorfit-matte-foundation-015,wardah-colorfit-matte-foundation,foundation,0.3527738422559939,0.8625893149319367,0.8797749602193254,1.6861609879613075,4.850045529693686,4.544659653495637,36909.77213309165,SYNTHETIC_PROTOTYPE_DATA,False
wardah-colorfit-matte-foundation-016,wardah-colorfit-matte-foundation,foundation,0.33066860680326055,0.8154825340398835,0.6133359925367963,1.5841542990403648,4.287288397654867,4.1404560561706605,30875.867828917955,SYNTHETIC_PROTOTYPE_DATA,False
wardah-colorfit-matte-foundation-017,wardah-colorfit-matte-foundation,foundation,0.10047779766758252,0.10022274209780405,0.38353558352907974,1.0727834759857142,2.1996736502936596,2.114817989447957,22598.41396255012,SYNTHETIC_PROTOTYPE_DATA,False
wardah-colorfit-matte-foundation-018,wardah-colorfit-matte-foundation,foundation,0.4538632894718879,0.13685184480199777,0.6666835357608605,1.2185372098340372,2.812545923181361,2.4757783691618664,30947.18465586296,SYNTHETIC_PROTOTYPE_DATA,False
wardah-colorfit-matte-foundation-019,wardah-colorfit-matte-foundation,foundation,0.9167443684098605,0.8738850662859377,0.8975390176321522,1.787166688036135,5.2617673017667626,5.051833781467782,41443.14621865613,SYNTHETIC_PROTOTYPE_DATA,False
wardah-colorfit-matte-foundation-020,wardah-colorfit-matte-foundation,foundation,0.32778520392237953,0.2849418640020206,0.6390960975548576,1.2654184999451181,3.0669148424900916,2.8121202982538196,30021.19736656192,SYNTHETIC_PROTOTYPE_DATA,False
wardah-colorfit-matte-foundation-021,wardah-colorfit-matte-foundation,foundation,0.6853477327811228,0.17269086857691607,0.6557984189854121,1.268358812533992,3.031974407892262,2.71182805127565,32324.16334328825,SYNTHETIC_PROTOTYPE_DATA,False
wardah-colorfit-matte-foundation-022,wardah-colorfit-matte-foundation,foundation,0.5198148113396525,0.07521307140808972,0.5059940308770987,1.1764793863890322,2.5332563230803724,2.2964907935691676,27682.710879353555,SYNTHETIC_PROTOTYPE_DATA,False
wardah-colorfit-matte-foundation-023,wardah-colorfit-matte-foundation,foundation,0.37883774448943297,0.623997149144293,0.5551530032870032,1.4676342859185163,3.803221694804277,3.6704205612069942,29237.725004731274,SYNTHETIC_PROTOTYPE_DATA,False
wardah-colorfit-matte-foundation-024,wardah-colorfit-matte-foundation,foundation,0.34038253707672134,0.9269503064309851,0.7207163040012953,1.6807150630396641,4.776319089853817,4.6275446863068,33392.67283652815,SYNTHETIC_PROTOTYPE_DATA,False
wardah-colorfit-matte-foundation-025,wardah-colorfit-matte-foundation,foundation,0.3707373376561048,0.7392769650796535,0.8393392449293178,1.5944219544393763,4.552291198323705,4.187502491111714,35858.58765392884,SYNTHETIC_PROTOTYPE_DATA,False
wardah-colorfit-matte-foundation-026,wardah-colorfit-matte-foundation,foundation,0.5145620940450553,0.09134723821155152,0.47332126423438203,1.1644733204898847,2.544759331671576,2.209169627802896,27070.254439380158,SYNTHETIC_PROTOTYPE_DATA,False
wardah-colorfit-matte-foundation-027,wardah-colorfit-matte-foundation,foundation,0.543300359521102,0.14715001000499608,0.45823722675769357,1.201460651969019,2.649435872250363,2.3957484376285554,26942.332152822553,SYNTHETIC_PROTOTYPE_DATA,False
wardah-colorfit-matte-foundation-028,wardah-colorfit-matte-foundation,foundation,0.6723248435758966,0.3165290351640064,0.3281208624930028,1.2882760271352947,2.966733898709878,2.8655215033776535,25145.63671825713,SYNTHETIC_PROTOTYPE_DATA,False
wardah-colorfit-matte-foundation-029,wardah-colorfit-matte-foundation,foundation,0.5216148375449124,0.6099216181533627,0.750047136657181,1.5189352487115617,4.148057611717769,3.877847028505628,34569.01210058226,SYNTHETIC_PROTOTYPE_DATA,False
wardah-colorfit-matte-foundation-030,wardah-colorfit-matte-foundation,foundation,0.06253085812398129,0.3045235764553858,0.25114502127247074,1.15987922319756,2.4284063039897914,2.428789942668979,20236.016950065627,SYNTHETIC_PROTOTYPE_DATA,False
wardah-colorfit-matte-foundation-031,wardah-colorfit-matte-foundation,foundation,0.6580529128667425,0.6195530742533238,0.4241573789939556,1.4691847708906451,3.7111401305431566,3.7466211314672275,27912.614939130555,SYNTHETIC_PROTOTYPE_DATA,False
wardah-colorfit-matte-foundation-032,wardah-colorfit-matte-foundation,foundation,0.5724982700830267,0.37382786609779634,0.10116250918319768,1.2572888003555607,2.6754854835600885,2.7680765409934804,19546.21863571086,SYNTHETIC_PROTOTYPE_DATA,False
wardah-colorfit-matte-foundation-033,wardah-colorfit-matte-foundation,foundation,0.19024388914963816,0.8203952342344126,0.6727951990948247,1.585734468253996,4.37380778239742,4.156006585757897,31153.48915943041,SYNTHETIC_PROTOTYPE_DATA,False
wardah-colorfit-matte-foundation-034,wardah-colorfit-matte-foundation,foundation,0.8665591690049029,0.6751767349164276,0.3386330423956228,1.5241908933968593,3.834900404431576,4.0086470399898015,27253.068084819955,SYNTHETIC_PROTOTYPE_DATA,False
wardah-colorfit-matte-foundation-035,wardah-colorfit-matte-foundation,foundation,0.1318579968242501,0.673828188781887,0.33004206807731273,1.399049709868645,3.4396118433720577,3.4812096667100345,23220.65287573468,SYNTHETIC_PROTOTYPE_DATA,False
wardah-colorfit-matte-foundation-036,wardah-colorfit-matte-foundation,foundation,0.8350089606757645,0.34775626001721527,0.8901559971790243,1.4518196044730423,3.87185389036131,3.47149303718244,39337.1771476317,SYNTHETIC_PROTOTYPE_DATA,False
wardah-colorfit-matte-foundation-037,wardah-colorfit-matte-foundation,foundation,0.4830333796886521,0.8328712530744072,0.43933479253435437,1.5695837719555765,4.161283134447384,4.196770974865413,27944.595558454228,SYNTHETIC_PROTOTYPE_DATA,False
wardah-colorfit-matte-foundation-038,wardah-colorfit-matte-foundation,foundation,0.9456102395779606,0.26459399246264714,0.3648150865251272,1.3095173270565728,3.0242279479279692,2.8380007853938367,27258.98454871216,SYNTHETIC_PROTOTYPE_DATA,False
wardah-colorfit-matte-foundation-039,wardah-colorfit-matte-foundation,foundation,0.09210958674801145,0.8762444380377403,0.6995995313623851,1.610528134625774,4.473700751926875,4.25968137453813,31206.757805779645,SYNTHETIC_PROTOTYPE_DATA,False
wardah-colorfit-matte-foundation-040,wardah-colorfit-matte-foundation,foundation,0.7104595967181023,0.09194866474846984,0.6179797559432775,1.221824901409554,2.779325781884356,2.402762396410768,31459.308537184803,SYNTHETIC_PROTOTYPE_DATA,False
wardah-colorfit-matte-foundation-041,wardah-colorfit-matte-foundation,foundation,0.7683401931052382,0.30953870162479763,0.49120769125300134,1.3358713109861153,3.165714495248295,2.972917653860615,29444.538748631025,SYNTHETIC_PROTOTYPE_DATA,False
wardah-colorfit-matte-foundation-042,wardah-colorfit-matte-foundation,foundation,0.7561841514977404,0.2027949293738778,0.7983496195497174,1.3230116332137822,3.282618245135428,2.9288525888690358,36160.738441685215,SYNTHETIC_PROTOTYPE_DATA,False
wardah-colorfit-matte-foundation-043,wardah-colorfit-matte-foundation,foundation,0.49174637454093867,0.6058859864763053,0.18101592975771674,1.3798809903652747,3.2731844900063147,3.4287363392361105,21476.64137742325,SYNTHETIC_PROTOTYPE_DATA,False
wardah-colorfit-matte-foundation-044,wardah-colorfit-matte-foundation,foundation,0.8844109684145488,0.7105259865609515,0.7477763433237291,1.6485418356168702,4.579889359310296,4.42365335763892,37347.25048863317,SYNTHETIC_PROTOTYPE_DATA,False
wardah-colorfit-matte-foundation-045,wardah-colorfit-matte-foundation,foundation,0.30625353088173196,0.6397826877579487,0.8970121873871528,1.5599682712703815,4.298821670556706,3.9584854558764553,36323.41305414036,SYNTHETIC_PROTOTYPE_DATA,False
wardah-colorfit-matte-foundation-046,wardah-colorfit-matte-foundation,foundation,0.7110486121248444,0.23090051843117898,0.3151370777509761,1.2497073164780947,2.7627204906803984,2.639409375959719,24729.399172296195,SYNTHETIC_PROTOTYPE_DATA,False
wardah-colorfit-matte-foundation-047,wardah-colorfit-matte-foundation,foundation,0.24053182827596725,0.4230173370355035,0.3310774772044231,1.2756886462011636,2.9531175374213645,2.903095299265096,23273.27097361593,SYNTHETIC_PROTOTYPE_DATA,False
wardah-colorfit-matte-foundation-048,wardah-colorfit-matte-foundation,foundation,0.48280852359383963,0.7727539957833149,0.8833690655462035,1.6518855045097895,4.733094031788904,4.3919618540127425,37617.37084498509,SYNTHETIC_PROTOTYPE_DATA,False
wardah-colorfit-matte-foundation-049,wardah-colorfit-matte-foundation,foundation,0.27501751040695976,0.0917399490064125,0.5399684445787918,1.1434401676458872,2.4639351104033276,2.242386792899937,26960.19985456585,SYNTHETIC_PROTOTYPE_DATA,False
wardah-colorfit-matte-foundation-050,wardah-colorfit-matte-foundation,foundation,0.06646748899503348,0.6970772551103853,0.3728481276720196,1.4191063337929106,3.4919241726161174,3.518069542838072,23825.932948726233,SYNTHETIC_PROTOTYPE_DATA,False
wardah-colorfit-matte-foundation-051,wardah-colorfit-matte-foundation,foundation,0.3471568015285083,0.19732787925481818,0.430136142806565,1.1919679932518938,2.6364884944571902,2.5193214851960937,25425.601999296417,SYNTHETIC_PROTOTYPE_DATA,False
wardah-colorfit-matte-foundation-052,wardah-colorfit-matte-foundation,foundation,0.27098716045355076,0.28394168480096327,0.6395273092895715,1.2707031151314134,3.091156457626385,2.8060166422409454,29610.616287048633,SYNTHETIC_PROTOTYPE_DATA,False
wardah-colorfit-matte-foundation-053,wardah-colorfit-matte-foundation,foundation,0.7010551697621386,0.1216212650167158,0.7026811505202928,1.255435955786499,2.963969750928159,2.5932382254019943,33500.02335880327,SYNTHETIC_PROTOTYPE_DATA,False
wardah-colorfit-matte-foundation-054,wardah-colorfit-matte-foundation,foundation,0.06795653656161628,0.09973103775065734,0.3969226485111076,1.0785056599169043,2.20579930005274,2.0297574792009234,22742.592009032218,SYNTHETIC_PROTOTYPE_DATA,False
wardah-colorfit-matte-foundation-055,wardah-colorfit-matte-foundation,foundation,0.26362368705618283,0.4087452996624586,0.7441661766555265,1.3615654332388696,3.491287541171402,3.1504169489210607,32176.31131145356,SYNTHETIC_PROTOTYPE_DATA,False
wardah-colorfit-matte-foundation-056,wardah-colorfit-matte-foundation,foundation,0.4091413156622509,0.584306440156614,0.8421046216778783,1.5149234561709288,4.129359425126014,3.8089526668594043,35741.361812737356,SYNTHETIC_PROTOTYPE_DATA,False
wardah-colorfit-matte-foundation-057,wardah-colorfit-matte-foundation,foundation,0.24915570201463474,0.4725552657560957,0.16102972970957538,1.2568134181015165,2.804824768282264,2.9066751847976495,19681.79402926585,SYNTHETIC_PROTOTYPE_DATA,False
wardah-colorfit-matte-foundation-058,wardah-colorfit-matte-foundation,foundation,0.5145289461859539,0.45909618493524923,0.63563174654852,1.4039259527879004,3.5948974689481914,3.45963458048641,31626.56314150482,SYNTHETIC_PROTOTYPE_DATA,False
wardah-colorfit-matte-foundation-059,wardah-colorfit-matte-foundation,foundation,0.6300966268286164,0.7975018970156736,0.6234056013038329,1.6224557907008366,4.454679435786944,4.392166963701281,32726.14541634179,SYNTHETIC_PROTOTYPE_DATA,False
wardah-colorfit-matte-foundation-060,wardah-colorfit-matte-foundation,foundation,0.6712444451480242,0.09461536878639487,0.7285932377944877,1.2493179892294741,2.879665983342118,2.5162209305917274,33575.435804110566,SYNTHETIC_PROTOTYPE_DATA,False
wardah-colorfit-matte-foundation-061,wardah-colorfit-matte-foundation,foundation,0.9284510729730235,0.4171511712194428,0.6560009276399923,1.4529541857363848,3.7107074557816766,3.5310249319674507,34504.159574537174,SYNTHETIC_PROTOTYPE_DATA,False
wardah-colorfit-matte-foundation-062,wardah-colorfit-matte-foundation,foundation,0.31558106531466734,0.2984122385585065,0.5719023992429365,1.266514573383599,3.0014508483812903,2.828153826900235,28505.342239574533,SYNTHETIC_PROTOTYPE_DATA,False
wardah-colorfit-matte-foundation-063,wardah-colorfit-matte-foundation,foundation,0.9594717292536002,0.8912767750825406,0.883752213865122,1.7868029025035894,5.2962395779530045,5.082213651306789,41455.04371767828,SYNTHETIC_PROTOTYPE_DATA,False
wardah-colorfit-matte-foundation-064,wardah-colorfit-matte-foundation,foundation,0.6179589286085759,0.685479306876392,0.8548563061293064,1.6119664060484804,4.53312692094787,4.204117325483006,37743.87450898797,SYNTHETIC_PROTOTYPE_DATA,False
wardah-colorfit-matte-foundation-065,wardah-colorfit-matte-foundation,foundation,0.620657844771396,0.5432875183405274,0.502736263775736,1.455123263936344,3.6568892405550706,3.5823686364516854,29441.182344205194,SYNTHETIC_PROTOTYPE_DATA,False
wardah-colorfit-matte-foundation-066,wardah-colorfit-matte-foundation,foundation,0.46862197264122496,0.41759634763485304,0.28153496140581735,1.296915069202843,2.978059528759452,2.9689609257776644,23184.02974798242,SYNTHETIC_PROTOTYPE_DATA,False
wardah-colorfit-matte-foundation-067,wardah-colorfit-matte-foundation,foundation,0.5164139774417897,0.4175353381290256,0.48911614183558033,1.3540004257248217,3.2727330656300717,3.16707541183339,28175.612381832034,SYNTHETIC_PROTOTYPE_DATA,False
wardah-colorfit-matte-foundation-068,wardah-colorfit-matte-foundation,foundation,0.6347240170202874,0.3837759902177171,0.3118778682998005,1.310165362522632,3.058042144178606,3.00339703613848,24813.82811361786,SYNTHETIC_PROTOTYPE_DATA,False
wardah-colorfit-matte-foundation-069,wardah-colorfit-matte-foundation,foundation,0.5553046911246052,0.8051827737959468,0.6749263329740007,1.6220354203868586,4.538358106281676,4.401249998310608,33557.92446247257,SYNTHETIC_PROTOTYPE_DATA,False
wardah-colorfit-matte-foundation-070,wardah-colorfit-matte-foundation,foundation,0.19582542001233907,0.5450368175012502,0.7234241336256743,1.4216059934754903,3.7532348263261897,3.473415803495312,31490.359738775904,SYNTHETIC_PROTOTYPE_DATA,False
wardah-colorfit-matte-foundation-071,wardah-colorfit-matte-foundation,foundation,0.6641253589048995,0.17052577428345975,0.5110394293464335,1.2431372818936122,2.8773870538279573,2.58817481186831,28965.033731091273,SYNTHETIC_PROTOTYPE_DATA,False
wardah-colorfit-matte-foundation-072,wardah-colorfit-matte-foundation,foundation,0.9353103317321227,0.06178011420387734,0.47677179285004034,1.234774597680283,2.7166424148579447,2.344895624060155,29403.809042857418,SYNTHETIC_PROTOTYPE_DATA,False
wardah-colorfit-matte-foundation-073,wardah-colorfit-matte-foundation,foundation,0.35565282218792843,0.8606864530145554,0.19865686998037785,1.495820124203509,3.7677337891000007,4.008523559650157,22033.406125266065,SYNTHETIC_PROTOTYPE_DATA,False
wardah-colorfit-matte-foundation-074,wardah-colorfit-matte-foundation,foundation,0.17698993445704383,0.14102605702114923,0.3144387732807627,1.1135663524985846,2.2930921079286968,2.1276804755566348,21706.11882759405,SYNTHETIC_PROTOTYPE_DATA,False
wardah-colorfit-matte-foundation-075,wardah-colorfit-matte-foundation,foundation,0.4988718832450745,0.45050675087963543,0.4404512394563249,1.3618550267694531,3.3203347230163556,3.2158881093815297,27141.88463020139,SYNTHETIC_PROTOTYPE_DATA,False
wardah-colorfit-matte-foundation-076,wardah-colorfit-matte-foundation,foundation,0.3064741833014119,0.14104269032829167,0.5466607922684464,1.1759776247127367,2.6296891495632693,2.3637766017370927,27487.89054709362,SYNTHETIC_PROTOTYPE_DATA,False
wardah-colorfit-matte-foundation-077,wardah-colorfit-matte-foundation,foundation,0.8331700391771117,0.09041539529045597,0.5894727178035325,1.24204914043591,2.800595792230742,2.513639933282612,31619.40845957199,SYNTHETIC_PROTOTYPE_DATA,False
wardah-colorfit-matte-foundation-078,wardah-colorfit-matte-foundation,foundation,0.8644261966412558,0.4438273658266278,0.6961759976057539,1.465053741862126,3.834588506419744,3.5738556234603625,35191.93730823099,SYNTHETIC_PROTOTYPE_DATA,False
wardah-colorfit-matte-foundation-079,wardah-colorfit-matte-foundation,foundation,0.09413544537347207,0.09565912129878408,0.48957476850739057,1.1112650127450039,2.334834873327211,2.1709229822147753,24816.29674969465,SYNTHETIC_PROTOTYPE_DATA,False
wardah-colorfit-matte-foundation-080,wardah-colorfit-matte-foundation,foundation,0.9352195756268121,0.09747378967636014,0.3714577658256797,1.2130698006349356,2.6520522061515734,2.370670267068225,26982.944256636652,SYNTHETIC_PROTOTYPE_DATA,False
wardah-colorfit-matte-foundation-081,wardah-colorfit-matte-foundation,foundation,0.2621293537878428,0.39226241204152607,0.1361986859532627,1.224280772347946,2.6223009463169262,2.709446220052522,18948.303152431403,SYNTHETIC_PROTOTYPE_DATA,False
wardah-colorfit-matte-foundation-082,wardah-colorfit-matte-foundation,foundation,0.17039905703135969,0.32685894365501733,0.763973114346798,1.3147458846454487,3.25915738535969,2.9592509794946635,31690.35236180873,SYNTHETIC_PROTOTYPE_DATA,False
wardah-colorfit-matte-foundation-083,wardah-colorfit-matte-foundation,foundation,0.346142118605795,0.3014705956282853,0.04978345608565526,1.166357113531722,2.309574575582778,2.4305325240541262,17368.90490168634,SYNTHETIC_PROTOTYPE_DATA,False
wardah-colorfit-matte-foundation-084,wardah-colorfit-matte-foundation,foundation,0.4594055400654476,0.08946364368036189,0.7745652231781384,1.2050273917447836,2.8857421119027147,2.512996361671131,33307.201099517675,SYNTHETIC_PROTOTYPE_DATA,False
wardah-colorfit-matte-foundation-085,wardah-colorfit-matte-foundation,foundation,0.5280371437077164,0.9171943211244847,0.29692929539288915,1.5781789597662477,4.173494194119075,4.340073593432144,25213.305191091902,SYNTHETIC_PROTOTYPE_DATA,False
wardah-colorfit-matte-foundation-086,wardah-colorfit-matte-foundation,foundation,0.16239854077115246,0.3353796780050029,0.8914053650681983,1.3574148776662451,3.457391513689017,3.052219190775039,34382.44498193186,SYNTHETIC_PROTOTYPE_DATA,False
wardah-colorfit-matte-foundation-087,wardah-colorfit-matte-foundation,foundation,0.69000418292627,0.12945332691436381,0.8995580611565467,1.2894744731869348,3.21979943989306,2.758254710412043,37859.174264784895,SYNTHETIC_PROTOTYPE_DATA,False
wardah-colorfit-matte-foundation-088,wardah-colorfit-matte-foundation,foundation,0.6052682182105318,0.8785172913535807,0.7764345049382728,1.6979724695417477,4.887135481658565,4.686535738722071,36363.15001860249,SYNTHETIC_PROTOTYPE_DATA,False
wardah-colorfit-matte-foundation-089,wardah-colorfit-matte-foundation,foundation,0.21895758432068688,0.06088619812611686,0.8554459450382293,1.1708395970778491,2.760245901553375,2.408976727269485,33286.88638518339,SYNTHETIC_PROTOTYPE_DATA,False
wardah-colorfit-matte-foundation-090,wardah-colorfit-matte-foundation,foundation,0.3009656673638013,0.3265471773179992,0.9372035635636775,1.3684245562241357,3.567149425211568,3.1595558705516895,36368.62914372263,SYNTHETIC_PROTOTYPE_DATA,False
wardah-colorfit-matte-foundation-091,wardah-colorfit-matte-foundation,foundation,0.7637205790861464,0.9177703346253903,0.1688228517428661,1.6104133270027663,4.078301253133886,4.434565095154043,23528.43588910639,SYNTHETIC_PROTOTYPE_DATA,False
wardah-colorfit-matte-foundation-092,wardah-colorfit-matte-foundation,foundation,0.4317588783582884,0.15761768961269396,0.10042116797031786,1.1116558452108485,2.1320021915821337,2.1575307768684073,18387.262409582097,SYNTHETIC_PROTOTYPE_DATA,False
wardah-colorfit-matte-foundation-093,wardah-colorfit-matte-foundation,foundation,0.4690086067999947,0.49842702175440595,0.5515928286441145,1.4069102693715256,3.540319569013329,3.439977219078055,29453.032118706833,SYNTHETIC_PROTOTYPE_DATA,False
wardah-colorfit-matte-foundation-094,wardah-colorfit-matte-foundation,foundation,0.5235253138666146,0.8338955463669413,0.6198294215314907,1.6289427381516852,4.47783084987153,4.431226229220973,32207.715376753233,SYNTHETIC_PROTOTYPE_DATA,False
wardah-colorfit-matte-foundation-095,wardah-colorfit-matte-foundation,foundation,0.4918076211400223,0.2034814658970438,0.6884513836852657,1.273083450749917,3.0659002580380514,2.744863031245957,31912.582401708773,SYNTHETIC_PROTOTYPE_DATA,False
make-over-powerstay-foundation-000,make-over-powerstay-foundation,foundation,0.6048,0.48000000000000004,0.43200000000000005,1.440149056,3.5074879999999995,3.2870608000000003,27609.744960000004,SYNTHETIC_PROTOTYPE_DATA,False
make-over-powerstay-foundation-001,make-over-powerstay-foundation,foundation,0.670855169459881,0.777488191987684,0.5659687241011104,1.6537878907036596,4.423416673985689,4.2708413349268035,31918.712339956903,SYNTHETIC_PROTOTYPE_DATA,False
make-over-powerstay-foundation-002,make-over-powerstay-foundation,foundation,0.1549504390421719,0.1267439132688059,0.8552007254779407,1.256955155710427,2.9433383804521953,2.4685764921522027,32941.92310197357,SYNTHETIC_PROTOTYPE_DATA,False
make-over-powerstay-foundation-003,make-over-powerstay-foundation,foundation,0.42550806561124055,0.11292863189071792,0.2315628364719824,1.1604844619302053,2.313435027152447,2.0574044461552017,21183.743403797944,SYNTHETIC_PROTOTYPE_DATA,False
make-over-powerstay-foundation-004,make-over-powerstay-foundation,foundation,0.2347639259427447,0.9180418709382038,0.10801891652378898,1.5394517224946869,3.789423352437384,3.908208946555895,19665.028650078457,SYNTHETIC_PROTOTYPE_DATA,False
make-over-powerstay-foundation-005,make-over-powerstay-foundation,foundation,0.265283454681208,0.7512358197332928,0.2603538467503009,1.4974087348259928,3.681465528220445,3.631226485470331,22720.701106614695,SYNTHETIC_PROTOTYPE_DATA,False
make-over-powerstay-foundation-006,make-over-powerstay-foundation,foundation,0.6126070841320109,0.7047729463224048,0.7607710508920764,1.6515411366885016,4.528266890151873,4.196303322313849,35593.9301704336,SYNTHETIC_PROTOTYPE_DATA,False
make-over-powerstay-foundation-007,make-over-powerstay-foundation,foundation,0.6795412512792359,0.787008109027881,0.27781554929500063,1.5867586733998102,3.996303082296508,4.101213035613622,25349.82200939647,SYNTHETIC_PROTOTYPE_DATA,False
make-over-powerstay-foundation-008,make-over-powerstay-foundation,foundation,0.9371747965767666,0.6336924828393566,0.870752332643425,1.6792189535995317,4.651560790948359,4.263689685064865,40443.41753345665,SYNTHETIC_PROTOTYPE_DATA,False
make-over-powerstay-foundation-009,make-over-powerstay-foundation,foundation,0.5718504449427866,0.522148708466301,0.17361233170676332,1.400488131027352,3.1893757499513087,3.186953975221829,21637.115462936283,SYNTHETIC_PROTOTYPE_DATA,False
make-over-powerstay-foundation-010,make-over-powerstay-foundation,foundation,0.7977887975627547,0.9245761467825058,0.4037797301774986,1.7220100217991847,4.592253960479285,4.674456070213638,29200.629263447456,SYNTHETIC_PROTOTYPE_DATA,False
make-over-powerstay-foundation-011,make-over-powerstay-foundation,foundation,0.6717847184149175,0.7497945431553913,0.21966316119134552,1.547262715653934,3.8489426953589643,3.8665094511076434,23910.849715062308,SYNTHETIC_PROTOTYPE_DATA,False
make-over-powerstay-foundation-012,make-over-powerstay-foundation,foundation,0.39847250818091967,0.8036669628566084,0.5874902536529079,1.634113522854806,4.440047261173892,4.1507785361040375,30616.615314017596,SYNTHETIC_PROTOTYPE_DATA,False
make-over-powerstay-foundation-013,make-over-powerstay-foundation,foundation,0.6644223349482508,0.408358588726371,0.7421837169292621,1.4738453042997441,3.809555149786813,3.3512430956045223,34819.22603128955,SYNTHETIC_PROTOTYPE_DATA,False
make-over-powerstay-foundation-014,make-over-powerstay-foundation,foundation,0.749637297480342,0.7959680021587601,0.6170783077838766,1.679643017615395,4.583207804003104,4.383626369431893,33631.383633967525,SYNTHETIC_PROTOTYPE_DATA,False
make-over-powerstay-foundation-015,make-over-powerstay-foundation,foundation,0.2895957480476186,0.6848272384230163,0.24307752462789428,1.4517067327362547,3.4817224338687,3.4710040825827146,22258.77852024592,SYNTHETIC_PROTOTYPE_DATA,False
make-over-powerstay-foundation-016,make-over-powerstay-foundation,foundation,0.5102397296934995,0.5646305202633216,0.4830288091185235,1.480145808423421,3.75712547908426,3.4562716456913223,28367.6476110324,SYNTHETIC_PROTOTYPE_DATA,False
make-over-powerstay-foundation-017,make-over-powerstay-foundation,foundation,0.47388012791532724,0.25554167911488623,0.7210033402205438,1.3455305662845627,3.321991273755774,2.8427351748274714,32686.666163372778,SYNTHETIC_PROTOTYPE_DATA,False
make-over-powerstay-foundation-018,make-over-powerstay-foundation,foundation,0.4876198244640704,0.5961400535517057,0.3807145277117279,1.4781429289976926,3.6212164704425946,3.4461181202142988,26066.771574468286,SYNTHETIC_PROTOTYPE_DATA,False
make-over-powerstay-foundation-019,make-over-powerstay-foundation,foundation,0.32771845776327185,0.629789536474256,0.41229799660981925,1.4736606156546643,3.6946818106180097,3.4474045326372567,26061.167215888563,SYNTHETIC_PROTOTYPE_DATA,False
make-over-powerstay-foundation-020,make-over-powerstay-foundation,foundation,0.4361721929422595,0.6003577857411904,0.1527481848929628,1.424814444679224,3.280322816873843,3.231944735363929,20754.094687484216,SYNTHETIC_PROTOTYPE_DATA,False
make-over-powerstay-foundation-021,make-over-powerstay-foundation,foundation,0.8492759071586939,0.814808999287432,0.7637239305212666,1.751184825927215,4.891560452221176,4.654917004816734,37575.016245172184,SYNTHETIC_PROTOTYPE_DATA,False
make-over-powerstay-foundation-022,make-over-powerstay-foundation,foundation,0.7223561035058647,0.13370408726599467,0.855331708257897,1.3381896021771171,3.224307976949232,2.765112369167085,37219.36080663927,SYNTHETIC_PROTOTYPE_DATA,False
make-over-powerstay-foundation-023,make-over-powerstay-foundation,foundation,0.94960137895891,0.8603142184537697,0.19597542743146906,1.646656419248974,4.191255139651344,4.433553828314063,24780.41954538935,SYNTHETIC_PROTOTYPE_DATA,False
make-over-powerstay-foundation-024,make-over-powerstay-foundation,foundation,0.6506859267762286,0.6649494481586458,0.6625035951985859,1.6134831575257391,4.299090414397715,3.9940188103550143,33633.66914016955,SYNTHETIC_PROTOTYPE_DATA,False
make-over-powerstay-foundation-025,make-over-powerstay-foundation,foundation,0.1143853013563721,0.13674871955296947,0.06417754787338348,1.0861919875835808,2.0312168359131406,1.797254942907527,16208.601004969418,SYNTHETIC_PROTOTYPE_DATA,False
make-over-powerstay-foundation-026,make-over-powerstay-foundation,foundation,0.7198145176264581,0.19721791699165905,0.3352801766602134,1.2904755220009663,2.7754730285209455,2.563965479008177,25403.597988784484,SYNTHETIC_PROTOTYPE_DATA,False
make-over-powerstay-foundation-027,make-over-powerstay-foundation,foundation,0.1215049844458003,0.9164091463804819,0.4266838016658291,1.6042221021419787,4.262293096522306,4.0705842446778675,25811.329561138362,SYNTHETIC_PROTOTYPE_DATA,False
make-over-powerstay-foundation-028,make-over-powerstay-foundation,foundation,0.3904355641681583,0.23600683652337992,0.9241808252252767,1.3623467864873646,3.4815704913555607,2.9686520834255083,36570.28589238511,SYNTHETIC_PROTOTYPE_DATA,False
make-over-powerstay-foundation-029,make-over-powerstay-foundation,foundation,0.7141199970079103,0.649002273801509,0.44991019635722174,1.5436659552918799,3.948496061965117,3.8270417462336415,29015.51013072499,SYNTHETIC_PROTOTYPE_DATA,False
make-over-powerstay-foundation-030,make-over-powerstay-foundation,foundation,0.6702570033312055,0.7209458875039495,0.5343931940642708,1.6057476504943686,4.21655268610943,4.079228733947453,30908.16306744158,SYNTHETIC_PROTOTYPE_DATA,False
make-over-powerstay-foundation-031,make-over-powerstay-foundation,foundation,0.12668271064390754,0.4490324825557748,0.29187119382272186,1.3120746464446713,2.9666540346844017,2.8316486743241356,21882.217035845402,SYNTHETIC_PROTOTYPE_DATA,False
make-over-powerstay-foundation-032,make-over-powerstay-foundation,foundation,0.5073537553373564,0.11378902110228231,0.21066631040564934,1.1759374421373532,2.3787875149345874,2.047179014901007,21044.342545508964,SYNTHETIC_PROTOTYPE_DATA,False
make-over-powerstay-foundation-033,make-over-powerstay-foundation,foundation,0.24323149857006368,0.9372858462796494,0.06295217554794386,1.5278910918992965,3.770468845437154,3.905353016037881,18860.90189653883,SYNTHETIC_PROTOTYPE_DATA,False
make-over-powerstay-foundation-034,make-over-powerstay-foundation,foundation,0.4264744059706687,0.08930172567548739,0.27499394826595897,1.1637963014561301,2.3538707800504914,2.0347096069568074,22241.534870562926,SYNTHETIC_PROTOTYPE_DATA,False
make-over-powerstay-foundation-035,make-over-powerstay-foundation,foundation,0.6151237299338267,0.7315141276300264,0.9217032810363683,1.7019956561588137,4.839059676695062,4.372988531288618,39434.90971627345,SYNTHETIC_PROTOTYPE_DATA,False
make-over-powerstay-foundation-036,make-over-powerstay-foundation,foundation,0.8599967660090988,0.12853711960609468,0.82548594872957,1.35152068018807,3.3218865982278376,2.76395049153269,37479.499040397925,SYNTHETIC_PROTOTYPE_DATA,False
make-over-powerstay-foundation-037,make-over-powerstay-foundation,foundation,0.7998430927129306,0.914525975457525,0.6529271121581938,1.7698206577626618,4.934235089555851,4.770570438612846,35042.69292490164,SYNTHETIC_PROTOTYPE_DATA,False
make-over-powerstay-foundation-038,make-over-powerstay-foundation,foundation,0.40679583406367886,0.5266266019198681,0.40939499581527733,1.4326175098627807,3.4505966438241553,3.26547004917735,26090.498600990864,SYNTHETIC_PROTOTYPE_DATA,False
make-over-powerstay-foundation-039,make-over-powerstay-foundation,foundation,0.6725024877031966,0.11905903796861825,0.35365285946908126,1.2284065639760993,2.598831888232917,2.262893752137486,25272.855749405375,SYNTHETIC_PROTOTYPE_DATA,False
make-over-powerstay-foundation-040,make-over-powerstay-foundation,foundation,0.46009222071554423,0.5851507153881872,0.06622869020012712,1.3985085467051828,3.1394020696095986,3.1541653670366854,18997.094122205148,SYNTHETIC_PROTOTYPE_DATA,False
make-over-powerstay-foundation-041,make-over-powerstay-foundation,foundation,0.48541370348726465,0.8687753323529397,0.24885523310926808,1.5847600694811883,4.034435826753702,4.104005262718848,23761.514251987533,SYNTHETIC_PROTOTYPE_DATA,False
make-over-powerstay-foundation-042,make-over-powerstay-foundation,foundation,0.9329816692839908,0.5188213891164166,0.8089398555354705,1.5971110692522374,4.33571691101897,3.8909133049816695,38570.76030654505,SYNTHETIC_PROTOTYPE_DATA,False
make-over-powerstay-foundation-043,make-over-powerstay-foundation,foundation,0.8032084905130052,0.6421487603370991,0.8514924664855886,1.6597282244238745,4.592641292361041,4.235314027690718,39067.93495525056,SYNTHETIC_PROTOTYPE_DATA,False
make-over-powerstay-foundation-044,make-over-powerstay-foundation,foundation,0.5609076405667718,0.10240262656515367,0.559564934789164,1.2499668628091791,2.8151488546566816,2.361930566352786,29383.361575186063,SYNTHETIC_PROTOTYPE_DATA,False
make-over-powerstay-foundation-045,make-over-powerstay-foundation,foundation,0.34570879294253287,0.31200393784984215,0.08868264813989407,1.236837997493027,2.5470312054713573,2.4019172023622484,18251.954939128194,SYNTHETIC_PROTOTYPE_DATA,False
make-over-powerstay-foundation-046,make-over-powerstay-foundation,foundation,0.8466173337058696,0.13824169085651955,0.8916126356299517,1.3786662602371471,3.4026818864634834,2.8309080368480406,38795.925263379104,SYNTHETIC_PROTOTYPE_DATA,False
make-over-powerstay-foundation-047,make-over-powerstay-foundation,foundation,0.9028483027242288,0.40038325353520443,0.14945145069590082,1.3876538082803307,3.0840684396016735,3.0392754087806804,22349.426701618464,SYNTHETIC_PROTOTYPE_DATA,False
make-over-powerstay-foundation-048,make-over-powerstay-foundation,foundation,0.9380024014726035,0.49043826684709857,0.40925205795254965,1.4966013445827442,3.6755483280363515,3.4754870190942984,28981.766655539755,SYNTHETIC_PROTOTYPE_DATA,False
make-over-powerstay-foundation-049,make-over-powerstay-foundation,foundation,0.40268490441054805,0.06813743852825123,0.8650875145977966,1.2706746860080194,2.943677161886577,2.3967553809240707,34833.14966872771,SYNTHETIC_PROTOTYPE_DATA,False
make-over-powerstay-foundation-050,make-over-powerstay-foundation,foundation,0.5681921496545616,0.8136242305883338,0.1530608963522801,1.55353496397119,3.832404978309611,3.9381492902341075,21853.37155024558,SYNTHETIC_PROTOTYPE_DATA,False
make-over-powerstay-foundation-051,make-over-powerstay-foundation,foundation,0.784099805467429,0.11273896955512908,0.5256695945483706,1.2718116649425057,2.9222083786211037,2.4297051111003167,29931.6977279395,SYNTHETIC_PROTOTYPE_DATA,False
make-over-powerstay-foundation-052,make-over-powerstay-foundation,foundation,0.4231293364494363,0.709201959075522,0.831637665096131,1.6464733344914257,4.550436876806817,4.110923261312313,36060.77882691847,SYNTHETIC_PROTOTYPE_DATA,False
make-over-powerstay-foundation-053,make-over-powerstay-foundation,foundation,0.27656107549705705,0.1974792666116628,0.13825334153421862,1.1448846596387698,2.333462338821235,2.1547562774903923,18540.788008408985,SYNTHETIC_PROTOTYPE_DATA,False
make-over-powerstay-foundation-054,make-over-powerstay-foundation,foundation,0.9554790457336142,0.18234063887280444,0.8150437745075999,1.3993767729536213,3.483892508098338,2.9733928389129702,38033.94410100377,SYNTHETIC_PROTOTYPE_DATA,False
make-over-powerstay-foundation-055,make-over-powerstay-foundation,foundation,0.2770540353007631,0.19902035618989344,0.7504486570283793,1.3035614174126626,3.0445998039748225,2.603720676129714,31839.982384321665,SYNTHETIC_PROTOTYPE_DATA,False
make-over-powerstay-foundation-056,make-over-powerstay-foundation,foundation,0.19662430355254962,0.2897875272486974,0.42311650242934135,1.271131256391333,2.8504411174430224,2.5732659410120577,24638.57276510725,SYNTHETIC_PROTOTYPE_DATA,False
make-over-powerstay-foundation-057,make-over-powerstay-foundation,foundation,0.14961338838394714,0.31518195041066116,0.4911353476550416,1.2820550667030568,2.980751324161743,2.643755351256466,25721.342948653208,SYNTHETIC_PROTOTYPE_DATA,False
make-over-powerstay-foundation-058,make-over-powerstay-foundation,foundation,0.22446261451697708,0.9127467477172309,0.6063682337250896,1.6795415900979729,4.5835081534999,4.276102624469994,30418.297274274082,SYNTHETIC_PROTOTYPE_DATA,False
make-over-powerstay-foundation-059,make-over-powerstay-foundation,foundation,0.2323348649024271,0.8297415323492515,0.0784172941690737,1.476593202844546,3.512761670044074,3.6859525952359453,18930.15811290247,SYNTHETIC_PROTOTYPE_DATA,False
make-over-powerstay-foundation-060,make-over-powerstay-foundation,foundation,0.7223438338316485,0.7902881246887724,0.8234858291104127,1.7469518192773734,4.9263624194795375,4.568267763354581,38200.902417548656,SYNTHETIC_PROTOTYPE_DATA,False
make-over-powerstay-foundation-061,make-over-powerstay-foundation,foundation,0.04191846047975464,0.7792652854640503,0.8904244666121194,1.631628433653532,4.613980672195512,4.082427299291339,34587.707930724864,SYNTHETIC_PROTOTYPE_DATA,False
make-over-powerstay-foundation-062,make-over-powerstay-foundation,foundation,0.7363997764218204,0.25314544907683395,0.17528072777934037,1.287170571003735,2.715425256185545,2.5382601485056595,21966.784446328882,SYNTHETIC_PROTOTYPE_DATA,False
make-over-powerstay-foundation-063,make-over-powerstay-foundation,foundation,0.22302909499447254,0.6011159166006911,0.43429792499478154,1.4446578241520711,3.582457987184285,3.405265014996933,25886.4512551569,SYNTHETIC_PROTOTYPE_DATA,False
make-over-powerstay-foundation-064,make-over-powerstay-foundation,foundation,0.22145853414336386,0.9183225262755801,0.0468618876323917,1.5228548765444914,3.672444675798779,3.8751273593693956,18489.7546660606,SYNTHETIC_PROTOTYPE_DATA,False
make-over-powerstay-foundation-065,make-over-powerstay-foundation,foundation,0.7103654295322138,0.2794216215750725,0.8366503437319855,1.4175633821368903,3.6267587573991227,3.1345084189697388,37037.39316115636,SYNTHETIC_PROTOTYPE_DATA,False
make-over-powerstay-foundation-066,make-over-powerstay-foundation,foundation,0.8443210779158816,0.5495334277651448,0.7700863059002345,1.5911765955149852,4.277799536901494,3.9364917530054235,37151.10740285071,SYNTHETIC_PROTOTYPE_DATA,False
make-over-powerstay-foundation-067,make-over-powerstay-foundation,foundation,0.8524137168562891,0.495140969892876,0.9309156026887451,1.5970790556941128,4.412463963796373,3.8910823779980803,40848.969800470724,SYNTHETIC_PROTOTYPE_DATA,False
make-over-powerstay-foundation-068,make-over-powerstay-foundation,foundation,0.5642363106592134,0.8172772817544758,0.16447248969743325,1.5436320796229581,3.8132927740348914,3.94659339425435,22179.49213357649,SYNTHETIC_PROTOTYPE_DATA,False
make-over-powerstay-foundation-069,make-over-powerstay-foundation,foundation,0.6295075891574786,0.43815430333045036,0.27547186335124413,1.379686454814983,3.182232748783623,3.054326125676445,24060.90015223256,SYNTHETIC_PROTOTYPE_DATA,False
make-over-powerstay-foundation-070,make-over-powerstay-foundation,foundation,0.27299793261265726,0.17276201330243734,0.47074785267506364,1.2212274258248301,2.650722849971111,2.3264947945830237,25824.481275658203,SYNTHETIC_PROTOTYPE_DATA,False
make-over-powerstay-foundation-071,make-over-powerstay-foundation,foundation,0.8892114199531096,0.2030686640420601,0.8140520785039517,1.4015170574253935,3.4902804770002103,2.9670445808625794,37518.35605321701,SYNTHETIC_PROTOTYPE_DATA,False
make-over-powerstay-foundation-072,make-over-powerstay-foundation,foundation,0.928938064119361,0.9106364527675804,0.10159514754328011,1.6628864270216812,4.091928691630723,4.503153204280248,22685.366974656175,SYNTHETIC_PROTOTYPE_DATA,False
make-over-powerstay-foundation-073,make-over-powerstay-foundation,foundation,0.9568625285800366,0.7999530891271784,0.5540347512809765,1.6942978263836599,4.6573363238485435,4.5169851118001025,33385.116304715906,SYNTHETIC_PROTOTYPE_DATA,False
make-over-powerstay-foundation-074,make-over-powerstay-foundation,foundation,0.542889110265294,0.4274877084401599,0.652587636303997,1.4475536086138139,3.6539482940891013,3.280717183700985,32147.446799474394,SYNTHETIC_PROTOTYPE_DATA,False
make-over-powerstay-foundation-075,make-over-powerstay-foundation,foundation,0.8332178434434951,0.1036582344205399,0.849375075537889,1.3350129425300785,3.306009803528016,2.689726812094413,37711.409070998794,SYNTHETIC_PROTOTYPE_DATA,False
make-over-powerstay-foundation-076,make-over-powerstay-foundation,foundation,0.21541459219889153,0.3787169482765843,0.3795624486674079,1.3044814381682777,2.9973999850215,2.748673329346647,24065.2006122184,SYNTHETIC_PROTOTYPE_DATA,False
make-over-powerstay-foundation-077,make-over-powerstay-foundation,foundation,0.08917358929439774,0.37040164801914954,0.2737143655070604,1.2522308417861796,2.7641935117186898,2.5876970267033217,20898.112392951454,SYNTHETIC_PROTOTYPE_DATA,False
make-over-powerstay-foundation-078,make-over-powerstay-foundation,foundation,0.13028607200966108,0.40207714169010855,0.35070228017304844,1.289597544266046,2.962181687763335,2.7142117866237867,23040.414776791134,SYNTHETIC_PROTOTYPE_DATA,False
make-over-powerstay-foundation-079,make-over-powerstay-foundation,foundation,0.17101453208467235,0.6713982092294642,0.8365809418416461,1.5832993441444199,4.304745253382818,3.8100121014157247,34120.153703249125,SYNTHETIC_PROTOTYPE_DATA,False
make-over-powerstay-foundation-080,make-over-powerstay-foundation,foundation,0.42249002879512304,0.34713076177358937,0.42199591244266066,1.3346422432160285,3.090755518587747,2.850208335041402,25963.564773842696,SYNTHETIC_PROTOTYPE_DATA,False
make-over-powerstay-foundation-081,make-over-powerstay-foundation,foundation,0.28493577382138063,0.056802078503911016,0.5972477601758562,1.1819457410608236,2.5653396175001686,2.1510676088406617,28310.875851287234,SYNTHETIC_PROTOTYPE_DATA,False
make-over-powerstay-foundation-082,make-over-powerstay-foundation,foundation,0.31429237454469633,0.1505926379320455,0.10416372881817054,1.148049022896416,2.2174590005969037,2.020209590363887,17964.265363094022,SYNTHETIC_PROTOTYPE_DATA,False
make-over-powerstay-foundation-083,make-over-powerstay-foundation,foundation,0.435292514435562,0.7545205623350958,0.34966813246871054,1.5417724525441296,3.9215599482784596,3.799230139749478,25561.934961369858,SYNTHETIC_PROTOTYPE_DATA,False
make-over-powerstay-foundation-084,make-over-powerstay-foundation,foundation,0.6579743417905143,0.31123741827983614,0.1731398255398636,1.3035839306410386,2.8127216357103304,2.6535949175931077,21420.43135118565,SYNTHETIC_PROTOTYPE_DATA,False
make-over-powerstay-foundation-085,make-over-powerstay-foundation,foundation,0.8341131327723382,0.4056646034505304,0.16195092455545707,1.3763958185162426,3.0900358224223337,3.0132023970175976,22454.14279408068,SYNTHETIC_PROTOTYPE_DATA,False
make-over-powerstay-foundation-086,make-over-powerstay-foundation,foundation,0.8944815645334848,0.785182778094503,0.8041748361151255,1.742995033213841,4.970286116811218,4.6182255234819625,38819.149107793404,SYNTHETIC_PROTOTYPE_DATA,False
make-over-powerstay-foundation-087,make-over-powerstay-foundation,foundation,0.06218000268167058,0.48595435354800065,0.20698087722216288,1.3021848617786043,2.8904139272379985,2.8173290269859455,19811.379626568538,SYNTHETIC_PROTOTYPE_DATA,False
make-over-powerstay-foundation-088,make-over-powerstay-foundation,foundation,0.8984189077432568,0.8680278940518436,0.9316092260353391,1.8149259295797382,5.361166484976681,4.996979653208025,42173.57382587303,SYNTHETIC_PROTOTYPE_DATA,False
make-over-powerstay-foundation-089,make-over-powerstay-foundation,foundation,0.6514228221036861,0.7225198859608865,0.3356349333193851,1.5633697965322524,3.9560902868546397,3.8922019315264693,26237.23905744741,SYNTHETIC_PROTOTYPE_DATA,False
make-over-powerstay-foundation-090,make-over-powerstay-foundation,foundation,0.6034033327674907,0.8016967268396358,0.4319294501893726,1.6243540096172533,4.223208889279386,4.161169829557526,28486.838739512947,SYNTHETIC_PROTOTYPE_DATA,False
make-over-powerstay-foundation-091,make-over-powerstay-foundation,foundation,0.7504984859411461,0.527096629276434,0.8870227926776106,1.5973964765000823,4.32797872277212,3.9099932220156766,39015.45022404439,SYNTHETIC_PROTOTYPE_DATA,False
make-over-powerstay-foundation-092,make-over-powerstay-foundation,foundation,0.23934265691131332,0.6367557037589386,0.7455900088194535,1.5505471789140934,4.127279678028855,3.7551473454402533,32477.01689056187,SYNTHETIC_PROTOTYPE_DATA,False
make-over-powerstay-foundation-093,make-over-powerstay-foundation,foundation,0.04857925038432669,0.42361598243205156,0.483305504368492,1.3252305511522706,3.163006128284176,2.868873568680736,25376.793960679584,SYNTHETIC_PROTOTYPE_DATA,False
make-over-powerstay-foundation-094,make-over-powerstay-foundation,foundation,0.7320431246572408,0.9317338052859598,0.7308526183343719,1.7911508485806646,5.091459828575538,4.859225048079097,36417.55684866239,SYNTHETIC_PROTOTYPE_DATA,False
make-over-powerstay-foundation-095,make-over-powerstay-foundation,foundation,0.10406172518301263,0.09425518079871097,0.4780922484579985,1.1471315631472656,2.4211632328693304,2.038885382039223,24636.677798208148,SYNTHETIC_PROTOTYPE_DATA,False
wardah-exclusive-matte-lip-cream-000,wardah-exclusive-matte-lip-cream,lip_cream,0.52,0.45,0.4166666666666667,1.3760166666666669,3.350791666666667,2.9137333333333335,27475.666666666668,SYNTHETIC_PROTOTYPE_DATA,False
wardah-exclusive-matte-lip-cream-001,wardah-exclusive-matte-lip-cream,lip_cream,0.3856677174584163,0.35673948481028445,0.6459417247044014,1.3580218724287763,3.3082264910404953,2.771075009463537,31546.44394414712,SYNTHETIC_PROTOTYPE_DATA,False
wardah-exclusive-matte-lip-cream-002,wardah-exclusive-matte-lip-cream,lip_cream,0.060114317482474575,0.16042795602446622,0.6317357381709626,1.1902490694860117,2.7081020849925785,2.082916865941682,28559.049160653478,SYNTHETIC_PROTOTYPE_DATA,False
wardah-exclusive-matte-lip-cream-003,wardah-exclusive-matte-lip-cream,lip_cream,0.7211369450970646,0.8136850934547022,0.8027352264525637,1.7074080019156088,4.885916845446699,4.358714480374805,38501.18382268728,SYNTHETIC_PROTOTYPE_DATA,False
wardah-exclusive-matte-lip-cream-004,wardah-exclusive-matte-lip-cream,lip_cream,0.16741133920612455,0.08595976499439695,0.10304119842979015,1.0537793818571686,1.9463926151785507,1.5342290482913221,17877.473456258635,SYNTHETIC_PROTOTYPE_DATA,False
wardah-exclusive-matte-lip-cream-005,wardah-exclusive-matte-lip-cream,lip_cream,0.5527983177565424,0.3971421057154527,0.13070442421336104,1.292379624066026,2.916326205174069,2.5405728552062614,21082.393946462533,SYNTHETIC_PROTOTYPE_DATA,False
wardah-exclusive-matte-lip-cream-006,wardah-exclusive-matte-lip-cream,lip_cream,0.6867239163555289,0.5201154354906921,0.7706910225958976,1.5275798693374374,4.161089302419275,3.4869368921506596,36621.198010373155,SYNTHETIC_PROTOTYPE_DATA,False
wardah-exclusive-matte-lip-cream-007,wardah-exclusive-matte-lip-cream,lip_cream,0.8547020505483442,0.32678948967837823,0.7633456465836771,1.429198011878129,3.7345673034315623,3.043197901170305,37286.219126366545,SYNTHETIC_PROTOTYPE_DATA,False
wardah-exclusive-matte-lip-cream-008,wardah-exclusive-matte-lip-cream,lip_cream,0.04693303983913468,0.10632101867288304,0.3159224276321097,1.0722120409712754,2.1617767631459186,1.6954394041961478,21687.526392300526,SYNTHETIC_PROTOTYPE_DATA,False
wardah-exclusive-matte-lip-cream-009,wardah-exclusive-matte-lip-cream,lip_cream,0.5780331242618844,0.4952898478759285,0.6951029132562302,1.4844247712257972,3.8779248341360733,3.298792822557174,34265.408805346604,SYNTHETIC_PROTOTYPE_DATA,False
wardah-exclusive-matte-lip-cream-010,wardah-exclusive-matte-lip-cream,lip_cream,0.37778409774749944,0.7946241955651764,0.8618216916043109,1.6661928310677998,4.753129325849283,4.062064637760613,37244.11242376821,SYNTHETIC_PROTOTYPE_DATA,False
wardah-exclusive-matte-lip-cream-011,wardah-exclusive-matte-lip-cream,lip_cream,0.5224281927637513,0.17930468914341335,0.2137362784917762,1.1807381543456428,2.4748863706049495,2.000307915051536,22228.575389186517,SYNTHETIC_PROTOTYPE_DATA,False
wardah-exclusive-matte-lip-cream-012,wardah-exclusive-matte-lip-cream,lip_cream,0.890414331010368,0.8068810098986605,0.34355549958205084,1.6225049958830438,4.259803157487812,4.0579647886954815,28617.987591214027,SYNTHETIC_PROTOTYPE_DATA,False
wardah-exclusive-matte-lip-cream-013,wardah-exclusive-matte-lip-cream,lip_cream,0.32075939329562453,0.8246956841877953,0.45577183902539087,1.5706297201099995,4.180314571669038,3.809407052028496,28131.817485942545,SYNTHETIC_PROTOTYPE_DATA,False
wardah-exclusive-matte-lip-cream-014,wardah-exclusive-matte-lip-cream,lip_cream,0.13313315030447198,0.7589366542442624,0.3784807990471058,1.4825659653139642,3.8128333931698233,3.432106600055062,25223.66622104897,SYNTHETIC_PROTOTYPE_DATA,False
wardah-exclusive-matte-lip-cream-015,wardah-exclusive-matte-lip-cream,lip_cream,0.44339202325402977,0.676820278652024,0.1963560931769388,1.4407047317948949,3.4989151408120716,3.3124246784224574,22850.433187892268,SYNTHETIC_PROTOTYPE_DATA,False
wardah-exclusive-matte-lip-cream-016,wardah-exclusive-matte-lip-cream,lip_cream,0.3965721651498202,0.4983274096572209,0.8694074920934335,1.4831195714507044,4.071015250299884,3.3549724616695675,36884.456588705245,SYNTHETIC_PROTOTYPE_DATA,False
wardah-exclusive-matte-lip-cream-017,wardah-exclusive-matte-lip-cream,lip_cream,0.46330703806894025,0.4733397191307665,0.23330134074494419,1.3365969014313281,3.0525359908401293,2.8022025570248905,23169.87848135736,SYNTHETIC_PROTOTYPE_DATA,False
wardah-exclusive-matte-lip-cream-018,wardah-exclusive-matte-lip-cream,lip_cream,0.9157220894760155,0.7840286693933194,0.49135457110643393,1.6465182918665395,4.427246856067716,4.119558897479802,32349.72270876369,SYNTHETIC_PROTOTYPE_DATA,False
wardah-exclusive-matte-lip-cream-019,wardah-exclusive-matte-lip-cream,lip_cream,0.05238308032161066,0.40044341615132134,0.868138004121047,1.3811903131330643,3.5550638060568054,2.937739288631874,33987.67186455159,SYNTHETIC_PROTOTYPE_DATA,False
wardah-exclusive-matte-lip-cream-020,wardah-exclusive-matte-lip-cream,lip_cream,0.6717982795108086,0.2795962621820457,0.5114603437579051,1.3301254645186962,3.1895851616217854,2.611103295323832,30063.888517366217,SYNTHETIC_PROTOTYPE_DATA,False
wardah-exclusive-matte-lip-cream-021,wardah-exclusive-matte-lip-cream,lip_cream,0.749585308094858,0.14889874806195827,0.47666114475938226,1.2513784877806118,2.880786996098373,2.220975751627767,29420.85295248056,SYNTHETIC_PROTOTYPE_DATA,False
wardah-exclusive-matte-lip-cream-022,wardah-exclusive-matte-lip-cream,lip_cream,0.2426256882800583,0.22970557762950924,0.6660956756304285,1.2526200182041383,3.0143963314165654,2.4025455143945234,30639.58080549713,SYNTHETIC_PROTOTYPE_DATA,False
wardah-exclusive-matte-lip-cream-023,wardah-exclusive-matte-lip-cream,lip_cream,0.07260971983344122,0.8060905721145581,0.36088706530969783,1.4817600222763292,3.8527567001704472,3.500508137857595,24696.143494916425,SYNTHETIC_PROTOTYPE_DATA,False
wardah-exclusive-matte-lip-cream-024,wardah-exclusive-matte-lip-cream,lip_cream,0.4369181586669082,0.6899687181381954,0.7381062521880367,1.5822722519681975,4.385993760669984,3.743442383656311,34547.452564735046,SYNTHETIC_PROTOTYPE_DATA,False
wardah-exclusive-matte-lip-cream-025,wardah-exclusive-matte-lip-cream,lip_cream,0.4673559640169538,0.9129320185619015,0.6540265822188149,1.6833784140431176,4.772059298927669,4.2825673294066124,33568.61336290726,SYNTHETIC_PROTOTYPE_DATA,False
wardah-exclusive-matte-lip-cream-026,wardah-exclusive-matte-lip-cream,lip_cream,0.05164151900278742,0.6544677072809022,0.1638698558739733,1.3517210740483507,3.196995562495282,2.928809043528706,20081.551011769538,SYNTHETIC_PROTOTYPE_DATA,False
wardah-exclusive-matte-lip-cream-027,wardah-exclusive-matte-lip-cream,lip_cream,0.583372136554646,0.12364057420071234,0.6459685377095105,1.2460867346852547,2.918841185918646,2.254805060179513,32287.318037241293,SYNTHETIC_PROTOTYPE_DATA,False
wardah-exclusive-matte-lip-cream-028,wardah-exclusive-matte-lip-cream,lip_cream,0.4803204066157989,0.5830196797972977,0.20349958461012693,1.3959749228242255,3.3463411447242097,3.0830093170266175,22947.405063534206,SYNTHETIC_PROTOTYPE_DATA,False
wardah-exclusive-matte-lip-cream-029,wardah-exclusive-matte-lip-cream,lip_cream,0.8535472745077934,0.40917741001196084,0.830561113430827,1.4951999782253649,3.9741231982093437,3.3051479375692017,38997.24096188153,SYNTHETIC_PROTOTYPE_DATA,False
wardah-exclusive-matte-lip-cream-030,wardah-exclusive-matte-lip-cream,lip_cream,0.5201570281356328,0.6506285322373188,0.34245965393070366,1.47683816895374,3.68503522905319,3.367279043380693,26411.23406955791,SYNTHETIC_PROTOTYPE_DATA,False
wardah-exclusive-matte-lip-cream-031,wardah-exclusive-matte-lip-cream,lip_cream,0.8324939392580977,0.23065804779051585,0.5157662269883749,1.324369113721883,3.1618762058963013,2.5720342678055212,31039.241207378585,SYNTHETIC_PROTOTYPE_DATA,False
wardah-exclusive-matte-lip-cream-032,wardah-exclusive-matte-lip-cream,lip_cream,0.5928184487648517,0.6422995581607446,0.13304838077075576,1.4365081758961913,3.3840508812078047,3.282112934619829,21928.63127236046,SYNTHETIC_PROTOTYPE_DATA,False
wardah-exclusive-matte-lip-cream-033,wardah-exclusive-matte-lip-cream,lip_cream,0.04926090604335439,0.6725352448684935,0.5170621772863696,1.4518503155249307,3.7670806998441697,3.3234546519418653,27398.967421835507,SYNTHETIC_PROTOTYPE_DATA,False
wardah-exclusive-matte-lip-cream-034,wardah-exclusive-matte-lip-cream,lip_cream,0.9205016461642241,0.6563093807641669,0.5661489594634688,1.5904231796000132,4.278524367018534,3.8299726248851997,33875.74313464921,SYNTHETIC_PROTOTYPE_DATA,False
wardah-exclusive-matte-lip-cream-035,wardah-exclusive-matte-lip-cream,lip_cream,0.7743303169219176,0.8417339807633358,0.652473404601887,1.7118605144174257,4.734835522927754,4.359065896280915,35402.226345916846,SYNTHETIC_PROTOTYPE_DATA,False
wardah-exclusive-matte-lip-cream-036,wardah-exclusive-matte-lip-cream,lip_cream,0.4237968542420928,0.8871115315876016,0.2643238138865663,1.5712098785613418,4.056426381112972,3.9240994591370097,24771.240538314974,SYNTHETIC_PROTOTYPE_DATA,False
wardah-exclusive-matte-lip-cream-037,wardah-exclusive-matte-lip-cream,lip_cream,0.16190393378426568,0.5443854598420347,0.8451163830141878,1.4851855707848904,3.936006128221247,3.297860328234978,34614.26594086701,SYNTHETIC_PROTOTYPE_DATA,False
wardah-exclusive-matte-lip-cream-038,wardah-exclusive-matte-lip-cream,lip_cream,0.5341838425682391,0.6587716819718157,0.9373910474023365,1.623410551792577,4.6207713621396,3.9017048070909084,39846.13284842083,SYNTHETIC_PROTOTYPE_DATA,False
wardah-exclusive-matte-lip-cream-039,wardah-exclusive-matte-lip-cream,lip_cream,0.45870259516689543,0.8920042878106694,0.4583230128160213,1.6211644128660516,4.361150528704841,4.0510694316269955,29152.178692779857,SYNTHETIC_PROTOTYPE_DATA,False
wardah-exclusive-matte-lip-cream-040,wardah-exclusive-matte-lip-cream,lip_cream,0.1458024110216254,0.04460652905173114,0.2971957317606739,1.056336176009313,2.079443995223189,1.5567480562405143,21697.337485006254,SYNTHETIC_PROTOTYPE_DATA,False
wardah-exclusive-matte-lip-cream-041,wardah-exclusive-matte-lip-cream,lip_cream,0.8950971609499546,0.5619716356165996,0.9487015153053266,1.6326733926347008,4.582675848704156,3.888842485541585,42488.65541819025,SYNTHETIC_PROTOTYPE_DATA,False
wardah-exclusive-matte-lip-cream-042,wardah-exclusive-matte-lip-cream,lip_cream,0.31332806270217906,0.3537932648503518,0.6971865983407045,1.3572046675523346,3.345868195527559,2.757533684182622,32067.714042210508,SYNTHETIC_PROTOTYPE_DATA,False
wardah-exclusive-matte-lip-cream-043,wardah-exclusive-matte-lip-cream,lip_cream,0.7566084952538006,0.5000530396875448,0.4606575504916049,1.4502395462364917,3.662823980307414,3.2877073732285855,29964.57819703015,SYNTHETIC_PROTOTYPE_DATA,False
wardah-exclusive-matte-lip-cream-044,wardah-exclusive-matte-lip-cream,lip_cream,0.4688190914442192,0.64856002018524,0.2089878986856037,1.4274683494654719,3.454951819899122,3.2540571536903453,23076.629316938426,SYNTHETIC_PROTOTYPE_DATA,False
wardah-exclusive-matte-lip-cream-045,wardah-exclusive-matte-lip-cream,lip_cream,0.2324009700393011,0.5798422186012664,0.8270610848369835,1.5006619322680277,4.094592727288305,3.4316672469657457,34954.0747933787,SYNTHETIC_PROTOTYPE_DATA,False
wardah-exclusive-matte-lip-cream-046,wardah-exclusive-matte-lip-cream,lip_cream,0.31195123830638066,0.15077713415447377,0.2711091941223575,1.134365698854559,2.396226007713266,1.915745597321497,22355.08979688165,SYNTHETIC_PROTOTYPE_DATA,False
wardah-exclusive-matte-lip-cream-047,wardah-exclusive-matte-lip-cream,lip_cream,0.6595480701478016,0.16565275400330742,0.04520015679213277,1.1746405757441396,2.3506868567221466,1.8950742380224144,19021.066944351944,SYNTHETIC_PROTOTYPE_DATA,False
wardah-exclusive-matte-lip-cream-048,wardah-exclusive-matte-lip-cream,lip_cream,0.8417853541520436,0.21369072462158203,0.7573738749257315,1.352026492535897,3.4175876446207636,2.675695005237855,36631.5021470409,SYNTHETIC_PROTOTYPE_DATA,False
wardah-exclusive-matte-lip-cream-049,wardah-exclusive-matte-lip-cream,lip_cream,0.898282882827098,0.47191480514741624,0.5744033564018647,1.4774812052736452,3.8093017123327844,3.3212552066709407,33396.662497304416,SYNTHETIC_PROTOTYPE_DATA,False
wardah-exclusive-matte-lip-cream-050,wardah-exclusive-matte-lip-cream,lip_cream,0.7894285184118441,0.9590526302211642,0.5624798060717431,1.750524956865117,4.873266184739457,4.626944873732273,33694.96647838529,SYNTHETIC_PROTOTYPE_DATA,False
wardah-exclusive-matte-lip-cream-051,wardah-exclusive-matte-lip-cream,lip_cream,0.0962898534770106,0.8207242727138522,0.07299433559837369,1.4200641917702268,3.3747356960495587,3.3074130945018645,18841.231860217908,SYNTHETIC_PROTOTYPE_DATA,False
wardah-exclusive-matte-lip-cream-052,wardah-exclusive-matte-lip-cream,lip_cream,0.49161167469569167,0.21337151979262686,0.6972859309240363,1.2991109544057653,3.1352506162165303,2.4978415395175877,32849.679476707126,SYNTHETIC_PROTOTYPE_DATA,False
wardah-exclusive-matte-lip-cream-053,wardah-exclusive-matte-lip-cream,lip_cream,0.53243838459776,0.5289876191549681,0.5414299407914112,1.453226855556334,3.6907676928745143,3.243708682658596,30558.179700675373,SYNTHETIC_PROTOTYPE_DATA,False
wardah-exclusive-matte-lip-cream-054,wardah-exclusive-matte-lip-cream,lip_cream,0.22859939309963348,0.9343923344649981,0.9285625181268308,1.7453662311487443,5.140734051667922,4.428742111078183,38019.71877000505,SYNTHETIC_PROTOTYPE_DATA,False
wardah-exclusive-matte-lip-cream-055,wardah-exclusive-matte-lip-cream,lip_cream,0.048718552478664044,0.6356780690805421,0.06429070458439136,1.3004892977511289,3.0173520005938936,2.863141582991997,17955.770976456064,SYNTHETIC_PROTOTYPE_DATA,False
wardah-exclusive-matte-lip-cream-056,wardah-exclusive-matte-lip-cream,lip_cream,0.8594640160486575,0.6560160162891358,0.598245956266053,1.5873934647398469,4.266569173259402,3.8214886225873204,34139.08489604186,SYNTHETIC_PROTOTYPE_DATA,False
wardah-exclusive-matte-lip-cream-057,wardah-exclusive-matte-lip-cream,lip_cream,0.18156656097371626,0.3387473617361844,0.8264144471289351,1.347068373611131,3.482738308550644,2.757057454295854,33919.65302486229,SYNTHETIC_PROTOTYPE_DATA,False
wardah-exclusive-matte-lip-cream-058,wardah-exclusive-matte-lip-cream,lip_cream,0.0726527183144226,0.4651518772005669,0.2748754102456152,1.2771076962937873,2.917581589886305,2.564247027432471,21937.716776478766,SYNTHETIC_PROTOTYPE_DATA,False
wardah-exclusive-matte-lip-cream-059,wardah-exclusive-matte-lip-cream,lip_cream,0.516364132541783,0.7899186877642013,0.25339796491696953,1.5215673418050826,3.84896930311105,3.6714681160605624,24778.489588780634,SYNTHETIC_PROTOTYPE_DATA,False
wardah-exclusive-matte-lip-cream-060,wardah-exclusive-matte-lip-cream,lip_cream,0.22369451005732352,0.5694855814733886,0.7150382506923524,1.4626809440804522,3.8837916819936242,3.296958339939206,32404.21044746214,SYNTHETIC_PROTOTYPE_DATA,False
wardah-exclusive-matte-lip-cream-061,wardah-exclusive-matte-lip-cream,lip_cream,0.07414383806472667,0.7258439360236473,0.5836224136126898,1.5079043016472966,3.9463966821242016,3.4440882055980837,29023.653247246595,SYNTHETIC_PROTOTYPE_DATA,False
wardah-exclusive-matte-lip-cream-062,wardah-exclusive-matte-lip-cream,lip_cream,0.5181763838854306,0.5315803025581226,0.5279067317216013,1.4512794833005178,3.7084175832094086,3.2559731240518506,30130.92358730256,SYNTHETIC_PROTOTYPE_DATA,False
wardah-exclusive-matte-lip-cream-063,wardah-exclusive-matte-lip-cream,lip_cream,0.12631747516972286,0.12424221280972081,0.9121636002162866,1.2426171222514593,3.0197901825625335,2.2452673550102715,34685.29305904621,SYNTHETIC_PROTOTYPE_DATA,False
wardah-exclusive-matte-lip-cream-064,wardah-exclusive-matte-lip-cream,lip_cream,0.40977664493615545,0.8839590652203918,0.6702247718003661,1.6717986737526678,4.6713963682348565,4.190944294907645,33589.86158698807,SYNTHETIC_PROTOTYPE_DATA,False
wardah-exclusive-matte-lip-cream-065,wardah-exclusive-matte-lip-cream,lip_cream,0.7909221614248128,0.10537597888919617,0.18470207645215397,1.191324756411168,2.47163663631366,1.875391425902326,22819.137882939038,SYNTHETIC_PROTOTYPE_DATA,False
wardah-exclusive-matte-lip-cream-066,wardah-exclusive-matte-lip-cream,lip_cream,0.5635003012983925,0.8275458889179418,0.6786682540820959,1.6645398032512415,4.627816064013333,4.1853819875708,34573.450537410135,SYNTHETIC_PROTOTYPE_DATA,False
wardah-exclusive-matte-lip-cream-067,wardah-exclusive-matte-lip-cream,lip_cream,0.42525745844201746,0.19003256808065994,0.7911658404171097,1.2846632312411408,3.174511907714854,2.4528947857408125,34539.6208965277,SYNTHETIC_PROTOTYPE_DATA,False
wardah-exclusive-matte-lip-cream-068,wardah-exclusive-matte-lip-cream,lip_cream,0.2085231823689885,0.3231331112556401,0.5409438745108849,1.2843167449601443,3.0665559154022963,2.521534814266999,28056.188361331693,SYNTHETIC_PROTOTYPE_DATA,False
wardah-exclusive-matte-lip-cream-069,wardah-exclusive-matte-lip-cream,lip_cream,0.7125126978305579,0.4605419454307288,0.43428969843383614,1.4192161006860449,3.5117631504375635,3.0563804299230557,28949.97378092375,SYNTHETIC_PROTOTYPE_DATA,False
wardah-exclusive-matte-lip-cream-070,wardah-exclusive-matte-lip-cream,lip_cream,0.8385475152330168,0.6078899501620213,0.668174758063896,1.5752731259284305,4.273122238792659,3.6949687671052707,35546.99385715447,SYNTHETIC_PROTOTYPE_DATA,False
wardah-exclusive-matte-lip-cream-071,wardah-exclusive-matte-lip-cream,lip_cream,0.41884703577765336,0.16247016411484716,0.6312589058076021,1.2422421592206792,2.9312592368853663,2.247449607067279,30919.639823544025,SYNTHETIC_PROTOTYPE_DATA,False
wardah-exclusive-matte-lip-cream-072,wardah-exclusive-matte-lip-cream,lip_cream,0.15088063268085386,0.6366849486654722,0.6334453262946466,1.4903671342976579,3.8914326520671474,3.382131903604413,30406.089658294637,SYNTHETIC_PROTOTYPE_DATA,False
wardah-exclusive-matte-lip-cream-073,wardah-exclusive-matte-lip-cream,lip_cream,0.33126194548140436,0.5151329088566166,0.6229826044583892,1.4358178963078068,3.6678106031778834,3.106627882459353,31050.257221633117,SYNTHETIC_PROTOTYPE_DATA,False
wardah-exclusive-matte-lip-cream-074,wardah-exclusive-matte-lip-cream,lip_cream,0.34905918561730326,0.4370447657688848,0.554191788961094,1.3740527121422954,3.43562809438388,2.870601065653534,29394.48336754316,SYNTHETIC_PROTOTYPE_DATA,False
wardah-exclusive-matte-lip-cream-075,wardah-exclusive-matte-lip-cream,lip_cream,0.19406339501018666,0.052394657959742116,0.0840491399574183,1.0378974557333571,1.9068272802437423,1.4383690445161859,17519.244021387436,SYNTHETIC_PROTOTYPE_DATA,False
wardah-exclusive-matte-lip-cream-076,wardah-exclusive-matte-lip-cream,lip_cream,0.3569015753816124,0.5787723224639857,0.6349126636651993,1.4915291146016598,3.8852422866827805,3.3444333964868185,31594.03403978582,SYNTHETIC_PROTOTYPE_DATA,False
wardah-exclusive-matte-lip-cream-077,wardah-exclusive-matte-lip-cream,lip_cream,0.7926963117393083,0.31876416673150937,0.43580172174846993,1.3568544217460654,3.244097117958858,2.7192448132627858,29107.734663620795,SYNTHETIC_PROTOTYPE_DATA,False
wardah-exclusive-matte-lip-cream-078,wardah-exclusive-matte-lip-cream,lip_cream,0.19281392988918022,0.8466091875387735,0.7610815195634019,1.6329811931205933,4.631289182821823,4.033400122521635,33916.55812189208,SYNTHETIC_PROTOTYPE_DATA,False
wardah-exclusive-matte-lip-cream-079,wardah-exclusive-matte-lip-cream,lip_cream,0.6300199179736717,0.22063280080880332,0.48798927863974106,1.2718465524121159,2.9948006777094527,2.3780628977751643,28964.137166351447,SYNTHETIC_PROTOTYPE_DATA,False
wardah-exclusive-matte-lip-cream-080,wardah-exclusive-matte-lip-cream,lip_cream,0.6623304909015804,0.9298509537777276,0.09304903100468659,1.583886263572866,3.999929046711764,4.098831935252754,22240.72453672106,SYNTHETIC_PROTOTYPE_DATA,False
wardah-exclusive-matte-lip-cream-081,wardah-exclusive-matte-lip-cream,lip_cream,0.5103534281688765,0.35101689458208074,0.4688353881769164,1.328062337833203,3.148991141015966,2.6554207401880365,28278.236452471843,SYNTHETIC_PROTOTYPE_DATA,False
wardah-exclusive-matte-lip-cream-082,wardah-exclusive-matte-lip-cream,lip_cream,0.7278508350570724,0.13687697496691734,0.30300867098477835,1.2165946852279117,2.622878421290804,2.0701272331127445,25277.57289328848,SYNTHETIC_PROTOTYPE_DATA,False
wardah-exclusive-matte-lip-cream-083,wardah-exclusive-matte-lip-cream,lip_cream,0.3667560397162137,0.6063366982231599,0.7682829383063282,1.5284276674701376,4.1419356341702525,3.4796372812656577,34696.80332573763,SYNTHETIC_PROTOTYPE_DATA,False
wardah-exclusive-matte-lip-cream-084,wardah-exclusive-matte-lip-cream,lip_cream,0.7591212463478882,0.5958621108865632,0.4193992901486109,1.4946542310961883,3.8012109176848154,3.4561609876423107,29248.053265819784,SYNTHETIC_PROTOTYPE_DATA,False
wardah-exclusive-matte-lip-cream-085,wardah-exclusive-matte-lip-cream,lip_cream,0.3186393901846733,0.45794451699875927,0.30477200277905814,1.3138735461360065,3.11202087429833,2.7265563106447464,23901.23972914774,SYNTHETIC_PROTOTYPE_DATA,False
wardah-exclusive-matte-lip-cream-086,wardah-exclusive-matte-lip-cream,lip_cream,0.5245780054793358,0.4456536372324436,0.7125784016174411,1.439820806331176,3.784533037373412,3.108374730158972,34079.24644881704,SYNTHETIC_PROTOTYPE_DATA,False
wardah-exclusive-matte-lip-cream-087,wardah-exclusive-matte-lip-cream,lip_cream,0.2710133310892898,0.5627374721751148,0.4046682960142617,1.4043128573499093,3.453210610821325,3.0794657683109357,26169.919190476874,SYNTHETIC_PROTOTYPE_DATA,False
wardah-exclusive-matte-lip-cream-088,wardah-exclusive-matte-lip-cream,lip_cream,0.22457152323922494,0.637713254440111,0.4606629166079442,1.4551518980008908,3.7200827502379674,3.233564779442145,27238.849495597373,SYNTHETIC_PROTOTYPE_DATA,False
wardah-exclusive-matte-lip-cream-089,wardah-exclusive-matte-lip-cream,lip_cream,0.1708198244255456,0.9345971889004043,0.4452260907222159,1.6039208184563942,4.274036267849954,3.972778793992688,27380.99676905484,SYNTHETIC_PROTOTYPE_DATA,False
wardah-exclusive-matte-lip-cream-090,wardah-exclusive-matte-lip-cream,lip_cream,0.886831583570748,0.5648375886628557,0.21712375921353808,1.450068857568486,3.5154160553729294,3.302148626194945,25109.661201096456,SYNTHETIC_PROTOTYPE_DATA,False
wardah-exclusive-matte-lip-cream-091,wardah-exclusive-matte-lip-cream,lip_cream,0.5813930005769308,0.4409511400824648,0.24064421386214696,1.3404083885179854,3.1096958528143857,2.7969298800175526,23795.70058127923,SYNTHETIC_PROTOTYPE_DATA,False
wardah-exclusive-matte-lip-cream-092,wardah-exclusive-matte-lip-cream,lip_cream,0.21728649792264393,0.7769716912385907,0.2985829590060391,1.474833004795794,3.7509299199996162,3.4807520483462726,24101.053547936604,SYNTHETIC_PROTOTYPE_DATA,False
wardah-exclusive-matte-lip-cream-093,wardah-exclusive-matte-lip-cream,lip_cream,0.19870885105938407,0.7385625085902581,0.6037340757129621,1.5383698025948882,4.1451209012467585,3.5787937958753635,30359.2815290654,SYNTHETIC_PROTOTYPE_DATA,False
wardah-exclusive-matte-lip-cream-094,wardah-exclusive-matte-lip-cream,lip_cream,0.9553185202288845,0.8736243302216459,0.05651027853737097,1.603884125470047,3.977304445660639,4.1261450760634615,22525.658187532652,SYNTHETIC_PROTOTYPE_DATA,False
wardah-exclusive-matte-lip-cream-095,wardah-exclusive-matte-lip-cream,lip_cream,0.8611066791834155,0.1256216709235281,0.9063502097652283,1.3406452880095845,3.4030481286308336,2.566770298606437,40171.74459182306,SYNTHETIC_PROTOTYPE_DATA,False
emina-creamatte-000,emina-creamatte,lip_cream,0.46799999999999997,0.40499999999999997,0.375,1.3830074999999997,3.2624312499999997,2.6803830000000004,26192.899999999998,SYNTHETIC_PROTOTYPE_DATA,False
emina-creamatte-001,emina-creamatte,lip_cream,0.26049828311701045,0.2221278457192159,0.5217350455480047,1.2744413957466747,2.944865271784529,2.2001700270863074,27727.516341802617,SYNTHETIC_PROTOTYPE_DATA,False
emina-creamatte-002,emina-creamatte,lip_cream,0.6648511692948283,0.881690228717112,0.7253112726579146,1.7731729794193378,5.046384261767801,4.407405025358341,36628.10683471786,SYNTHETIC_PROTOTYPE_DATA,False
emina-creamatte-003,emina-creamatte,lip_cream,0.7129330395461091,0.41755342296336295,0.7647564024274413,1.5149369973433144,3.9389968971811595,3.126792330857969,36662.090937443216,SYNTHETIC_PROTOTYPE_DATA,False
emina-creamatte-004,emina-creamatte,lip_cream,0.6035783599526734,0.5206017708179272,0.9395166695796814,1.5945434192159427,4.455236180955139,3.5570893935752115,40020.37655659785,SYNTHETIC_PROTOTYPE_DATA,False
emina-creamatte-005,emina-creamatte,lip_cream,0.5120094613164717,0.5591350478266717,0.8946666641936952,1.5921076944496317,4.422774937824507,3.5164669822867465,38439.14330780377,SYNTHETIC_PROTOTYPE_DATA,False
emina-creamatte-006,emina-creamatte,lip_cream,0.09514976898578698,0.9282919949449188,0.3562491729653913,1.5969145860988894,4.150451439878402,3.7016287726425587,25005.35774207119,SYNTHETIC_PROTOTYPE_DATA,False
emina-creamatte-007,emina-creamatte,lip_cream,0.4029582880561162,0.4726737055189593,0.24896462694351226,1.3870684971457174,3.2055246633929184,2.7031960597979277,23210.03068658514,SYNTHETIC_PROTOTYPE_DATA,False
emina-creamatte-008,emina-creamatte,lip_cream,0.29067268187679446,0.12571939110524283,0.7617338176217043,1.2753475894169715,2.9889779890520836,2.1950447881877206,32810.373874141704,SYNTHETIC_PROTOTYPE_DATA,False
emina-creamatte-009,emina-creamatte,lip_cream,0.1426155482887283,0.2565244243387018,0.7292807694209569,1.3194891129881068,3.174451732580162,2.390395724257042,31456.96856993222,SYNTHETIC_PROTOTYPE_DATA,False
emina-creamatte-010,emina-creamatte,lip_cream,0.3253669549266178,0.330588465151597,0.2799316438946707,1.294241704222947,2.895146406613777,2.3121226162667847,23118.92595901494,SYNTHETIC_PROTOTYPE_DATA,False
emina-creamatte-011,emina-creamatte,lip_cream,0.20928461462821446,0.48389777322398086,0.08492452807358936,1.3149206139169396,2.8905931279813344,2.486918828339244,18785.76665036875,SYNTHETIC_PROTOTYPE_DATA,False
emina-creamatte-012,emina-creamatte,lip_cream,0.7069780182857767,0.8281805581771172,0.0658436211537887,1.578302073191181,3.887029832398796,3.7778918628156415,21524.884749591107,SYNTHETIC_PROTOTYPE_DATA,False
emina-creamatte-013,emina-creamatte,lip_cream,0.8866330333917164,0.5448867636509602,0.2782375233835406,1.509874268822316,3.6845224914132126,3.203379528940306,26641.671361277044,SYNTHETIC_PROTOTYPE_DATA,False
emina-creamatte-014,emina-creamatte,lip_cream,0.3340285009916182,0.8251435345842401,0.5476866335345719,1.6433339095552577,4.39070507694035,3.8358206685452583,30350.631028975364,SYNTHETIC_PROTOTYPE_DATA,False
emina-creamatte-015,emina-creamatte,lip_cream,0.8718465334840275,0.3965487520788024,0.8348218287533204,1.5510773945694323,4.079103754304731,3.2386556243761153,39295.30720039719,SYNTHETIC_PROTOTYPE_DATA,False
emina-creamatte-016,emina-creamatte,lip_cream,0.14522009021481797,0.4113484058535573,0.44636595293653736,1.357884471770675,3.2342464473531356,2.548696623336418,25867.914003769434,SYNTHETIC_PROTOTYPE_DATA,False
emina-creamatte-017,emina-creamatte,lip_cream,0.6216748494657056,0.9060921221659017,0.1754530764936239,1.629789043801876,4.131351588611818,3.921864597307617,23702.226563571672,SYNTHETIC_PROTOTYPE_DATA,False
emina-creamatte-018,emina-creamatte,lip_cream,0.3876344038766397,0.6696019498184039,0.7536617798599055,1.612821159083542,4.400600585483043,3.628920112634886,34661.15490514579,SYNTHETIC_PROTOTYPE_DATA,False
emina-creamatte-019,emina-creamatte,lip_cream,0.7615716418553814,0.7068189342862261,0.12867874135053145,1.5323722846204204,3.7515197336454453,3.4720043935754363,22965.801571882745,SYNTHETIC_PROTOTYPE_DATA,False
emina-creamatte-020,emina-creamatte,lip_cream,0.6618525660247274,0.053327046562688434,0.8282503258366255,1.3021153793709135,3.0650123348849174,2.1289747694192425,36711.53534462709,SYNTHETIC_PROTOTYPE_DATA,False
emina-creamatte-021,emina-creamatte,lip_cream,0.8624935935065311,0.14418280940389672,0.6085837329081668,1.3402115104055894,3.187913446615114,2.3374257302139485,33192.44542011149,SYNTHETIC_PROTOTYPE_DATA,False
emina-creamatte-022,emina-creamatte,lip_cream,0.9253172790538848,0.11037038539097707,0.623591131795232,1.339150978852544,3.1772286470090765,2.289454199890493,33878.396507645855,SYNTHETIC_PROTOTYPE_DATA,False
emina-creamatte-023,emina-creamatte,lip_cream,0.5907824889351609,0.7127055061128631,0.879008460415993,1.7084867563001298,4.792941754036163,3.9869265345285387,39040.49426832038,SYNTHETIC_PROTOTYPE_DATA,False
emina-creamatte-024,emina-creamatte,lip_cream,0.18390526205129454,0.3321684773219211,0.5058920288646916,1.3303407660310707,3.123039354923089,2.414930490030436,27116.428544197413,SYNTHETIC_PROTOTYPE_DATA,False
emina-creamatte-025,emina-creamatte,lip_cream,0.3128585863768687,0.38462456608983286,0.47566567725411846,1.36583473395422,3.2960280730608664,2.5942904874047845,27465.859476405018,SYNTHETIC_PROTOTYPE_DATA,False
emina-creamatte-026,emina-creamatte,lip_cream,0.24267940972604177,0.7854510251205833,0.4550126122077402,1.5856325431142002,4.161946238120557,3.554471555738773,27706.597427461962,SYNTHETIC_PROTOTYPE_DATA,False
emina-creamatte-027,emina-creamatte,lip_cream,0.20206489050352247,0.5463935132823481,0.6971911418575213,1.5051429334544688,3.9096245409320467,3.1495375188510213,31914.300673660615,SYNTHETIC_PROTOTYPE_DATA,False
emina-creamatte-028,emina-creamatte,lip_cream,0.5606780425204045,0.2257019727377578,0.4512179900079704,1.31518406679747,3.0208031656738012,2.317258488527691,27970.725057508214,SYNTHETIC_PROTOTYPE_DATA,False
emina-creamatte-029,emina-creamatte,lip_cream,0.768813225435988,0.8137443320268541,0.14642869398485286,1.5956088086744096,4.018632491225485,3.781048981176181,23556.12796715549,SYNTHETIC_PROTOTYPE_DATA,False
emina-creamatte-030,emina-creamatte,lip_cream,0.4896922988160398,0.540884610232049,0.3527783345412968,1.4553894686861415,3.557333115193288,3.0591524898596885,26300.575132610564,SYNTHETIC_PROTOTYPE_DATA,False
emina-creamatte-031,emina-creamatte,lip_cream,0.264060144128598,0.3133189744645061,0.30409935943038097,1.2856222575390026,2.829728424319572,2.2869419732682745,23273.174120126743,SYNTHETIC_PROTOTYPE_DATA,False
emina-creamatte-032,emina-creamatte,lip_cream,0.25618561309669785,0.6911438828786318,0.8848856546198831,1.6352221815110894,4.58907155681488,3.6714651145120016,36694.39881456984,SYNTHETIC_PROTOTYPE_DATA,False
emina-creamatte-033,emina-creamatte,lip_cream,0.5607366388919168,0.42263246689374306,0.5082640895322604,1.4375715279697334,3.5150794101346974,2.8929647123269224,29828.276404340788,SYNTHETIC_PROTOTYPE_DATA,False
emina-creamatte-034,emina-creamatte,lip_cream,0.4180125105238261,0.7639393909265167,0.4590324432901618,1.6056964890577932,4.182118760211261,3.6813053711527384,28729.545442088143,SYNTHETIC_PROTOTYPE_DATA,False
emina-creamatte-035,emina-creamatte,lip_cream,0.37571335269989076,0.2026762667436561,0.4044225472852753,1.2675406211060947,2.766207069206026,2.1530989259135684,25773.49785082455,SYNTHETIC_PROTOTYPE_DATA,False
emina-creamatte-036,emina-creamatte,lip_cream,0.7248791189807284,0.1001648716061902,0.10069465851847148,1.2035832096757346,2.3565726245396297,1.806504677136903,20455.273746363455,SYNTHETIC_PROTOTYPE_DATA,False
emina-creamatte-037,emina-creamatte,lip_cream,0.7655095912489839,0.20342287710449133,0.5247500543376428,1.3470752148187775,3.135224187110288,2.3979570150337497,30796.757020590274,SYNTHETIC_PROTOTYPE_DATA,False
emina-creamatte-038,emina-creamatte,lip_cream,0.5106363507086857,0.9236779269737864,0.08533227529961161,1.5923393766152503,3.9947451934300116,3.8484046576754687,21383.17890514401,SYNTHETIC_PROTOTYPE_DATA,False
emina-creamatte-039,emina-creamatte,lip_cream,0.06571109292423599,0.15554957706182002,0.2691269981674123,1.1570061257732092,2.347382303168744,1.766624569393565,21139.679525106178,SYNTHETIC_PROTOTYPE_DATA,False
emina-creamatte-040,emina-creamatte,lip_cream,0.47248610159570437,0.4396088196299395,0.7361409783541107,1.4793452330394292,3.835654434486807,3.0396293642076513,34411.75319544023,SYNTHETIC_PROTOTYPE_DATA,False
emina-creamatte-041,emina-creamatte,lip_cream,0.44981792004872134,0.9458898643871371,0.0751613356869526,1.5907595062416864,4.02142524060607,3.88155761015297,20914.206129885773,SYNTHETIC_PROTOTYPE_DATA,False
emina-creamatte-042,emina-creamatte,lip_cream,0.9395287474846706,0.7100438252473652,0.6112835277806608,1.67443696848326,4.593419121678181,4.029508789808549,35224.67990105629,SYNTHETIC_PROTOTYPE_DATA,False
emina-creamatte-043,emina-creamatte,lip_cream,0.16683296118448326,0.4329641850508305,0.5725391642779235,1.3981956307046577,3.439690733632056,2.7307611474312563,28810.137642813625,SYNTHETIC_PROTOTYPE_DATA,False
emina-creamatte-044,emina-creamatte,lip_cream,0.17860355868788821,0.9012438960265855,0.3099751342975367,1.5997068159445755,4.074233664382414,3.6794385037274897,24476.036625231,SYNTHETIC_PROTOTYPE_DATA,False
emina-creamatte-045,emina-creamatte,lip_cream,0.7454234717848425,0.9162250028930938,0.15637192436961495,1.6611335442598887,4.287731037746375,4.097523698517993,24012.70666460461,SYNTHETIC_PROTOTYPE_DATA,False
emina-creamatte-046,emina-creamatte,lip_cream,0.24061848023213744,0.22071275076324867,0.35366637344841334,1.2366294691098854,2.6766026389247712,2.0497507942184314,24128.71210708432,SYNTHETIC_PROTOTYPE_DATA,False
emina-creamatte-047,emina-creamatte,lip_cream,0.7532514025810166,0.9558233284579125,0.877402726550091,1.8593244298124398,5.5067065555987975,4.768087914825795,40958.90714638627,SYNTHETIC_PROTOTYPE_DATA,False
emina-creamatte-048,emina-creamatte,lip_cream,0.09272442932749606,0.32140421734314406,0.20180431780913638,1.2370114981909428,2.640228853756994,2.113275967267643,20376.19333683286,SYNTHETIC_PROTOTYPE_DATA,False
emina-creamatte-049,emina-creamatte,lip_cream,0.5343440785826288,0.606333360251031,0.5596867934035531,1.5499112565277402,3.9854690644287047,3.439577392626431,31243.727334406212,SYNTHETIC_PROTOTYPE_DATA,False
emina-creamatte-050,emina-creamatte,lip_cream,0.4379667053937951,0.8217684084188724,0.33445981339008213,1.6055153110829616,4.16085286238776,3.6683907438135934,26282.89862360579,SYNTHETIC_PROTOTYPE_DATA,False
emina-creamatte-051,emina-creamatte,lip_cream,0.83211095781616,0.591171027151214,0.8108822307124058,1.6414033345763477,4.563145025740213,3.7822325513575454,38910.09932830312,SYNTHETIC_PROTOTYPE_DATA,False
emina-creamatte-052,emina-creamatte,lip_cream,0.5852396313334566,0.46034503440839086,0.6041159596972562,1.4858982487399803,3.7344066161854412,3.0835801532986418,32214.74666370766,SYNTHETIC_PROTOTYPE_DATA,False
emina-creamatte-053,emina-creamatte,lip_cream,0.6350655854320284,0.7677097568615819,0.7938532897456778,1.7101871427568416,4.8252753892686515,4.117481726853165,37615.08489848437,SYNTHETIC_PROTOTYPE_DATA,False
emina-creamatte-054,emina-creamatte,lip_cream,0.3311951048459704,0.8354145509475023,0.7895373404287575,1.7208710141400716,4.782373307808899,4.085356925745629,35547.55328424673,SYNTHETIC_PROTOTYPE_DATA,False
emina-creamatte-055,emina-creamatte,lip_cream,0.2675078318828172,0.5515596983604774,0.575207501837923,1.4846218854362156,3.815042236369326,3.0464596818913487,29700.026491783283,SYNTHETIC_PROTOTYPE_DATA,False
emina-creamatte-056,emina-creamatte,lip_cream,0.527424756222509,0.1776464138369099,0.5845697563208702,1.3149240845519046,3.086995691346527,2.225081260141631,30607.786636327142,SYNTHETIC_PROTOTYPE_DATA,False
emina-creamatte-057,emina-creamatte,lip_cream,0.6345154536418653,0.27441473370248265,0.26119113835489477,1.313201775728745,2.901258746891537,2.3251093543411137,24075.615465857205,SYNTHETIC_PROTOTYPE_DATA,False
emina-creamatte-058,emina-creamatte,lip_cream,0.253930445272201,0.5023499323654296,0.6247020744916282,1.4626384783096809,3.6912256663377954,3.010576370025895,30478.86578515932,SYNTHETIC_PROTOTYPE_DATA,False
emina-creamatte-059,emina-creamatte,lip_cream,0.16224709743780533,0.41774092128350776,0.2747622642176247,1.3165397407043795,2.9794013047272307,2.4294372457392455,22464.61958774872,SYNTHETIC_PROTOTYPE_DATA,False
emina-creamatte-060,emina-creamatte,lip_cream,0.8918442004598867,0.38173082383543977,0.8260333187844389,1.5292698524618684,4.017155998637136,3.1716264519542134,39109.006951243224,SYNTHETIC_PROTOTYPE_DATA,False
emina-creamatte-061,emina-creamatte,lip_cream,0.34949016480758355,0.6807646688238311,0.41032881668205357,1.5165448640933825,3.914743378435334,3.34459245133642,27048.016917475306,SYNTHETIC_PROTOTYPE_DATA,False
emina-creamatte-062,emina-creamatte,lip_cream,0.542967407304728,0.24809854666478112,0.6536807923973805,1.3710303935783457,3.305940887993874,2.569709862359222,32396.386314304556,SYNTHETIC_PROTOTYPE_DATA,False
emina-creamatte-063,emina-creamatte,lip_cream,0.15285812462903553,0.44982150715787306,0.38010363842720496,1.3593196498560398,3.147201120747611,2.620434795163028,24586.955835007997,SYNTHETIC_PROTOTYPE_DATA,False
emina-creamatte-064,emina-creamatte,lip_cream,0.17756014719106178,0.6358706061669528,0.49406575105830774,1.4886672165099468,3.80920787305083,3.216481026271203,27678.814960665917,SYNTHETIC_PROTOTYPE_DATA,False
emina-creamatte-065,emina-creamatte,lip_cream,0.21112184899427647,0.657743454405196,0.18065548343381363,1.429501154155207,3.3779391547666395,3.0324149143505954,21171.60719867384,SYNTHETIC_PROTOTYPE_DATA,False
emina-creamatte-066,emina-creamatte,lip_cream,0.6439387096411926,0.4297480962326924,0.677022789892905,1.488367371213702,3.842347117130712,3.0699241529068506,34098.61312425604,SYNTHETIC_PROTOTYPE_DATA,False
emina-creamatte-067,emina-creamatte,lip_cream,0.08920836750160764,0.42052145793953677,0.08009777689840464,1.2557504291081711,2.7062442487284692,2.2876095061397903,18076.45485473269,SYNTHETIC_PROTOTYPE_DATA,False
emina-creamatte-068,emina-creamatte,lip_cream,0.6385610803312743,0.8578611746999747,0.13787911961993213,1.6043405245446833,4.000436600839992,3.853825520018593,22988.298696649646,SYNTHETIC_PROTOTYPE_DATA,False
emina-creamatte-069,emina-creamatte,lip_cream,0.6083439625027476,0.3624460170064052,0.5878187654797489,1.4253489002597108,3.55643602030105,2.7919409821012953,31614.321448747385,SYNTHETIC_PROTOTYPE_DATA,False
emina-creamatte-070,emina-creamatte,lip_cream,0.23608599886506623,0.5412565063656198,0.5883323776091821,1.4690103049614351,3.7742541273619548,3.0425183098747146,29647.646730891018,SYNTHETIC_PROTOTYPE_DATA,False
emina-creamatte-071,emina-creamatte,lip_cream,0.28734172232840927,0.3493648509635353,0.2928500751657139,1.3025839774275516,2.970859856280842,2.3450097472340112,23382.916625976355,SYNTHETIC_PROTOTYPE_DATA,False
emina-creamatte-072,emina-creamatte,lip_cream,0.14432730336106644,0.259370211951374,0.8083279504060222,1.3373787016162968,3.289472111514581,2.5005593182655037,33059.99628116089,SYNTHETIC_PROTOTYPE_DATA,False
emina-creamatte-073,emina-creamatte,lip_cream,0.21617804332748755,0.21043282405587635,0.5433493195012106,1.2666080230695036,2.8615251864770155,2.195655830092912,27943.885963660123,SYNTHETIC_PROTOTYPE_DATA,False
emina-creamatte-074,emina-creamatte,lip_cream,0.30557138435772363,0.8213966945587922,0.5537975631251407,1.6431255264490072,4.388579397742647,3.7973651620356246,30245.27085706643,SYNTHETIC_PROTOTYPE_DATA,False
emina-creamatte-075,emina-creamatte,lip_cream,0.4629521456027219,0.2476399600072333,0.49795479234535217,1.3271191238441888,3.090009194976702,2.340328673486296,28339.858214791762,SYNTHETIC_PROTOTYPE_DATA,False
emina-creamatte-076,emina-creamatte,lip_cream,0.7462363003684193,0.6567492207416379,0.38770302296351755,1.5711866715372365,3.9956808186552344,3.5405340497345223,28702.082169975936,SYNTHETIC_PROTOTYPE_DATA,False
emina-creamatte-077,emina-creamatte,lip_cream,0.1253617860866669,0.19821798832065035,0.9212478342292904,1.3311763256879063,3.314928163932893,2.4174336122477627,35219.84319117564,SYNTHETIC_PROTOTYPE_DATA,False
emina-creamatte-078,emina-creamatte,lip_cream,0.792234277678822,0.8780736647113845,0.3784492469286246,1.6889744929082744,4.485891521159063,4.171614069786681,29373.390643279658,SYNTHETIC_PROTOTYPE_DATA,False
emina-creamatte-079,emina-creamatte,lip_cream,0.4726816781317885,0.6107789655897242,0.09080109764296165,1.4366886129462908,3.2973244714343997,2.974039597015349,20539.52925395422,SYNTHETIC_PROTOTYPE_DATA,False
emina-creamatte-080,emina-creamatte,lip_cream,0.32732396794716984,0.38320829380264443,0.4211886941950228,1.3555858987645086,3.254754888801695,2.583232211426999,26255.222608032953,SYNTHETIC_PROTOTYPE_DATA,False
emina-creamatte-081,emina-creamatte,lip_cream,0.3990501608010499,0.8730161919745215,0.5502074808026708,1.6809267082709431,4.594983964747928,3.991445717381306,30908.81792738174,SYNTHETIC_PROTOTYPE_DATA,False
emina-creamatte-082,emina-creamatte,lip_cream,0.204377635145272,0.4987245029142514,0.6274434186097259,1.4546512705110424,3.691231843679327,2.961775458037705,30229.52524328368,SYNTHETIC_PROTOTYPE_DATA,False
emina-creamatte-083,emina-creamatte,lip_cream,0.4313616487569979,0.6845340418793775,0.6709475144839604,1.612728919896083,4.321198063490762,3.62424110100659,33183.058328511266,SYNTHETIC_PROTOTYPE_DATA,False
emina-creamatte-084,emina-creamatte,lip_cream,0.7434393232491504,0.20384750686307063,0.45528603862512057,1.3347271252449895,3.0634099387661595,2.330679822649542,29110.470239638547,SYNTHETIC_PROTOTYPE_DATA,False
emina-creamatte-085,emina-creamatte,lip_cream,0.694036921938831,0.2595984688383559,0.6110352670223151,1.3858930568588388,3.3891152180363386,2.558578716172999,32462.12282052889,SYNTHETIC_PROTOTYPE_DATA,False
emina-creamatte-086,emina-creamatte,lip_cream,0.6640381767959137,0.6708292999506656,0.48970800563897815,1.6028274396151427,4.090278292573014,3.6597639235512167,30724.361357100508,SYNTHETIC_PROTOTYPE_DATA,False
emina-creamatte-087,emina-creamatte,lip_cream,0.4125719306964565,0.07108113082140528,0.5634030869261846,1.2228052831971452,2.688286203574924,1.8937441882615467,29146.041480126216,SYNTHETIC_PROTOTYPE_DATA,False
emina-creamatte-088,emina-creamatte,lip_cream,0.43214735779745156,0.10409392526152622,0.19571203700846143,1.1844082804446139,2.338435515902821,1.7141218154084592,21195.649839265076,SYNTHETIC_PROTOTYPE_DATA,False
emina-creamatte-089,emina-creamatte,lip_cream,0.30567016761951044,0.3821509148579551,0.23417930618935565,1.3169869415709614,2.9286246461017686,2.426444433986747,22207.738730597604,SYNTHETIC_PROTOTYPE_DATA,False
emina-creamatte-090,emina-creamatte,lip_cream,0.40483558559186233,0.6719204278136722,0.9129867138218867,1.6542988078633771,4.622793747316697,3.7714475484476604,38284.74483825344,SYNTHETIC_PROTOTYPE_DATA,False
emina-creamatte-091,emina-creamatte,lip_cream,0.9314210883215553,0.3890810147840263,0.9392486397911669,1.5589785727759837,4.22737670606079,3.2951905711507083,42145.794388620714,SYNTHETIC_PROTOTYPE_DATA,False
emina-creamatte-092,emina-creamatte,lip_cream,0.3632486956455814,0.7990157830872257,0.5517425866805684,1.6353637189371437,4.3617621883172335,3.794982943689237,30577.05874426193,SYNTHETIC_PROTOTYPE_DATA,False
emina-creamatte-093,emina-creamatte,lip_cream,0.9548168715879087,0.35964537024884646,0.4929591521760566,1.4535621111678987,3.59979803429224,2.9244664916421734,31634.15504856334,SYNTHETIC_PROTOTYPE_DATA,False
emina-creamatte-094,emina-creamatte,lip_cream,0.661568619272701,0.6896194528986398,0.139047903961319,1.5152807232922292,3.672516064394393,3.3908433051229467,22565.91022530659,SYNTHETIC_PROTOTYPE_DATA,False
emina-creamatte-095,emina-creamatte,lip_cream,0.7507102260556562,0.37019107578764626,0.5519470869616726,1.439905581822021,3.5490274769391936,2.9059785811835828,31783.81553064207,SYNTHETIC_PROTOTYPE_DATA,False
